{"textures":{"0":"glorious:entity/nocsy_cat4"},"elements":[{"from":[5.859558,6.2373414,7.9012017],"to":[9.28813,9.665913,7.944059],"rotation":{"angle":-22.5,"axis":"x","origin":[8.0,8.0,8.0]},"faces":{"east":{"uv":[6.75,12.0,7.0,13.5],"rotation":0,"texture":"#0","tintindex":0},"south":{"uv":[0.0,6.5,1.5,8.0],"rotation":0,"texture":"#0","tintindex":0},"north":{"uv":[6.0,5.25,7.5,6.75],"rotation":0,"texture":"#0","tintindex":0},"west":{"uv":[7.25,12.0,7.5,13.5],"rotation":0,"texture":"#0","tintindex":0},"up":{"uv":[9.25,12.25,7.75,12.0],"rotation":0,"texture":"#0","tintindex":0},"down":{"uv":[11.0,12.0,9.5,12.25],"rotation":0,"texture":"#0","tintindex":0}}},{"from":[5.859558,7.917501,4.555805],"to":[9.28813,7.960358,7.9843764],"rotation":{"angle":0.0,"axis":"y","origin":[8.0,8.0,8.0]},"faces":{"east":{"uv":[12.25,0.0,13.75,0.25],"rotation":0,"texture":"#0","tintindex":0},"south":{"uv":[12.25,0.5,13.75,0.75],"rotation":0,"texture":"#0","tintindex":0},"north":{"uv":[0.0,12.25,1.5,12.5],"rotation":0,"texture":"#0","tintindex":0},"west":{"uv":[1.75,12.25,3.25,12.5],"rotation":0,"texture":"#0","tintindex":0},"up":{"uv":[5.0,8.5,3.5,7.0],"rotation":0,"texture":"#0","tintindex":0},"down":{"uv":[6.75,7.0,5.25,8.5],"rotation":0,"texture":"#0","tintindex":0}}}],"display":{"head":{"translation":[0.0,-6.4,0.0],"scale":[4.0,4.0,4.0]}}}