{"textures":{"1":"custom:entity/project/texture"},"elements":[{"faces":{"north":{"uv":[1.125,8,1.875,8.5],"texture":"#1","tintindex":0},"east":{"uv":[0,8,1.125,8.5],"texture":"#1","tintindex":0},"south":{"uv":[3,8,3.75,8.5],"texture":"#1","tintindex":0},"west":{"uv":[1.875,8,3,8.5],"texture":"#1","tintindex":0},"up":{"uv":[1.875,8,1.125,6.875],"texture":"#1","tintindex":0},"down":{"uv":[2.625,6.875,1.875,8],"texture":"#1","tintindex":0}},"to":[9.2,11,6.4],"from":[6.8,9.4,2.8],"rotation":{"angle":0,"axis":"y","origin":[8,-1,10.4]}},{"faces":{"north":{"uv":[5.25,5.125,6.5,6.75],"texture":"#1","tintindex":0},"east":{"uv":[4.375,5.125,5.25,6.75],"texture":"#1","tintindex":0},"south":{"uv":[7.375,5.125,8.625,6.75],"texture":"#1","tintindex":0},"west":{"uv":[6.5,5.125,7.375,6.75],"texture":"#1","tintindex":0},"up":{"uv":[6.5,5.125,5.25,4.25],"texture":"#1","tintindex":0},"down":{"uv":[7.75,4.25,6.5,5.125],"texture":"#1","tintindex":0}},"to":[10,9.4,8],"from":[6,4.2,5.2],"rotation":{"angle":0,"axis":"y","origin":[8,-1.8,10.4]}},{"faces":{"north":{"uv":[6.375,0.875,7.375,2.125],"texture":"#1","tintindex":0},"east":{"uv":[5.5,0.875,6.375,2.125],"texture":"#1","tintindex":0},"south":{"uv":[8.25,0.875,9.25,2.125],"texture":"#1","tintindex":0},"west":{"uv":[7.375,0.875,8.25,2.125],"texture":"#1","tintindex":0},"up":{"uv":[7.375,0.875,6.375,0],"texture":"#1","tintindex":0},"down":{"uv":[8.375,0,7.375,0.875],"texture":"#1","tintindex":0}},"to":[9.6,12.2,7.6],"from":[6.4,8.2,4.8],"rotation":{"angle":0,"axis":"y","origin":[8,-1,10.4]}},{"faces":{"north":{"uv":[4.125,4,4.5,4.5],"texture":"#1","tintindex":0},"east":{"uv":[3.875,4,4.125,4.5],"texture":"#1","tintindex":0},"south":{"uv":[4.75,4,5.125,4.5],"texture":"#1","tintindex":0},"west":{"uv":[4.5,4,4.75,4.5],"texture":"#1","tintindex":0},"up":{"uv":[4.5,4,4.125,3.75],"texture":"#1","tintindex":0},"down":{"uv":[4.875,3.75,4.5,4],"texture":"#1","tintindex":0}},"to":[9.55502,13.34564,6.8],"from":[8.35502,11.74564,6],"rotation":{"angle":0,"axis":"y","origin":[9.2,12.2,6.4]}},{"faces":{"north":{"uv":[4.5,4,4.125,4.5],"texture":"#1","tintindex":0},"east":{"uv":[4.75,4,4.5,4.5],"texture":"#1","tintindex":0},"south":{"uv":[5.125,4,4.75,4.5],"texture":"#1","tintindex":0},"west":{"uv":[4.125,4,3.875,4.5],"texture":"#1","tintindex":0},"up":{"uv":[4.125,4,4.5,3.75],"texture":"#1","tintindex":0},"down":{"uv":[4.5,3.75,4.875,4],"texture":"#1","tintindex":0}},"to":[7.64498,13.34564,6.8],"from":[6.44498,11.74564,6],"rotation":{"angle":0,"axis":"y","origin":[6.8,12.2,6.4]}},{"faces":{"north":{"uv":[4.375,0.375,4.375,1.25],"texture":"#1","tintindex":0},"east":{"uv":[4.25,0.375,4.375,1.25],"texture":"#1","tintindex":0},"south":{"uv":[4.25,0.375,4.25,1.25],"texture":"#1","tintindex":0},"west":{"uv":[4.375,0.375,4.5,1.25],"texture":"#1","tintindex":0},"up":{"uv":[4.375,0.375,4.25,0.375],"rotation":90,"texture":"#1","tintindex":0},"down":{"uv":[4.5,0.375,4.375,0.375],"rotation":270,"texture":"#1","tintindex":0}},"to":[9.2,9.4,4.8],"from":[9.2,6.6,4.4],"rotation":{"angle":0,"axis":"y","origin":[7.6,4.6,6.4]}},{"faces":{"north":{"uv":[4.375,0.375,4.375,1.25],"texture":"#1","tintindex":0},"east":{"uv":[4.5,0.375,4.375,1.25],"texture":"#1","tintindex":0},"south":{"uv":[4.25,0.375,4.25,1.25],"texture":"#1","tintindex":0},"west":{"uv":[4.375,0.375,4.25,1.25],"texture":"#1","tintindex":0},"up":{"uv":[4.25,0.375,4.375,0.375],"rotation":270,"texture":"#1","tintindex":0},"down":{"uv":[4.375,0.375,4.5,0.375],"rotation":90,"texture":"#1","tintindex":0}},"to":[6.8,9.4,4.8],"from":[6.8,6.6,4.4],"rotation":{"angle":0,"axis":"y","origin":[8.4,4.6,6.4]}}],"display":{"head":{"translation":[0,5.6,0],"scale":[4,4,4],"rotation":[0,0,0]}}}