{"textures":{"0":"glorious:entity/nocsy_cat1"},"elements":[{"from":[7.0571427,5.7726254,7.3454614],"to":[8.6,8.45834,8.888319],"rotation":{"angle":0.0,"axis":"y","origin":[7.8285713,6.342857,8.285714]},"faces":{"east":{"uv":[0.875,5.0,1.25,5.625],"rotation":0,"texture":"#0","tintindex":0},"south":{"uv":[4.25,5.0,4.625,5.625],"rotation":0,"texture":"#0","tintindex":0},"north":{"uv":[0.875,1.5,1.25,2.125],"rotation":0,"texture":"#0","tintindex":0},"west":{"uv":[4.75,5.0,5.125,5.625],"rotation":0,"texture":"#0","tintindex":0},"up":{"uv":[6.625,4.625,6.25,4.25],"rotation":0,"texture":"#0","tintindex":0},"down":{"uv":[5.875,6.25,5.5,6.625],"rotation":0,"texture":"#0","tintindex":0}}}],"display":{"head":{"translation":[0.0,-6.4,0.0],"scale":[4.0,4.0,4.0]}}}