{
	"credit": "Made with Blockbench",
	"texture_size": [32, 32],
	"textures": {
		"0": "glorious:item/nightclubfurniture/nightclub_chair_3",
		"particle": "glorious:item/nightclubfurniture/nightclub_chair_3"
	},
	"elements": [
		{
			"from": [7, 1, 7],
			"to": [9, 8, 9],
			"faces": {
				"north": {"uv": [5, 5, 6, 8.5], "texture": "#0"},
				"east": {"uv": [5, 5, 6, 8.5], "texture": "#0"},
				"south": {"uv": [5, 5, 6, 8.5], "texture": "#0"},
				"west": {"uv": [5, 5, 6, 8.5], "texture": "#0"}
			}
		},
		{
			"from": [3, 8, 3],
			"to": [13, 10, 13],
			"faces": {
				"north": {"uv": [5, 1.5, 10, 2.5], "texture": "#0"},
				"east": {"uv": [5, 1.5, 10, 2.5], "texture": "#0"},
				"south": {"uv": [5, 1.5, 10, 2.5], "texture": "#0"},
				"west": {"uv": [5, 1.5, 10, 2.5], "texture": "#0"},
				"up": {"uv": [5, 5, 0, 0], "texture": "#0"},
				"down": {"uv": [5, 5, 0, 10], "texture": "#0"}
			}
		},
		{
			"from": [3, 10, 10],
			"to": [13, 13, 13],
			"faces": {
				"north": {"uv": [5, 1.5, 10, 0], "texture": "#0"},
				"east": {"uv": [7, 2.5, 8.5, 4], "texture": "#0"},
				"south": {"uv": [5, 0, 10, 1.5], "texture": "#0"},
				"west": {"uv": [7, 2.5, 8.5, 4], "texture": "#0"},
				"up": {"uv": [10, 1.5, 5, 0], "texture": "#0"}
			}
		},
		{
			"from": [6, 0, 6],
			"to": [10, 1, 10],
			"faces": {
				"north": {"uv": [5, 4.5, 7, 5], "texture": "#0"},
				"east": {"uv": [5, 4.5, 7, 5], "texture": "#0"},
				"south": {"uv": [5, 4.5, 7, 5], "texture": "#0"},
				"west": {"uv": [5, 4.5, 7, 5], "texture": "#0"},
				"up": {"uv": [7, 4.5, 5, 2.5], "texture": "#0"},
				"down": {"uv": [7, 2.5, 5, 4.5], "texture": "#0"}
			}
		}
	],
	"gui_light": "front",
	"display": {
		"thirdperson_righthand": {
			"translation": [0, 3, 2],
			"scale": [0.55, 0.55, 0.55]
		},
		"thirdperson_lefthand": {
			"translation": [0, 3, 2],
			"scale": [0.55, 0.55, 0.55]
		},
		"firstperson_righthand": {
			"rotation": [-14, 3, 0],
			"translation": [-2.37, 3.2, 1.13],
			"scale": [0.68, 0.68, 0.68]
		},
		"firstperson_lefthand": {
			"rotation": [-14, 3, 0],
			"translation": [-2.37, 3.2, 1.13],
			"scale": [0.68, 0.68, 0.68]
		},
		"ground": {
			"translation": [0, 2, 0],
			"scale": [0.5, 0.5, 0.5]
		},
		"gui": {
			"rotation": [30, 225, 0],
			"scale": [0.625, 0.625, 0.625]
		},
		"head": {
			"rotation": [0, -180, 0],
			"translation": [0, -29, 0],
			"scale": [1.8, 1.8, 1.8]
		},
		"fixed": {
			"rotation": [0, 180, 0]
		}
	}
}