{
	"credit": "Made with Blockbench",
	"textures": {
		"0": "glorious:item/balloon/air_balloon",
		"particle": "glorious:item/balloon/air_balloon",
		"flame": "glorious:item/balloon/flame"
	},
	"elements": [
		{
			"from": [16.9, 25.9, 16.9],
			"to": [-0.9, 18.1, -0.9],
			"rotation": {"angle": 0, "axis": "y", "origin": [8, 14, 8]},
			"faces": {
				"north": {"uv": [7.438, 15, 9.6255, 16], "rotation": 180, "texture": "#0", "tintindex": 0},
				"east": {"uv": [7.438, 15, 9.6255, 16], "rotation": 180, "texture": "#0", "tintindex": 0},
				"south": {"uv": [7.438, 15, 9.6255, 16], "rotation": 180, "texture": "#0", "tintindex": 0},
				"west": {"uv": [7.438, 15, 9.6255, 16], "rotation": 180, "texture": "#0", "tintindex": 0}
			}
		},
		{
			"from": [-4.1, 17.9, -4.1],
			"to": [20.1, 26.1, 20.1],
			"rotation": {"angle": 0, "axis": "y", "origin": [8, 14, 8]},
			"faces": {
				"north": {"uv": [7, 15, 10, 16], "texture": "#0", "tintindex": 0},
				"east": {"uv": [7, 15, 10, 16], "texture": "#0", "tintindex": 0},
				"south": {"uv": [7, 15, 10, 16], "texture": "#0", "tintindex": 0},
				"west": {"uv": [7, 15, 10, 16], "texture": "#0", "tintindex": 0},
				"up": {"uv": [6, 8, 6.1865, 8.115], "texture": "#0", "tintindex": 0}
			}
		},
		{
			"from": [-1.5, -15.5, -1.5],
			"to": [17.5, -10, -1.5],
			"rotation": {"angle": 0, "axis": "y", "origin": [8, 14, 8]},
			"faces": {
				"north": {"uv": [5, 12, 7.375, 12.68], "texture": "#0"},
				"south": {"uv": [5, 12, 7.375, 12.68], "texture": "#0"}
			}
		},
		{
			"from": [-1.5, -15.5, -1.5],
			"to": [-1.5, -10, 17.5],
			"rotation": {"angle": 0, "axis": "y", "origin": [8, 14, 8]},
			"faces": {
				"east": {"uv": [5, 12, 7.375, 12.68], "texture": "#0"},
				"west": {"uv": [5, 12, 7.375, 12.68], "texture": "#0"}
			}
		},
		{
			"from": [17.5, -15.5, -1.5],
			"to": [17.5, -10, 17.5],
			"rotation": {"angle": 0, "axis": "y", "origin": [8, 14, 8]},
			"faces": {
				"east": {"uv": [5, 12, 7.375, 12.68], "texture": "#0"},
				"west": {"uv": [5, 12, 7.375, 12.68], "texture": "#0"}
			}
		},
		{
			"from": [-1.5, -15.5, 17.5],
			"to": [17.5, -10, 17.5],
			"rotation": {"angle": 0, "axis": "y", "origin": [8, 14, 8]},
			"faces": {
				"north": {"uv": [5, 12, 7.375, 12.68], "texture": "#0"},
				"south": {"uv": [5, 12, 7.375, 12.68], "texture": "#0"}
			}
		},
		{
			"from": [-4, 18, -4],
			"to": [20, 26, 20],
			"rotation": {"angle": 0, "axis": "y", "origin": [8, 14, 8]},
			"faces": {
				"north": {"uv": [1, 5, 4, 6], "texture": "#0"},
				"east": {"uv": [1, 5, 4, 6], "texture": "#0"},
				"south": {"uv": [1, 5, 4, 6], "texture": "#0"},
				"west": {"uv": [1, 5, 4, 6], "texture": "#0"},
				"up": {"uv": [7.063, 8.375, 8.563, 9.875], "texture": "#0"},
				"down": {"uv": [4, 13, 7, 16], "texture": "#0"}
			}
		},
		{
			"from": [-4, -10, -4],
			"to": [20, 2, 20],
			"rotation": {"angle": 0, "axis": "y", "origin": [8, 14, 8]},
			"faces": {
				"north": {"uv": [7, 13, 10, 14.5], "texture": "#0"},
				"east": {"uv": [1, 8.0005, 4, 9.5005], "texture": "#0"},
				"south": {"uv": [1, 8.0005, 4, 9.5005], "texture": "#0"},
				"west": {"uv": [1, 8.0005, 4, 9.5005], "texture": "#0"},
				"up": {"uv": [1, 9.5, 4, 12.5], "rotation": 180, "texture": "#0"},
				"down": {"uv": [1, 13, 4, 16], "texture": "#0"}
			}
		},
		{
			"from": [20, 2, 20],
			"to": [-4, -10, -4],
			"rotation": {"angle": 0, "axis": "y", "origin": [8, 14, 8]},
			"faces": {
				"north": {"uv": [1, 8.0005, 4, 9.5005], "rotation": 180, "texture": "#0"},
				"east": {"uv": [1, 8.0005, 4, 9.5005], "rotation": 180, "texture": "#0"},
				"south": {"uv": [7.0005, 13, 10.0005, 14.5], "rotation": 180, "texture": "#0"},
				"west": {"uv": [1, 8.0005, 4, 9.5005], "rotation": 180, "texture": "#0"},
				"up": {"uv": [1, 13, 4, 16], "texture": "#0"},
				"down": {"uv": [1, 9.5, 4, 12.5], "rotation": 180, "texture": "#0"}
			}
		},
		{
			"from": [18, 2, 18],
			"to": [-2, -9, -2],
			"rotation": {"angle": 0, "axis": "y", "origin": [8, 14, 8]},
			"faces": {
				"north": {"uv": [1.25, 8, 3.75, 9.375], "rotation": 180, "texture": "#0"},
				"east": {"uv": [1.25, 8, 3.75, 9.375], "rotation": 180, "texture": "#0"},
				"south": {"uv": [7.25, 13, 9.75, 14.375], "rotation": 180, "texture": "#0"},
				"west": {"uv": [1.25, 8, 3.75, 9.375], "rotation": 180, "texture": "#0"},
				"up": {"uv": [1.25, 13.25, 3.75, 15.75], "texture": "#0"}
			}
		},
		{
			"from": [-2, -9, -2],
			"to": [18, 2, 18],
			"rotation": {"angle": 0, "axis": "y", "origin": [8, 14, 8]},
			"faces": {
				"north": {"uv": [7.25, 13, 9.75, 14.375], "texture": "#0"},
				"east": {"uv": [1.25, 8, 3.75, 9.375], "texture": "#0"},
				"south": {"uv": [1.25, 8, 3.75, 9.375], "texture": "#0"},
				"west": {"uv": [1.25, 8, 3.75, 9.375], "texture": "#0"},
				"down": {"uv": [1.25, 13.25, 3.75, 15.75], "texture": "#0"}
			}
		},
		{
			"from": [17, 26, 17],
			"to": [-1, 18, -1],
			"rotation": {"angle": 0, "axis": "y", "origin": [8, 14, 8]},
			"faces": {
				"north": {"uv": [1.375, 5, 3.625, 6], "rotation": 180, "texture": "#0"},
				"east": {"uv": [1.375, 5, 3.625, 6], "rotation": 180, "texture": "#0"},
				"south": {"uv": [1.375, 5, 3.625, 6], "rotation": 180, "texture": "#0"},
				"west": {"uv": [1.375, 5, 3.625, 6], "rotation": 180, "texture": "#0"}
			}
		},
		{
			"from": [-3.5, 2, -3.5],
			"to": [-2, 18, -2],
			"rotation": {"angle": 0, "axis": "y", "origin": [8, 14, 8]},
			"faces": {
				"north": {"uv": [3.75, 6.0005, 3.93, 8], "texture": "#0"},
				"east": {"uv": [3.75, 6.0005, 3.93, 8], "texture": "#0"},
				"south": {"uv": [3.75, 6.0005, 3.93, 8], "texture": "#0"},
				"west": {"uv": [3.75, 6.0005, 3.93, 8], "texture": "#0"}
			}
		},
		{
			"from": [-3.5, 2, 18],
			"to": [-2, 18, 19.5],
			"rotation": {"angle": 0, "axis": "y", "origin": [8, 14, 29]},
			"faces": {
				"north": {"uv": [3.75, 6.0005, 3.93, 8], "texture": "#0"},
				"east": {"uv": [3.75, 6.0005, 3.93, 8], "texture": "#0"},
				"south": {"uv": [3.75, 6.0005, 3.93, 8], "texture": "#0"},
				"west": {"uv": [3.75, 6.0005, 3.93, 8], "texture": "#0"}
			}
		},
		{
			"from": [18, 2, -3.5],
			"to": [19.5, 18, -2],
			"rotation": {"angle": 0, "axis": "y", "origin": [8, 14, 8]},
			"faces": {
				"north": {"uv": [3.75, 6.0005, 3.93, 8], "texture": "#0"},
				"east": {"uv": [3.75, 6.0005, 3.93, 8], "texture": "#0"},
				"south": {"uv": [3.75, 6.0005, 3.93, 8], "texture": "#0"},
				"west": {"uv": [3.75, 6.0005, 3.93, 8], "texture": "#0"}
			}
		},
		{
			"from": [-2, 13, -3],
			"to": [18, 18, -3],
			"rotation": {"angle": 0, "axis": "y", "origin": [8, 14, 8]},
			"faces": {
				"north": {"uv": [1.313, 6, 3.688, 6.625], "texture": "#0"},
				"south": {"uv": [1.313, 6, 3.688, 6.625], "texture": "#0"}
			}
		},
		{
			"from": [18, 2, 18],
			"to": [19.5, 18, 19.5],
			"rotation": {"angle": 0, "axis": "y", "origin": [8, 14, 29]},
			"faces": {
				"north": {"uv": [3.75, 6.0005, 3.93, 8], "texture": "#0"},
				"east": {"uv": [3.75, 6.0005, 3.93, 8], "texture": "#0"},
				"south": {"uv": [3.75, 6.0005, 3.93, 8], "texture": "#0"},
				"west": {"uv": [3.75, 6.0005, 3.93, 8], "texture": "#0"}
			}
		},
		{
			"from": [19, 13, -2],
			"to": [19, 18, 18],
			"rotation": {"angle": 0, "axis": "y", "origin": [8, 14, 8]},
			"faces": {
				"east": {"uv": [1.313, 6, 3.688, 6.625], "texture": "#0"},
				"west": {"uv": [1.313, 6, 3.688, 6.625], "texture": "#0"}
			}
		},
		{
			"from": [-2, 13, 19],
			"to": [18, 18, 19],
			"rotation": {"angle": 0, "axis": "y", "origin": [8, 14, 8]},
			"faces": {
				"north": {"uv": [1.313, 6, 3.688, 6.625], "texture": "#0"},
				"south": {"uv": [1.313, 6, 3.688, 6.625], "texture": "#0"}
			}
		},
		{
			"from": [-3, 13, -2],
			"to": [-3, 18, 18],
			"rotation": {"angle": 0, "axis": "y", "origin": [8, 14, 8]},
			"faces": {
				"east": {"uv": [1.313, 6, 3.688, 6.625], "texture": "#0"},
				"west": {"uv": [1.313, 6, 3.688, 6.625], "texture": "#0"}
			}
		},
		{
			"from": [11.5, -10, -4],
			"to": [11.5, 2, -2],
			"faces": {
				"east": {"uv": [4.0625, 8, 4.3125, 9.5005], "texture": "#0"},
				"west": {"uv": [4.0625, 8, 4.3125, 9.5005], "texture": "#0"}
			}
		},
		{
			"from": [4.5, -10, -4],
			"to": [4.5, 2, -2],
			"faces": {
				"east": {"uv": [4.0625, 8, 4.3125, 9.5005], "texture": "#0"},
				"west": {"uv": [4.0625, 8, 4.3125, 9.5005], "texture": "#0"}
			}
		},
		{
			"from": [4.5, -9, -4],
			"to": [11.5, -9, -2],
			"faces": {
				"up": {"uv": [2.063, 9.5, 2.938, 9.75], "texture": "#0"},
				"down": {"uv": [2.063, 9.5, 2.938, 9.75], "texture": "#0"}
			}
		},
		{
			"from": [5.5, 18.1, 5.5],
			"to": [10.5, 22.6, 10.5],
			"rotation": {"angle": 0, "axis": "y", "origin": [13, 22, 13]},
			"faces": {
				"north": {"uv": [4.188, 11.438, 4.813, 12], "texture": "#0"},
				"east": {"uv": [4.188, 11.438, 4.813, 12], "texture": "#0"},
				"south": {"uv": [4.188, 11.438, 4.813, 12], "texture": "#0"},
				"west": {"uv": [4.188, 11.438, 4.813, 12], "texture": "#0"},
				"up": {"uv": [4.188, 10.8755, 4.813, 11.5], "texture": "#0"},
				"down": {"uv": [4.188, 12, 4.813, 12.625], "texture": "#0"}
			}
		},
		{
			"from": [10.5, 22.6, 10.5],
			"to": [5.5, 18.1, 5.5],
			"rotation": {"angle": 0, "axis": "y", "origin": [13, 22, 13]},
			"faces": {
				"north": {"uv": [4.188, 11.438, 4.813, 12], "rotation": 180, "texture": "#0"},
				"east": {"uv": [4.188, 11.438, 4.813, 12], "rotation": 180, "texture": "#0"},
				"south": {"uv": [4.188, 11.438, 4.813, 12], "rotation": 180, "texture": "#0"},
				"west": {"uv": [4.188, 11.438, 4.813, 12], "rotation": 180, "texture": "#0"},
				"up": {"uv": [4.188, 12, 4.813, 12.625], "texture": "#0"},
				"down": {"uv": [4.188, 10.8755, 4.813, 11.5], "texture": "#0"}
			}
		},
		{
			"from": [9, 7.5, 6.5],
			"to": [9.5, 18.5, 7],
			"faces": {
				"north": {"uv": [4.063, 10.9375, 4.1255, 12.3125], "texture": "#0"},
				"east": {"uv": [4.063, 10.9375, 4.1255, 12.3125], "texture": "#0"},
				"south": {"uv": [4.063, 10.9375, 4.1255, 12.3125], "texture": "#0"},
				"west": {"uv": [4.063, 10.9375, 4.1255, 12.3125], "texture": "#0"},
				"up": {"uv": [4.063, 10.9375, 4.1255, 11], "texture": "#0"},
				"down": {"uv": [4.063, 12.25, 4.1255, 12.3125], "texture": "#0"}
			}
		},
		{
			"from": [8, 19, 4],
			"to": [8, 32, 12],
			"rotation": {"angle": -45, "axis": "y", "origin": [8, 8, 8]},
			"faces": {
				"east": {"uv": [0, 3, 8, 16], "texture": "#flame"},
				"west": {"uv": [0, 3, 8, 16], "texture": "#flame"}
			}
		},
		{
			"from": [4, 19, 8],
			"to": [12, 32, 8],
			"rotation": {"angle": -45, "axis": "y", "origin": [8, 8, 8]},
			"faces": {
				"north": {"uv": [0, 3, 8, 16], "texture": "#flame"},
				"south": {"uv": [0, 3, 8, 16], "texture": "#flame"}
			}
		}
	],
	"display": {
		"thirdperson_righthand": {
			"rotation": [53, 36, 0],
			"translation": [0, 0.75, 0],
			"scale": [0.2, 0.2, 0.2]
		},
		"thirdperson_lefthand": {
			"rotation": [53, 36, 0],
			"translation": [0, 0.75, 0],
			"scale": [0.2, 0.2, 0.2]
		},
		"firstperson_righthand": {
			"rotation": [0, 49, 0],
			"translation": [19.75, 6.5, -17.75]
		},
		"firstperson_lefthand": {
			"rotation": [0, 49, 0],
			"translation": [19.75, 6.5, -17.75]
		},
		"ground": {
			"translation": [0, 6.25, 0],
			"scale": [0.2, 0.2, 0.2]
		},
		"gui": {
			"rotation": [30, 45, 0],
			"translation": [0, 0.5, 0],
			"scale": [0.31, 0.31, 0.31]
		},
		"head": {
			"translation": [0, -12, 0],
			"scale": [3.2, 3.2, 3.2]
		},
		"fixed": {
			"scale": [0.4, 0.4, 0.4]
		}
	},
	"groups": [
		{
			"name": "air_balloon_bottom",
			"origin": [8, 8, 8],
			"color": 0,
			"children": [
				{
					"name": "group",
					"origin": [8, 8, 8],
					"color": 0,
					"children": [
						{
							"name": "group",
							"origin": [8, 14, 8],
							"color": 0,
							"children": [0, 1]
						},
						2,
						3,
						4,
						5,
						6,
						7,
						8,
						9,
						10,
						11,
						12,
						13,
						14,
						15,
						16,
						17,
						18,
						19,
						20,
						21
					]
				},
				22,
				{
					"name": "group",
					"origin": [8, 8, 8],
					"color": 0,
					"children": [23, 24]
				},
				25,
				26,
				27
			]
		}
	]
}