{
	"credit": "Made by PolygonMC",
	"textures": {
		"0": "glorious:item/easterset/key",
		"particle": "glorious:item/easterset/key"
	},
	"elements": [
		{
			"from": [7.5, 7.5, 7],
			"to": [8.5, 8.5, 9],
			"rotation": {"angle": 0, "axis": "y", "origin": [7.5, 4.5, 7]},
			"faces": {
				"east": {"uv": [4, 7, 6, 8], "texture": "#0"},
				"west": {"uv": [0, 8, 2, 9], "texture": "#0"},
				"up": {"uv": [9, 2, 8, 0], "texture": "#0"},
				"down": {"uv": [5, 8, 4, 10], "texture": "#0"}
			}
		},
		{
			"from": [7.25, 7.25, 4],
			"to": [8.75, 8.75, 7],
			"rotation": {"angle": 0, "axis": "y", "origin": [7.5, 4.5, 7]},
			"faces": {
				"north": {"uv": [2, 7, 3.5, 8.5], "texture": "#0"},
				"east": {"uv": [0, 3, 3, 4.5], "texture": "#0"},
				"south": {"uv": [7, 2, 8.5, 3.5], "texture": "#0"},
				"west": {"uv": [3, 0, 6, 1.5], "texture": "#0"},
				"up": {"uv": [4.5, 5, 3, 2], "texture": "#0"},
				"down": {"uv": [1.5, 5, 0, 8], "texture": "#0"}
			}
		},
		{
			"from": [7.25, 7.25, 9],
			"to": [8.75, 8.75, 10.5],
			"rotation": {"angle": 0, "axis": "y", "origin": [7.75, 4.25, 7]},
			"faces": {
				"north": {"uv": [2, 5, 3.5, 6.5], "texture": "#0"},
				"east": {"uv": [5, 2, 6.5, 3.5], "texture": "#0"},
				"south": {"uv": [4, 5, 5.5, 6.5], "texture": "#0"},
				"west": {"uv": [6, 0, 7.5, 1.5], "texture": "#0"},
				"up": {"uv": [7.5, 5.5, 6, 4], "texture": "#0"},
				"down": {"uv": [7.5, 6, 6, 7.5], "texture": "#0"}
			}
		},
		{
			"from": [7.75, 6.25, 4.25],
			"to": [8.25, 7.25, 5.25],
			"rotation": {"angle": 0, "axis": "y", "origin": [7.75, 5.25, 4.5]},
			"faces": {
				"north": {"uv": [5, 8, 5.5, 9], "texture": "#0"},
				"east": {"uv": [5, 4, 6, 5], "texture": "#0"},
				"south": {"uv": [8, 5, 8.5, 6], "texture": "#0"},
				"west": {"uv": [8, 4, 9, 5], "texture": "#0"},
				"down": {"uv": [6.5, 8, 6, 9], "texture": "#0"}
			}
		},
		{
			"from": [7.75, 6.25, 5.75],
			"to": [8.25, 7.25, 6.75],
			"rotation": {"angle": 0, "axis": "y", "origin": [7.75, 5.25, 4.5]},
			"faces": {
				"north": {"uv": [5, 8, 5.5, 9], "texture": "#0"},
				"east": {"uv": [5, 4, 6, 5], "texture": "#0"},
				"south": {"uv": [8, 5, 8.5, 6], "texture": "#0"},
				"west": {"uv": [8, 4, 9, 5], "texture": "#0"},
				"down": {"uv": [6.5, 8, 6, 9], "texture": "#0"}
			}
		},
		{
			"from": [7.975, 6.25, 10.5],
			"to": [8.025, 9.25, 13.5],
			"rotation": {"angle": 0, "axis": "y", "origin": [7.975, 6.75, 10.5]},
			"faces": {
				"east": {"uv": [3, 0, 0, 3], "texture": "#0"},
				"west": {"uv": [0, 0, 3, 3], "texture": "#0"}
			}
		}
	],
	"gui_light": "front",
	"display": {
		"thirdperson_righthand": {
			"rotation": [80.75, 0, 0],
			"translation": [0, 1.5, -0.5]
		},
		"thirdperson_lefthand": {
			"rotation": [80.75, 0, 0],
			"translation": [0, 1.5, -0.5]
		},
		"firstperson_righthand": {
			"rotation": [35, 0, -35],
			"translation": [0, 4.25, 0.75],
			"scale": [1.50391, 1.50391, 1.50391]
		},
		"firstperson_lefthand": {
			"rotation": [35, 0, -35],
			"translation": [0, 4.25, 0.75],
			"scale": [1.50391, 1.50391, 1.50391]
		},
		"ground": {
			"rotation": [45, 0, 0],
			"translation": [0, 6.5, 0],
			"scale": [1.40625, 1.40625, 1.40625]
		},
		"gui": {
			"rotation": [-90, 135, 90],
			"translation": [0.5, 1.75, 0],
			"scale": [2, 2, 2]
		},
		"head": {
			"scale": [0, 0, 0]
		},
		"fixed": {
			"rotation": [90, -45, 90],
			"translation": [0, 1.75, -1.25],
			"scale": [2.14453, 2.14453, 2.14453]
		}
	}
}