{"textures":{"0":"glorious:entity/lawnmower"},"elements":[{"from":[3.4285712,6.8165326,5.142857],"to":[5.714286,9.183468,6.857143],"rotation":{"angle":0.0,"axis":"y","origin":[8.0,8.0,8.0]},"faces":{"east":{"uv":[4.75,7.75,4.375,8.25],"rotation":0,"texture":"#0","tintindex":0},"south":{"uv":[8.0,4.375,7.5,4.875],"rotation":0,"texture":"#0","tintindex":0},"north":{"uv":[4.125,6.0,3.625,6.5],"rotation":0,"texture":"#0","tintindex":0},"west":{"uv":[3.625,6.75,3.25,7.25],"rotation":0,"texture":"#0","tintindex":0},"up":{"uv":[7.75,1.375,8.25,1.0],"rotation":0,"texture":"#0","tintindex":0},"down":{"uv":[4.75,7.75,5.25,8.125],"rotation":0,"texture":"#0","tintindex":0}}},{"from":[3.4285712,6.8165326,5.142857],"to":[5.714286,9.183468,6.857143],"rotation":{"angle":45.0,"axis":"x","origin":[8.0,8.0,8.0]},"faces":{"east":{"uv":[4.75,7.75,4.375,8.25],"rotation":0,"texture":"#0","tintindex":0},"south":{"uv":[8.0,4.375,7.5,4.875],"rotation":0,"texture":"#0","tintindex":0},"north":{"uv":[4.125,6.0,3.625,6.5],"rotation":0,"texture":"#0","tintindex":0},"west":{"uv":[3.625,6.75,3.25,7.25],"rotation":0,"texture":"#0","tintindex":0},"up":{"uv":[7.75,1.375,8.25,1.0],"rotation":0,"texture":"#0","tintindex":0},"down":{"uv":[4.75,7.75,5.25,8.125],"rotation":0,"texture":"#0","tintindex":0}}},{"from":[3.4285712,6.8165326,5.142857],"to":[5.714286,9.183468,6.857143],"rotation":{"angle":-45.0,"axis":"x","origin":[8.0,8.0,8.0]},"faces":{"east":{"uv":[4.75,7.75,4.375,8.25],"rotation":0,"texture":"#0","tintindex":0},"south":{"uv":[8.0,4.375,7.5,4.875],"rotation":0,"texture":"#0","tintindex":0},"north":{"uv":[4.125,6.0,3.625,6.5],"rotation":0,"texture":"#0","tintindex":0},"west":{"uv":[3.625,6.75,3.25,7.25],"rotation":0,"texture":"#0","tintindex":0},"up":{"uv":[7.75,1.375,8.25,1.0],"rotation":0,"texture":"#0","tintindex":0},"down":{"uv":[4.75,7.75,5.25,8.125],"rotation":0,"texture":"#0","tintindex":0}}},{"from":[3.4285712,6.8165326,9.142858],"to":[5.714286,9.183468,10.857143],"rotation":{"angle":45.0,"axis":"x","origin":[8.0,8.0,8.0]},"faces":{"east":{"uv":[4.375,7.75,4.75,8.25],"rotation":0,"texture":"#0","tintindex":0},"south":{"uv":[3.625,6.0,4.125,6.5],"rotation":0,"texture":"#0","tintindex":0},"north":{"uv":[7.5,4.375,8.0,4.875],"rotation":0,"texture":"#0","tintindex":0},"west":{"uv":[3.25,6.75,3.625,7.25],"rotation":0,"texture":"#0","tintindex":0},"up":{"uv":[7.75,1.0,8.25,1.375],"rotation":0,"texture":"#0","tintindex":0},"down":{"uv":[4.75,8.125,5.25,7.75],"rotation":0,"texture":"#0","tintindex":0}}},{"from":[3.4285712,6.8165326,9.142858],"to":[5.714286,9.183468,10.857143],"rotation":{"angle":0.0,"axis":"y","origin":[8.0,8.0,8.0]},"faces":{"east":{"uv":[4.375,7.75,4.75,8.25],"rotation":0,"texture":"#0","tintindex":0},"south":{"uv":[3.625,6.0,4.125,6.5],"rotation":0,"texture":"#0","tintindex":0},"north":{"uv":[7.5,4.375,8.0,4.875],"rotation":0,"texture":"#0","tintindex":0},"west":{"uv":[3.25,6.75,3.625,7.25],"rotation":0,"texture":"#0","tintindex":0},"up":{"uv":[7.75,1.0,8.25,1.375],"rotation":0,"texture":"#0","tintindex":0},"down":{"uv":[4.75,8.125,5.25,7.75],"rotation":0,"texture":"#0","tintindex":0}}},{"from":[3.4285712,5.142857,6.8165326],"to":[5.714286,6.857143,9.183468],"rotation":{"angle":0.0,"axis":"y","origin":[8.0,8.0,8.0]},"faces":{"east":{"uv":[4.75,8.25,4.375,7.75],"rotation":90,"texture":"#0","tintindex":0},"south":{"uv":[7.75,1.0,8.25,1.375],"rotation":0,"texture":"#0","tintindex":0},"north":{"uv":[4.75,8.125,5.25,7.75],"rotation":180,"texture":"#0","tintindex":0},"west":{"uv":[3.625,7.25,3.25,6.75],"rotation":270,"texture":"#0","tintindex":0},"up":{"uv":[7.5,4.375,8.0,4.875],"rotation":180,"texture":"#0","tintindex":0},"down":{"uv":[3.625,6.0,4.125,6.5],"rotation":0,"texture":"#0","tintindex":0}}},{"from":[3.4285712,9.142858,6.8165326],"to":[5.714286,10.857143,9.183468],"rotation":{"angle":0.0,"axis":"y","origin":[8.0,8.0,8.0]},"faces":{"east":{"uv":[4.375,8.25,4.75,7.75],"rotation":90,"texture":"#0","tintindex":0},"south":{"uv":[7.75,1.375,8.25,1.0],"rotation":0,"texture":"#0","tintindex":0},"north":{"uv":[4.75,7.75,5.25,8.125],"rotation":180,"texture":"#0","tintindex":0},"west":{"uv":[3.25,7.25,3.625,6.75],"rotation":270,"texture":"#0","tintindex":0},"up":{"uv":[3.625,6.5,4.125,6.0],"rotation":0,"texture":"#0","tintindex":0},"down":{"uv":[7.5,4.875,8.0,4.375],"rotation":180,"texture":"#0","tintindex":0}}},{"from":[3.4285712,6.8165326,9.142858],"to":[5.714286,9.183468,10.857143],"rotation":{"angle":-45.0,"axis":"x","origin":[8.0,8.0,8.0]},"faces":{"east":{"uv":[4.375,7.75,4.75,8.25],"rotation":0,"texture":"#0","tintindex":0},"south":{"uv":[3.625,6.0,4.125,6.5],"rotation":0,"texture":"#0","tintindex":0},"north":{"uv":[7.5,4.375,8.0,4.875],"rotation":0,"texture":"#0","tintindex":0},"west":{"uv":[3.25,6.75,3.625,7.25],"rotation":0,"texture":"#0","tintindex":0},"up":{"uv":[7.75,1.0,8.25,1.375],"rotation":0,"texture":"#0","tintindex":0},"down":{"uv":[4.75,8.125,5.25,7.75],"rotation":0,"texture":"#0","tintindex":0}}}],"display":{"head":{"translation":[0.0,-6.4,0.0],"scale":[4.0,4.0,4.0]}}}