{"textures":{"0":"glorious:entity/lawnmower"},"elements":[{"from":[5.542857,5.283156,12.2935505],"to":[11.028572,6.6545844,17.779264],"rotation":{"angle":0.0,"axis":"y","origin":[8.285714,7.8366747,17.043415]},"faces":{"east":{"uv":[7.375,7.0,8.375,7.25],"rotation":0,"texture":"#0","tintindex":0},"south":{"uv":[7.5,2.875,8.5,3.125],"rotation":0,"texture":"#0","tintindex":0},"north":{"uv":[5.875,3.25,6.875,3.5],"rotation":0,"texture":"#0","tintindex":0},"west":{"uv":[4.375,7.5,5.375,7.75],"rotation":0,"texture":"#0","tintindex":0},"up":{"uv":[1.0,5.625,0.0,4.625],"rotation":0,"texture":"#0","tintindex":0},"down":{"uv":[6.0,0.0,5.0,1.0],"rotation":0,"texture":"#0","tintindex":0}}},{"from":[6.2285714,5.734457,17.20498],"to":[10.342857,9.848743,18.57641],"rotation":{"angle":22.5,"axis":"x","origin":[8.285714,7.8366747,17.043415]},"faces":{"east":{"uv":[5.375,7.5,5.625,8.25],"rotation":0,"texture":"#0","tintindex":0},"south":{"uv":[5.875,6.5,6.625,7.25],"rotation":0,"texture":"#0","tintindex":0},"north":{"uv":[0.0,6.5,0.75,7.25],"rotation":0,"texture":"#0","tintindex":0},"west":{"uv":[5.625,7.5,5.875,8.25],"rotation":0,"texture":"#0","tintindex":0},"up":{"uv":[7.5,7.75,6.75,7.5],"rotation":0,"texture":"#0","tintindex":0},"down":{"uv":[8.25,7.5,7.5,7.75],"rotation":0,"texture":"#0","tintindex":0}}},{"from":[5.714286,2.2857141,2.2857141],"to":[10.857143,7.428571,9.714286],"rotation":{"angle":0.0,"axis":"y","origin":[8.0,-1.7142859,13.714286]},"faces":{"east":{"uv":[3.375,1.125,1.75,2.25],"rotation":0,"texture":"#0","tintindex":0},"south":{"uv":[1.125,3.875,2.25,5.0],"rotation":0,"texture":"#0","tintindex":0},"north":{"uv":[0.0,3.5,1.125,4.625],"rotation":0,"texture":"#0","tintindex":0},"west":{"uv":[1.75,1.125,3.375,2.25],"rotation":0,"texture":"#0","tintindex":0},"up":{"uv":[2.875,3.875,1.75,2.25],"rotation":0,"texture":"#0","tintindex":0},"down":{"uv":[4.0,2.25,2.875,3.875],"rotation":0,"texture":"#0","tintindex":0}}},{"from":[6.285714,2.236693,3.5875282],"to":[10.285714,5.665265,7.0161],"rotation":{"angle":-45.0,"axis":"x","origin":[8.285714,3.0938358,6.7303853]},"faces":{"east":{"uv":[3.625,6.625,4.375,7.375],"rotation":0,"texture":"#0","tintindex":0},"south":{"uv":[1.875,6.0,2.75,6.75],"rotation":0,"texture":"#0","tintindex":0},"north":{"uv":[6.0,0.0,6.875,0.75],"rotation":0,"texture":"#0","tintindex":0},"west":{"uv":[6.625,6.5,7.375,7.25],"rotation":0,"texture":"#0","tintindex":0},"up":{"uv":[3.625,6.75,2.75,6.0],"rotation":0,"texture":"#0","tintindex":0},"down":{"uv":[6.875,4.375,6.0,5.125],"rotation":0,"texture":"#0","tintindex":0}}},{"from":[6.285714,1.1428566,13.714286],"to":[10.285714,4.5714283,18.857143],"rotation":{"angle":0.0,"axis":"y","origin":[6.5714283,3.142857,15.142858]},"faces":{"east":{"uv":[1.875,5.25,3.0,6.0],"rotation":0,"texture":"#0","tintindex":0},"south":{"uv":[5.0,6.125,5.875,6.875],"rotation":0,"texture":"#0","tintindex":0},"north":{"uv":[0.875,6.125,1.75,6.875],"rotation":0,"texture":"#0","tintindex":0},"west":{"uv":[3.0,5.25,4.125,6.0],"rotation":0,"texture":"#0","tintindex":0},"up":{"uv":[1.875,6.125,1.0,5.0],"rotation":0,"texture":"#0","tintindex":0},"down":{"uv":[5.875,1.0,5.0,2.125],"rotation":0,"texture":"#0","tintindex":0}}},{"from":[6.857143,2.2857141,9.714286],"to":[9.714286,4.5714283,13.714286],"rotation":{"angle":0.0,"axis":"y","origin":[8.0,-1.7142859,13.714286]},"faces":{"east":{"uv":[6.875,5.625,7.75,6.125],"rotation":0,"texture":"#0","tintindex":0},"south":{"uv":[2.625,7.5,3.25,8.0],"rotation":0,"texture":"#0","tintindex":0},"north":{"uv":[2.0,7.5,2.625,8.0],"rotation":0,"texture":"#0","tintindex":0},"west":{"uv":[5.875,7.25,6.75,7.75],"rotation":0,"texture":"#0","tintindex":0},"up":{"uv":[5.0,7.5,4.375,6.625],"rotation":0,"texture":"#0","tintindex":0},"down":{"uv":[7.5,4.375,6.875,5.25],"rotation":0,"texture":"#0","tintindex":0}}},{"from":[4.5714283,2.2857141,8.571428],"to":[12.0,2.8571424,13.714286],"rotation":{"angle":0.0,"axis":"y","origin":[8.0,-1.7142859,13.714286]},"faces":{"east":{"uv":[5.75,5.625,6.875,5.75],"rotation":0,"texture":"#0","tintindex":0},"south":{"uv":[7.5,3.125,9.125,3.25],"rotation":0,"texture":"#0","tintindex":0},"north":{"uv":[6.875,0.625,8.5,0.75],"rotation":0,"texture":"#0","tintindex":0},"west":{"uv":[7.5,6.375,8.625,6.5],"rotation":0,"texture":"#0","tintindex":0},"up":{"uv":[5.0,1.125,3.375,0.0],"rotation":0,"texture":"#0","tintindex":0},"down":{"uv":[5.0,1.125,3.375,2.25],"rotation":0,"texture":"#0","tintindex":0}}},{"from":[4.5714283,4.4857454,13.901826],"to":[12.0,5.628603,17.330397],"rotation":{"angle":-22.5,"axis":"x","origin":[8.285714,4.342889,17.901825]},"faces":{"east":{"uv":[7.625,0.75,8.375,1.0],"rotation":0,"texture":"#0","tintindex":0},"south":{"uv":[6.75,7.25,8.375,7.5],"rotation":0,"texture":"#0","tintindex":0},"north":{"uv":[6.0,0.75,7.625,1.0],"rotation":0,"texture":"#0","tintindex":0},"west":{"uv":[7.625,1.375,8.375,1.625],"rotation":0,"texture":"#0","tintindex":0},"up":{"uv":[3.875,4.625,2.25,3.875],"rotation":0,"texture":"#0","tintindex":0},"down":{"uv":[5.5,3.875,3.875,4.625],"rotation":0,"texture":"#0","tintindex":0}}},{"from":[4.5714283,4.1692,16.881874],"to":[12.0,5.3120575,19.167587],"rotation":{"angle":0.0,"axis":"y","origin":[8.285714,4.0263433,20.881874]},"faces":{"east":{"uv":[5.5,4.375,6.0,4.625],"rotation":0,"texture":"#0","tintindex":0},"south":{"uv":[7.375,6.75,9.0,7.0],"rotation":0,"texture":"#0","tintindex":0},"north":{"uv":[7.375,6.5,9.0,6.75],"rotation":0,"texture":"#0","tintindex":0},"west":{"uv":[7.75,7.75,8.25,8.0],"rotation":0,"texture":"#0","tintindex":0},"up":{"uv":[5.75,5.75,4.125,5.25],"rotation":0,"texture":"#0","tintindex":0},"down":{"uv":[7.125,3.5,5.5,4.0],"rotation":0,"texture":"#0","tintindex":0}}},{"from":[4.5714283,2.2857141,13.714286],"to":[12.0,4.0,14.857143],"rotation":{"angle":0.0,"axis":"y","origin":[8.0,-1.7142859,13.714286]},"faces":{"east":{"uv":[8.0,3.25,8.25,3.625],"rotation":0,"texture":"#0","tintindex":0},"south":{"uv":[5.875,6.125,7.5,6.5],"rotation":0,"texture":"#0","tintindex":0},"north":{"uv":[5.875,2.875,7.5,3.25],"rotation":0,"texture":"#0","tintindex":0},"west":{"uv":[3.375,8.0,3.625,8.375],"rotation":0,"texture":"#0","tintindex":0},"up":{"uv":[9.0,4.125,7.375,3.875],"rotation":0,"texture":"#0","tintindex":0},"down":{"uv":[9.0,4.125,7.375,4.375],"rotation":0,"texture":"#0","tintindex":0}}},{"from":[4.285714,0.5714283,6.857143],"to":[12.285715,2.2857141,14.857143],"rotation":{"angle":0.0,"axis":"y","origin":[8.0,-1.7142859,13.714286]},"faces":{"east":{"uv":[5.875,1.75,7.625,2.125],"rotation":0,"texture":"#0","tintindex":0},"south":{"uv":[5.875,2.125,7.625,2.5],"rotation":0,"texture":"#0","tintindex":0},"north":{"uv":[5.875,1.375,7.625,1.75],"rotation":0,"texture":"#0","tintindex":0},"west":{"uv":[5.875,2.5,7.625,2.875],"rotation":0,"texture":"#0","tintindex":0},"up":{"uv":[1.75,1.75,0.0,0.0],"rotation":0,"texture":"#0","tintindex":0},"down":{"uv":[1.75,1.75,0.0,3.5],"rotation":0,"texture":"#0","tintindex":0}}},{"from":[11.56444,0.7142854,10.483236],"to":[13.850154,1.8571424,13.911808],"rotation":{"angle":-22.5,"axis":"y","origin":[12.421583,1.2857141,12.197522]},"faces":{"east":{"uv":[7.625,1.625,8.375,1.875],"rotation":0,"texture":"#0","tintindex":0},"south":{"uv":[1.125,7.875,1.625,8.125],"rotation":0,"texture":"#0","tintindex":0},"north":{"uv":[0.0,7.875,0.5,8.125],"rotation":0,"texture":"#0","tintindex":0},"west":{"uv":[7.625,1.875,8.375,2.125],"rotation":0,"texture":"#0","tintindex":0},"up":{"uv":[4.375,8.125,3.875,7.375],"rotation":0,"texture":"#0","tintindex":0},"down":{"uv":[1.125,7.5,0.625,8.25],"rotation":0,"texture":"#0","tintindex":0}}},{"from":[6.285714,4.5714283,13.142858],"to":[10.285714,5.142857,17.142857],"rotation":{"angle":0.0,"axis":"y","origin":[8.0,-0.57142925,13.714286]},"faces":{"east":{"uv":[6.0,5.125,6.875,5.25],"rotation":0,"texture":"#0","tintindex":0},"south":{"uv":[1.625,8.0,2.5,8.125],"rotation":0,"texture":"#0","tintindex":0},"north":{"uv":[5.0,2.125,5.875,2.25],"rotation":0,"texture":"#0","tintindex":0},"west":{"uv":[2.5,8.0,3.375,8.125],"rotation":0,"texture":"#0","tintindex":0},"up":{"uv":[0.875,6.5,0.0,5.625],"rotation":0,"texture":"#0","tintindex":0},"down":{"uv":[5.0,5.75,4.125,6.625],"rotation":0,"texture":"#0","tintindex":0}}},{"from":[6.285714,6.619707,6.7907076],"to":[10.285714,8.333993,9.64785],"rotation":{"angle":-22.5,"axis":"x","origin":[7.714286,7.191136,7.6478505]},"faces":{"east":{"uv":[1.125,3.5,1.75,3.875],"rotation":0,"texture":"#0","tintindex":0},"south":{"uv":[1.125,7.5,2.0,7.875],"rotation":0,"texture":"#0","tintindex":0},"north":{"uv":[4.0,3.5,4.875,3.875],"rotation":0,"texture":"#0","tintindex":0},"west":{"uv":[4.875,3.5,5.5,3.875],"rotation":0,"texture":"#0","tintindex":0},"up":{"uv":[7.75,0.625,6.875,0.0],"rotation":0,"texture":"#0","tintindex":0},"down":{"uv":[1.625,6.875,0.75,7.5],"rotation":0,"texture":"#0","tintindex":0}}},{"from":[6.285714,6.7761264,4.132887],"to":[10.285714,7.9189835,6.99003],"rotation":{"angle":0.0,"axis":"y","origin":[7.714286,6.7761264,4.418601]},"faces":{"east":{"uv":[7.75,0.375,8.375,0.625],"rotation":0,"texture":"#0","tintindex":0},"south":{"uv":[7.5,6.125,8.375,6.375],"rotation":0,"texture":"#0","tintindex":0},"north":{"uv":[7.5,4.875,8.375,5.125],"rotation":0,"texture":"#0","tintindex":0},"west":{"uv":[7.75,5.5,8.375,5.75],"rotation":0,"texture":"#0","tintindex":0},"up":{"uv":[5.875,7.5,5.0,6.875],"rotation":0,"texture":"#0","tintindex":0},"down":{"uv":[8.0,3.25,7.125,3.875],"rotation":0,"texture":"#0","tintindex":0}}},{"from":[7.142857,6.333993,9.076422],"to":[9.428572,8.048279,10.790708],"rotation":{"angle":-22.5,"axis":"x","origin":[7.714286,7.191136,7.6478505]},"faces":{"east":{"uv":[7.75,5.75,8.125,6.125],"rotation":0,"texture":"#0","tintindex":0},"south":{"uv":[7.625,2.5,8.125,2.875],"rotation":0,"texture":"#0","tintindex":0},"north":{"uv":[7.625,2.125,8.125,2.5],"rotation":0,"texture":"#0","tintindex":0},"west":{"uv":[5.875,7.75,6.25,8.125],"rotation":0,"texture":"#0","tintindex":0},"up":{"uv":[8.125,5.5,7.625,5.125],"rotation":0,"texture":"#0","tintindex":0},"down":{"uv":[8.25,0.0,7.75,0.375],"rotation":0,"texture":"#0","tintindex":0}}},{"from":[7.714286,6.619707,10.790708],"to":[8.857143,7.762564,11.362136],"rotation":{"angle":-22.5,"axis":"x","origin":[7.714286,7.191136,7.6478505]},"faces":{"east":{"uv":[1.0,4.625,1.125,4.875],"rotation":0,"texture":"#0","tintindex":0},"south":{"uv":[0.0,8.125,0.25,8.375],"rotation":0,"texture":"#0","tintindex":0},"north":{"uv":[6.875,3.25,7.125,3.5],"rotation":0,"texture":"#0","tintindex":0},"west":{"uv":[0.875,5.625,1.0,5.875],"rotation":0,"texture":"#0","tintindex":0},"up":{"uv":[3.875,6.625,3.625,6.5],"rotation":0,"texture":"#0","tintindex":0},"down":{"uv":[4.125,6.5,3.875,6.625],"rotation":0,"texture":"#0","tintindex":0}}},{"from":[6.5714283,5.4768496,11.362136],"to":[10.0,8.905421,11.933565],"rotation":{"angle":-22.5,"axis":"x","origin":[7.714286,7.191136,7.6478505]},"faces":{"east":{"uv":[5.25,7.75,5.375,8.5],"rotation":0,"texture":"#0","tintindex":0},"south":{"uv":[2.5,6.75,3.25,7.5],"rotation":0,"texture":"#0","tintindex":0},"north":{"uv":[1.75,6.75,2.5,7.5],"rotation":0,"texture":"#0","tintindex":0},"west":{"uv":[0.5,7.875,0.625,8.625],"rotation":0,"texture":"#0","tintindex":0},"up":{"uv":[8.75,3.75,8.0,3.625],"rotation":0,"texture":"#0","tintindex":0},"down":{"uv":[8.75,3.75,8.0,3.875],"rotation":0,"texture":"#0","tintindex":0}}},{"from":[4.0,0.0,4.0],"to":[12.571428,1.7142854,5.714286],"rotation":{"angle":0.0,"axis":"y","origin":[8.0,-2.285715,10.857143]},"faces":{"east":{"uv":[6.25,7.75,6.625,8.125],"rotation":0,"texture":"#0","tintindex":0},"south":{"uv":[5.0,5.75,6.875,6.125],"rotation":0,"texture":"#0","tintindex":0},"north":{"uv":[5.5,4.0,7.375,4.375],"rotation":0,"texture":"#0","tintindex":0},"west":{"uv":[6.625,7.75,7.0,8.125],"rotation":0,"texture":"#0","tintindex":0},"up":{"uv":[7.625,5.625,5.75,5.25],"rotation":0,"texture":"#0","tintindex":0},"down":{"uv":[7.75,1.0,5.875,1.375],"rotation":0,"texture":"#0","tintindex":0}}},{"from":[4.0,0.0,16.57143],"to":[12.571428,2.8571424,19.428572],"rotation":{"angle":0.0,"axis":"y","origin":[8.0,-1.7142859,10.857143]},"faces":{"east":{"uv":[0.0,7.25,0.625,7.875],"rotation":0,"texture":"#0","tintindex":0},"south":{"uv":[4.0,2.875,5.875,3.5],"rotation":0,"texture":"#0","tintindex":0},"north":{"uv":[4.0,2.25,5.875,2.875],"rotation":0,"texture":"#0","tintindex":0},"west":{"uv":[3.25,7.375,3.875,8.0],"rotation":0,"texture":"#0","tintindex":0},"up":{"uv":[4.125,5.25,2.25,4.625],"rotation":0,"texture":"#0","tintindex":0},"down":{"uv":[6.0,4.625,4.125,5.25],"rotation":0,"texture":"#0","tintindex":0}}}],"display":{"head":{"translation":[0.0,-6.4,0.0],"scale":[4.0,4.0,4.0]}}}