{"textures":{"0":"glorious:entity/lawnmower"},"elements":[{"from":[6.285714,7.1715727,6.0],"to":[8.0,8.828427,7.142857],"rotation":{"angle":45.0,"axis":"x","origin":[7.714286,8.0,8.0]},"faces":{"east":{"uv":[3.625,8.0,3.875,8.375],"rotation":0,"texture":"#0","tintindex":0},"south":{"uv":[7.375,7.75,7.75,8.125],"rotation":0,"texture":"#0","tintindex":0},"north":{"uv":[7.0,7.75,7.375,8.125],"rotation":0,"texture":"#0","tintindex":0},"west":{"uv":[8.0,4.375,8.25,4.75],"rotation":0,"texture":"#0","tintindex":0},"up":{"uv":[2.25,5.25,1.875,5.0],"rotation":0,"texture":"#0","tintindex":0},"down":{"uv":[8.125,8.0,7.75,8.25],"rotation":0,"texture":"#0","tintindex":0}}},{"from":[6.285714,8.857143,7.1715727],"to":[8.0,10.0,8.828427],"rotation":{"angle":0.0,"axis":"y","origin":[7.714286,8.0,8.0]},"faces":{"east":{"uv":[3.625,8.0,3.875,8.375],"rotation":270,"texture":"#0","tintindex":0},"south":{"uv":[2.25,5.25,1.875,5.0],"rotation":0,"texture":"#0","tintindex":0},"north":{"uv":[8.125,8.0,7.75,8.25],"rotation":180,"texture":"#0","tintindex":0},"west":{"uv":[8.0,4.375,8.25,4.75],"rotation":90,"texture":"#0","tintindex":0},"up":{"uv":[7.0,7.75,7.375,8.125],"rotation":180,"texture":"#0","tintindex":0},"down":{"uv":[7.375,7.75,7.75,8.125],"rotation":0,"texture":"#0","tintindex":0}}},{"from":[6.285714,6.0,7.1715727],"to":[8.0,7.142857,8.828427],"rotation":{"angle":0.0,"axis":"y","origin":[7.714286,8.0,8.0]},"faces":{"east":{"uv":[3.875,8.0,3.625,8.375],"rotation":270,"texture":"#0","tintindex":0},"south":{"uv":[2.25,5.0,1.875,5.25],"rotation":0,"texture":"#0","tintindex":0},"north":{"uv":[8.125,8.25,7.75,8.0],"rotation":180,"texture":"#0","tintindex":0},"west":{"uv":[8.25,4.375,8.0,4.75],"rotation":90,"texture":"#0","tintindex":0},"up":{"uv":[7.375,8.125,7.75,7.75],"rotation":0,"texture":"#0","tintindex":0},"down":{"uv":[7.0,8.125,7.375,7.75],"rotation":180,"texture":"#0","tintindex":0}}},{"from":[6.285714,7.1715727,6.0],"to":[8.0,8.828427,7.142857],"rotation":{"angle":-45.0,"axis":"x","origin":[7.714286,8.0,8.0]},"faces":{"east":{"uv":[3.625,8.0,3.875,8.375],"rotation":0,"texture":"#0","tintindex":0},"south":{"uv":[7.375,7.75,7.75,8.125],"rotation":0,"texture":"#0","tintindex":0},"north":{"uv":[7.0,7.75,7.375,8.125],"rotation":0,"texture":"#0","tintindex":0},"west":{"uv":[8.0,4.375,8.25,4.75],"rotation":0,"texture":"#0","tintindex":0},"up":{"uv":[2.25,5.25,1.875,5.0],"rotation":0,"texture":"#0","tintindex":0},"down":{"uv":[8.125,8.0,7.75,8.25],"rotation":0,"texture":"#0","tintindex":0}}},{"from":[6.285714,7.1715727,6.0],"to":[8.0,8.828427,7.142857],"rotation":{"angle":0.0,"axis":"y","origin":[7.714286,8.0,8.0]},"faces":{"east":{"uv":[3.625,8.0,3.875,8.375],"rotation":0,"texture":"#0","tintindex":0},"south":{"uv":[7.375,7.75,7.75,8.125],"rotation":0,"texture":"#0","tintindex":0},"north":{"uv":[7.0,7.75,7.375,8.125],"rotation":0,"texture":"#0","tintindex":0},"west":{"uv":[8.0,4.375,8.25,4.75],"rotation":0,"texture":"#0","tintindex":0},"up":{"uv":[2.25,5.25,1.875,5.0],"rotation":0,"texture":"#0","tintindex":0},"down":{"uv":[8.125,8.0,7.75,8.25],"rotation":0,"texture":"#0","tintindex":0}}},{"from":[6.285714,7.1715727,8.857143],"to":[8.0,8.828427,10.0],"rotation":{"angle":45.0,"axis":"x","origin":[7.714286,8.0,8.0]},"faces":{"east":{"uv":[3.875,8.0,3.625,8.375],"rotation":0,"texture":"#0","tintindex":0},"south":{"uv":[7.375,7.75,7.0,8.125],"rotation":0,"texture":"#0","tintindex":0},"north":{"uv":[7.75,7.75,7.375,8.125],"rotation":0,"texture":"#0","tintindex":0},"west":{"uv":[8.25,4.375,8.0,4.75],"rotation":0,"texture":"#0","tintindex":0},"up":{"uv":[2.25,5.0,1.875,5.25],"rotation":0,"texture":"#0","tintindex":0},"down":{"uv":[8.125,8.25,7.75,8.0],"rotation":0,"texture":"#0","tintindex":0}}},{"from":[6.285714,7.1715727,8.857143],"to":[8.0,8.828427,10.0],"rotation":{"angle":0.0,"axis":"y","origin":[7.714286,8.0,8.0]},"faces":{"east":{"uv":[3.875,8.0,3.625,8.375],"rotation":0,"texture":"#0","tintindex":0},"south":{"uv":[7.375,7.75,7.0,8.125],"rotation":0,"texture":"#0","tintindex":0},"north":{"uv":[7.75,7.75,7.375,8.125],"rotation":0,"texture":"#0","tintindex":0},"west":{"uv":[8.25,4.375,8.0,4.75],"rotation":0,"texture":"#0","tintindex":0},"up":{"uv":[2.25,5.0,1.875,5.25],"rotation":0,"texture":"#0","tintindex":0},"down":{"uv":[8.125,8.25,7.75,8.0],"rotation":0,"texture":"#0","tintindex":0}}},{"from":[6.285714,7.1715727,8.857143],"to":[8.0,8.828427,10.0],"rotation":{"angle":-45.0,"axis":"x","origin":[7.714286,8.0,8.0]},"faces":{"east":{"uv":[3.875,8.0,3.625,8.375],"rotation":0,"texture":"#0","tintindex":0},"south":{"uv":[7.375,7.75,7.0,8.125],"rotation":0,"texture":"#0","tintindex":0},"north":{"uv":[7.75,7.75,7.375,8.125],"rotation":0,"texture":"#0","tintindex":0},"west":{"uv":[8.25,4.375,8.0,4.75],"rotation":0,"texture":"#0","tintindex":0},"up":{"uv":[2.25,5.0,1.875,5.25],"rotation":0,"texture":"#0","tintindex":0},"down":{"uv":[8.125,8.25,7.75,8.0],"rotation":0,"texture":"#0","tintindex":0}}}],"display":{"head":{"translation":[0.0,-6.4,0.0],"scale":[4.0,4.0,4.0]}}}