{"textures":{"0":"glorious:entity/nocsy_cat5"},"elements":[{"from":[7.142857,7.142857,7.428571],"to":[8.857143,8.857143,10.285714],"rotation":{"angle":0.0,"axis":"y","origin":[8.0,8.0,9.428572]},"faces":{"east":{"uv":[5.75,5.75,6.375,6.125],"rotation":0,"texture":"#0","tintindex":0},"south":{"uv":[1.0,7.25,1.375,7.625],"rotation":0,"texture":"#0","tintindex":0},"north":{"uv":[7.125,6.875,7.5,7.25],"rotation":0,"texture":"#0","tintindex":0},"west":{"uv":[5.875,3.375,6.5,3.75],"rotation":0,"texture":"#0","tintindex":0},"up":{"uv":[0.875,6.625,0.5,6.0],"rotation":0,"texture":"#0","tintindex":0},"down":{"uv":[6.375,0.875,6.0,1.5],"rotation":0,"texture":"#0","tintindex":0}}},{"from":[7.142857,8.914286,9.142858],"to":[8.857143,8.914286,10.857143],"rotation":{"angle":-22.5,"axis":"x","origin":[8.0,8.0,9.428572]},"faces":{"east":{"uv":[5.75,5.75,6.375,6.125],"rotation":0,"texture":"#0","tintindex":0},"south":{"uv":[1.0,7.25,1.375,7.625],"rotation":0,"texture":"#0","tintindex":0},"north":{"uv":[7.125,6.875,7.5,7.25],"rotation":0,"texture":"#0","tintindex":0},"west":{"uv":[5.875,3.375,6.5,3.75],"rotation":0,"texture":"#0","tintindex":0},"up":{"uv":[9.5,1.25,9.125,0.875],"rotation":0,"texture":"#0","tintindex":0},"down":{"uv":[9.5,0.875,9.125,1.25],"rotation":0,"texture":"#0","tintindex":0}}},{"from":[7.142857,6.312244,7.604345],"to":[8.857143,6.312244,10.461488],"rotation":{"angle":22.5,"axis":"x","origin":[8.0,7.169387,9.604345]},"faces":{"east":{"uv":[5.75,5.75,6.375,6.125],"rotation":0,"texture":"#0","tintindex":0},"south":{"uv":[1.0,7.25,1.375,7.625],"rotation":0,"texture":"#0","tintindex":0},"north":{"uv":[7.125,6.875,7.5,7.25],"rotation":0,"texture":"#0","tintindex":0},"west":{"uv":[5.875,3.375,6.5,3.75],"rotation":0,"texture":"#0","tintindex":0},"up":{"uv":[8.875,0.625,8.5,0.0],"rotation":0,"texture":"#0","tintindex":0},"down":{"uv":[8.875,0.0,8.5,0.625],"rotation":0,"texture":"#0","tintindex":0}}},{"from":[7.142857,7.1408157,9.604345],"to":[8.857143,7.1408157,12.461488],"rotation":{"angle":22.5,"axis":"x","origin":[8.0,7.169387,9.604345]},"faces":{"east":{"uv":[5.75,5.75,6.375,6.125],"rotation":0,"texture":"#0","tintindex":0},"south":{"uv":[1.0,7.25,1.375,7.625],"rotation":0,"texture":"#0","tintindex":0},"north":{"uv":[7.125,6.875,7.5,7.25],"rotation":0,"texture":"#0","tintindex":0},"west":{"uv":[5.875,3.375,6.5,3.75],"rotation":0,"texture":"#0","tintindex":0},"up":{"uv":[9.375,0.625,9.0,0.0],"rotation":0,"texture":"#0","tintindex":0},"down":{"uv":[9.375,0.0,9.0,0.625],"rotation":0,"texture":"#0","tintindex":0}}},{"from":[7.257143,7.142857,8.571428],"to":[7.257143,8.857143,11.428572],"rotation":{"angle":-22.5,"axis":"y","origin":[7.142857,8.0,8.857143]},"faces":{"east":{"uv":[1.0,6.0,1.625,6.375],"rotation":0,"texture":"#0","tintindex":0},"south":{"uv":[6.625,8.25,6.625,8.625],"rotation":0,"texture":"#0","tintindex":0},"north":{"uv":[6.5,8.25,6.5,8.625],"rotation":0,"texture":"#0","tintindex":0},"west":{"uv":[6.0,1.625,6.625,2.0],"rotation":0,"texture":"#0","tintindex":0},"up":{"uv":[8.25,7.5,8.25,6.875],"rotation":0,"texture":"#0","tintindex":0},"down":{"uv":[8.25,7.625,8.25,8.25],"rotation":0,"texture":"#0","tintindex":0}}},{"from":[8.742857,7.142857,8.571428],"to":[8.742857,8.857143,11.428572],"rotation":{"angle":22.5,"axis":"y","origin":[8.857143,8.0,8.857143]},"faces":{"east":{"uv":[6.125,0.0,6.75,0.375],"rotation":0,"texture":"#0","tintindex":0},"south":{"uv":[8.0,8.25,8.0,8.625],"rotation":0,"texture":"#0","tintindex":0},"north":{"uv":[7.875,8.25,7.875,8.625],"rotation":0,"texture":"#0","tintindex":0},"west":{"uv":[1.75,6.125,2.375,6.5],"rotation":0,"texture":"#0","tintindex":0},"up":{"uv":[0.0,9.0,0.0,8.375],"rotation":0,"texture":"#0","tintindex":0},"down":{"uv":[8.375,0.0,8.375,0.625],"rotation":0,"texture":"#0","tintindex":0}}},{"from":[6.473898,7.142857,6.9059415],"to":[6.473898,8.857143,9.763084],"rotation":{"angle":-22.5,"axis":"y","origin":[6.931041,8.0,9.134513]},"faces":{"east":{"uv":[4.875,6.125,5.5,6.5],"rotation":0,"texture":"#0","tintindex":0},"south":{"uv":[0.25,8.375,0.25,8.75],"rotation":0,"texture":"#0","tintindex":0},"north":{"uv":[0.125,8.375,0.125,8.75],"rotation":0,"texture":"#0","tintindex":0},"west":{"uv":[6.25,2.125,6.875,2.5],"rotation":0,"texture":"#0","tintindex":0},"up":{"uv":[0.375,9.0,0.375,8.375],"rotation":0,"texture":"#0","tintindex":0},"down":{"uv":[8.375,0.75,8.375,1.375],"rotation":0,"texture":"#0","tintindex":0}}},{"from":[9.526102,7.142857,6.9059415],"to":[9.526102,8.857143,9.763084],"rotation":{"angle":22.5,"axis":"y","origin":[9.068959,8.0,9.134513]},"faces":{"east":{"uv":[2.5,6.25,3.125,6.625],"rotation":0,"texture":"#0","tintindex":0},"south":{"uv":[1.125,8.375,1.125,8.75],"rotation":0,"texture":"#0","tintindex":0},"north":{"uv":[1.0,8.375,1.0,8.75],"rotation":0,"texture":"#0","tintindex":0},"west":{"uv":[6.25,2.625,6.875,3.0],"rotation":0,"texture":"#0","tintindex":0},"up":{"uv":[1.25,9.0,1.25,8.375],"rotation":0,"texture":"#0","tintindex":0},"down":{"uv":[1.375,8.375,1.375,9.0],"rotation":0,"texture":"#0","tintindex":0}}}],"display":{"head":{"translation":[0.0,-6.4,0.0],"scale":[4.0,4.0,4.0]}}}