{"textures":{"0":"glorious:entity/nocsy_cat4"},"elements":[{"from":[6.71187,6.2373414,7.9012017],"to":[10.140442,9.665913,7.944059],"rotation":{"angle":-22.5,"axis":"x","origin":[8.0,8.0,8.0]},"faces":{"east":{"uv":[11.25,11.5,11.5,13.0],"rotation":0,"texture":"#0","tintindex":0},"south":{"uv":[6.0,0.0,7.5,1.5],"rotation":0,"texture":"#0","tintindex":0},"north":{"uv":[1.75,5.5,3.25,7.0],"rotation":0,"texture":"#0","tintindex":0},"west":{"uv":[11.75,11.5,12.0,13.0],"rotation":0,"texture":"#0","tintindex":0},"up":{"uv":[13.0,6.25,11.5,6.0],"rotation":0,"texture":"#0","tintindex":0},"down":{"uv":[13.5,1.0,12.0,1.25],"rotation":0,"texture":"#0","tintindex":0}}},{"from":[6.71187,7.917501,4.555805],"to":[10.140442,7.960358,7.9843764],"rotation":{"angle":0.0,"axis":"y","origin":[8.0,8.0,8.0]},"faces":{"east":{"uv":[12.0,3.0,13.5,3.25],"rotation":0,"texture":"#0","tintindex":0},"south":{"uv":[12.0,3.5,13.5,3.75],"rotation":0,"texture":"#0","tintindex":0},"north":{"uv":[12.0,1.5,13.5,1.75],"rotation":0,"texture":"#0","tintindex":0},"west":{"uv":[5.0,12.0,6.5,12.25],"rotation":0,"texture":"#0","tintindex":0},"up":{"uv":[7.5,3.25,6.0,1.75],"rotation":0,"texture":"#0","tintindex":0},"down":{"uv":[7.5,3.5,6.0,5.0],"rotation":0,"texture":"#0","tintindex":0}}}],"display":{"head":{"translation":[0.0,-6.4,0.0],"scale":[4.0,4.0,4.0]}}}