{"textures":{"0":"glorious:entity/nocsy_cat3"},"elements":[{"from":[4.7403827,7.363572,7.9717064],"to":[8.168954,10.792144,8.014564],"rotation":{"angle":22.5,"axis":"z","origin":[5.997525,9.077858,7.9717064]},"faces":{"east":{"uv":[9.0,11.25,9.25,12.75],"rotation":0,"texture":"#0","tintindex":0},"south":{"uv":[6.0,0.0,7.5,1.5],"rotation":0,"texture":"#0","tintindex":0},"north":{"uv":[1.75,5.5,3.25,7.0],"rotation":0,"texture":"#0","tintindex":0},"west":{"uv":[9.5,11.25,9.75,12.75],"rotation":0,"texture":"#0","tintindex":0},"up":{"uv":[12.25,8.25,10.75,8.0],"rotation":0,"texture":"#0","tintindex":0},"down":{"uv":[1.5,11.5,0.0,11.75],"rotation":0,"texture":"#0","tintindex":0}}},{"from":[7.863016,7.363572,7.9717064],"to":[11.291588,10.792144,8.014564],"rotation":{"angle":-22.5,"axis":"z","origin":[10.034445,9.077858,7.9717064]},"faces":{"east":{"uv":[9.75,11.25,9.5,12.75],"rotation":0,"texture":"#0","tintindex":0},"south":{"uv":[7.5,0.0,6.0,1.5],"rotation":0,"texture":"#0","tintindex":0},"north":{"uv":[3.25,5.5,1.75,7.0],"rotation":0,"texture":"#0","tintindex":0},"west":{"uv":[9.25,11.25,9.0,12.75],"rotation":0,"texture":"#0","tintindex":0},"up":{"uv":[10.75,8.25,12.25,8.0],"rotation":0,"texture":"#0","tintindex":0},"down":{"uv":[0.0,11.5,1.5,11.75],"rotation":0,"texture":"#0","tintindex":0}}}],"display":{"head":{"translation":[0.0,-6.4,0.0],"scale":[4.0,4.0,4.0]}}}