{"credit":"MadewithBlockbench","texture_size":[128,128],"textures":{"0":"glorious:item/office_decoration_v1/office_shelf","particle":"glorious:item/office_decoration_v1/office_shelf"},"elements":[{"from":[-16,0,8],"to":[16,2,16],"faces":{"north":{"uv":[3.5,3.125,7.5,3.375],"texture":"#0"},"east":{"uv":[3.5,3.375,4.5,3.625],"texture":"#0"},"south":{"uv":[3.5,3.125,7.5,3.375],"texture":"#0"},"west":{"uv":[3.5,3.375,4.5,3.625],"texture":"#0"},"up":{"uv":[7.5,2.125,3.5,1.125],"texture":"#0"},"down":{"uv":[7.5,2.125,3.5,3.125],"texture":"#0"}}},{"from":[-16,30,8],"to":[16,32,16],"rotation":{"angle":0,"axis":"y","origin":[0,16,0]},"faces":{"north":{"uv":[3.5,3.375,7.5,3.125],"texture":"#0"},"east":{"uv":[3.5,3.625,4.5,3.375],"texture":"#0"},"south":{"uv":[3.5,3.375,7.5,3.125],"texture":"#0"},"west":{"uv":[3.5,3.625,4.5,3.375],"texture":"#0"},"up":{"uv":[7.5,3.125,3.5,2.125],"texture":"#0"},"down":{"uv":[7.5,1.125,3.5,2.125],"texture":"#0"}}},{"from":[12,22,8.75],"to":[14,29,13.75],"rotation":{"angle":0,"axis":"y","origin":[0,1,0]},"faces":{"north":{"uv":[4.125,3.625,4.375,4.5],"texture":"#0"},"east":{"uv":[3.5,3.625,4.125,4.5],"texture":"#0"},"south":{"uv":[4.375,3.625,4.625,4.5],"texture":"#0"},"west":{"uv":[3.5,3.625,4.125,4.5],"texture":"#0"},"up":{"uv":[4.875,4.25,4.625,3.625],"texture":"#0"},"down":{"uv":[4.875,3.625,4.625,4.25],"texture":"#0"}}},{"from":[10,22,8.75],"to":[12,29,13.75],"rotation":{"angle":0,"axis":"y","origin":[0,1,0]},"faces":{"north":{"uv":[4.125,5.375,4.375,6.25],"texture":"#0"},"east":{"uv":[3.5,5.375,4.125,6.25],"texture":"#0"},"south":{"uv":[4.375,5.375,4.625,6.25],"texture":"#0"},"west":{"uv":[3.5,5.375,4.125,6.25],"texture":"#0"},"up":{"uv":[4.875,6,4.625,5.375],"texture":"#0"},"down":{"uv":[4.875,5.375,4.625,6],"texture":"#0"}}},{"from":[8,22,9],"to":[10,29,14],"rotation":{"angle":0,"axis":"y","origin":[0,1,0]},"faces":{"north":{"uv":[4.125,4.5,4.375,5.375],"texture":"#0"},"east":{"uv":[3.5,4.5,4.125,5.375],"texture":"#0"},"south":{"uv":[4.375,4.5,4.625,5.375],"texture":"#0"},"west":{"uv":[3.5,4.5,4.125,5.375],"texture":"#0"},"up":{"uv":[4.875,5.125,4.625,4.5],"texture":"#0"},"down":{"uv":[4.875,4.5,4.625,5.125],"texture":"#0"}}},{"from":[-14,22,8.5],"to":[-12,29,13.5],"rotation":{"angle":0,"axis":"y","origin":[0,1,0]},"faces":{"north":{"uv":[4.125,4.5,4.375,5.375],"texture":"#0"},"east":{"uv":[3.5,4.5,4.125,5.375],"texture":"#0"},"south":{"uv":[4.375,4.5,4.625,5.375],"texture":"#0"},"west":{"uv":[3.5,4.5,4.125,5.375],"texture":"#0"},"up":{"uv":[4.875,5.125,4.625,4.5],"texture":"#0"},"down":{"uv":[4.875,4.5,4.625,5.125],"texture":"#0"}}},{"from":[-12,22,8.5],"to":[-10,29,13.5],"rotation":{"angle":0,"axis":"y","origin":[0,1,0]},"faces":{"north":{"uv":[4.125,3.625,4.375,4.5],"texture":"#0"},"east":{"uv":[3.5,3.625,4.125,4.5],"texture":"#0"},"south":{"uv":[4.375,3.625,4.625,4.5],"texture":"#0"},"west":{"uv":[3.5,3.625,4.125,4.5],"texture":"#0"},"up":{"uv":[4.875,4.25,4.625,3.625],"texture":"#0"},"down":{"uv":[4.875,3.625,4.625,4.25],"texture":"#0"}}},{"from":[-10,22,9],"to":[-8,29,14],"rotation":{"angle":0,"axis":"y","origin":[0,1,0]},"faces":{"north":{"uv":[4.125,5.375,4.375,6.25],"texture":"#0"},"east":{"uv":[3.5,5.375,4.125,6.25],"texture":"#0"},"south":{"uv":[4.375,5.375,4.625,6.25],"texture":"#0"},"west":{"uv":[3.5,5.375,4.125,6.25],"texture":"#0"},"up":{"uv":[4.875,6,4.625,5.375],"texture":"#0"},"down":{"uv":[4.875,5.375,4.625,6],"texture":"#0"}}},{"from":[-8,22,8.9],"to":[-6,29,13.9],"rotation":{"angle":0,"axis":"y","origin":[0,1,0]},"faces":{"north":{"uv":[4.125,4.5,4.375,5.375],"texture":"#0"},"east":{"uv":[3.5,4.5,4.125,5.375],"texture":"#0"},"south":{"uv":[4.375,4.5,4.625,5.375],"texture":"#0"},"west":{"uv":[3.5,4.5,4.125,5.375],"texture":"#0"},"up":{"uv":[4.875,5.125,4.625,4.5],"texture":"#0"},"down":{"uv":[4.875,4.5,4.625,5.125],"texture":"#0"}}},{"from":[-14,12,8.5],"to":[-12,19,13.5],"faces":{"north":{"uv":[4.125,3.625,4.375,4.5],"texture":"#0"},"east":{"uv":[3.5,3.625,4.125,4.5],"texture":"#0"},"south":{"uv":[4.375,3.625,4.625,4.5],"texture":"#0"},"west":{"uv":[3.5,3.625,4.125,4.5],"texture":"#0"},"up":{"uv":[4.875,4.25,4.625,3.625],"texture":"#0"},"down":{"uv":[4.875,3.625,4.625,4.25],"texture":"#0"}}},{"from":[12,12,8.9],"to":[14,19,13.9],"faces":{"north":{"uv":[4.125,5.375,4.375,6.25],"texture":"#0"},"east":{"uv":[3.5,5.375,4.125,6.25],"texture":"#0"},"south":{"uv":[4.375,5.375,4.625,6.25],"texture":"#0"},"west":{"uv":[3.5,5.375,4.125,6.25],"texture":"#0"},"up":{"uv":[4.875,6,4.625,5.375],"texture":"#0"},"down":{"uv":[4.875,5.375,4.625,6],"texture":"#0"}}},{"from":[10,12,8.5],"to":[12,19,13.5],"faces":{"north":{"uv":[4.125,4.5,4.375,5.375],"texture":"#0"},"east":{"uv":[3.5,4.5,4.125,5.375],"texture":"#0"},"south":{"uv":[4.375,4.5,4.625,5.375],"texture":"#0"},"west":{"uv":[3.5,4.5,4.125,5.375],"texture":"#0"},"up":{"uv":[4.875,5.125,4.625,4.5],"texture":"#0"},"down":{"uv":[4.875,4.5,4.625,5.125],"texture":"#0"}}},{"from":[8,12,8.5],"to":[10,19,13.5],"faces":{"north":{"uv":[4.125,5.375,4.375,6.25],"texture":"#0"},"east":{"uv":[3.5,5.375,4.125,6.25],"texture":"#0"},"south":{"uv":[4.375,5.375,4.625,6.25],"texture":"#0"},"west":{"uv":[3.5,5.375,4.125,6.25],"texture":"#0"},"up":{"uv":[4.875,6,4.625,5.375],"texture":"#0"},"down":{"uv":[4.875,5.375,4.625,6],"texture":"#0"}}},{"from":[6,12,9],"to":[8,19,14],"faces":{"north":{"uv":[4.125,5.375,4.375,6.25],"texture":"#0"},"east":{"uv":[3.5,5.375,4.125,6.25],"texture":"#0"},"south":{"uv":[4.375,5.375,4.625,6.25],"texture":"#0"},"west":{"uv":[3.5,5.375,4.125,6.25],"texture":"#0"},"up":{"uv":[4.875,6,4.625,5.375],"texture":"#0"},"down":{"uv":[4.875,5.375,4.625,6],"texture":"#0"}}},{"from":[4,12,8.5],"to":[6,19,13.5],"faces":{"north":{"uv":[4.125,4.5,4.375,5.375],"texture":"#0"},"east":{"uv":[3.5,4.5,4.125,5.375],"texture":"#0"},"south":{"uv":[4.375,4.5,4.625,5.375],"texture":"#0"},"west":{"uv":[3.5,4.5,4.125,5.375],"texture":"#0"},"up":{"uv":[4.875,5.125,4.625,4.5],"texture":"#0"},"down":{"uv":[4.875,4.5,4.625,5.125],"texture":"#0"}}},{"from":[-12,12,9],"to":[-10,19,14],"faces":{"north":{"uv":[4.125,4.5,4.375,5.375],"texture":"#0"},"east":{"uv":[3.5,4.5,4.125,5.375],"texture":"#0"},"south":{"uv":[4.375,4.5,4.625,5.375],"texture":"#0"},"west":{"uv":[3.5,4.5,4.125,5.375],"texture":"#0"},"up":{"uv":[4.875,5.125,4.625,4.5],"texture":"#0"},"down":{"uv":[4.875,4.5,4.625,5.125],"texture":"#0"}}},{"from":[2,12,9],"to":[4,19,14],"faces":{"north":{"uv":[4.125,3.625,4.375,4.5],"texture":"#0"},"east":{"uv":[3.5,3.625,4.125,4.5],"texture":"#0"},"south":{"uv":[4.375,3.625,4.625,4.5],"texture":"#0"},"west":{"uv":[3.5,3.625,4.125,4.5],"texture":"#0"},"up":{"uv":[4.875,4.25,4.625,3.625],"texture":"#0"},"down":{"uv":[4.875,3.625,4.625,4.25],"texture":"#0"}}},{"from":[-2.2,12,9],"to":[-0.2,19,14],"rotation":{"angle":22.5,"axis":"z","origin":[-1,15.5,11.5]},"faces":{"north":{"uv":[4.125,5.375,4.375,6.25],"texture":"#0"},"east":{"uv":[3.5,5.375,4.125,6.25],"texture":"#0"},"south":{"uv":[4.375,5.375,4.625,6.25],"texture":"#0"},"west":{"uv":[3.5,5.375,4.125,6.25],"texture":"#0"},"up":{"uv":[4.875,6,4.625,5.375],"texture":"#0"},"down":{"uv":[4.875,5.375,4.625,6],"texture":"#0"}}},{"from":[-9.5,12,9],"to":[-2.5,14,14],"rotation":{"angle":22.5,"axis":"y","origin":[-6,12.5,11.5]},"faces":{"north":{"uv":[4.125,4.5,4.375,5.375],"rotation":90,"texture":"#0"},"east":{"uv":[4.875,4.5,4.625,5.125],"rotation":270,"texture":"#0"},"south":{"uv":[4.375,4.5,4.625,5.375],"rotation":270,"texture":"#0"},"west":{"uv":[4.875,5.125,4.625,4.5],"rotation":270,"texture":"#0"},"up":{"uv":[3.5,4.5,4.125,5.375],"rotation":270,"texture":"#0"},"down":{"uv":[3.5,4.5,4.125,5.375],"rotation":270,"texture":"#0"}}},{"from":[-9.5,14,8.75],"to":[-2.5,16,13.75],"rotation":{"angle":0,"axis":"y","origin":[-6,14.5,11.5]},"faces":{"north":{"uv":[4.125,3.625,4.375,4.5],"rotation":90,"texture":"#0"},"east":{"uv":[4.875,3.625,4.625,4.25],"rotation":270,"texture":"#0"},"south":{"uv":[4.375,3.625,4.625,4.5],"rotation":270,"texture":"#0"},"west":{"uv":[4.875,4.25,4.625,3.625],"rotation":270,"texture":"#0"},"up":{"uv":[3.5,3.625,4.125,4.5],"rotation":270,"texture":"#0"},"down":{"uv":[3.5,3.625,4.125,4.5],"rotation":270,"texture":"#0"}}},{"from":[6.5,1.5,9],"to":[13.5,3.5,14],"rotation":{"angle":0,"axis":"y","origin":[-1,15.5,11.5]},"faces":{"north":{"uv":[4.125,5.375,4.375,6.25],"rotation":90,"texture":"#0"},"east":{"uv":[4.875,5.375,4.625,6],"rotation":270,"texture":"#0"},"south":{"uv":[4.375,5.375,4.625,6.25],"rotation":270,"texture":"#0"},"west":{"uv":[4.875,6,4.625,5.375],"rotation":270,"texture":"#0"},"up":{"uv":[3.5,5.375,4.125,6.25],"rotation":270,"texture":"#0"},"down":{"uv":[3.5,5.375,4.125,6.25],"rotation":270,"texture":"#0"}}},{"from":[6.5,3.5,9],"to":[13.5,5.5,14],"rotation":{"angle":22.5,"axis":"y","origin":[10,4.5,11.5]},"faces":{"north":{"uv":[4.125,4.5,4.375,5.375],"rotation":90,"texture":"#0"},"east":{"uv":[4.875,4.5,4.625,5.125],"rotation":270,"texture":"#0"},"south":{"uv":[4.375,4.5,4.625,5.375],"rotation":270,"texture":"#0"},"west":{"uv":[4.875,5.125,4.625,4.5],"rotation":270,"texture":"#0"},"up":{"uv":[3.5,4.5,4.125,5.375],"rotation":270,"texture":"#0"},"down":{"uv":[3.5,4.5,4.125,5.375],"rotation":270,"texture":"#0"}}},{"from":[6.5,5.5,9],"to":[13.5,7.5,14],"rotation":{"angle":0,"axis":"y","origin":[10,6.5,11.5]},"faces":{"north":{"uv":[4.125,3.625,4.375,4.5],"rotation":90,"texture":"#0"},"east":{"uv":[4.875,3.625,4.625,4.25],"rotation":270,"texture":"#0"},"south":{"uv":[4.375,3.625,4.625,4.5],"rotation":270,"texture":"#0"},"west":{"uv":[4.875,4.25,4.625,3.625],"rotation":270,"texture":"#0"},"up":{"uv":[3.5,3.625,4.125,4.5],"rotation":270,"texture":"#0"},"down":{"uv":[3.5,3.625,4.125,4.5],"rotation":270,"texture":"#0"}}},{"from":[-14,2,9],"to":[-12,9,14],"faces":{"north":{"uv":[4.125,4.5,4.375,5.375],"texture":"#0"},"east":{"uv":[3.5,4.5,4.125,5.375],"texture":"#0"},"south":{"uv":[4.375,4.5,4.625,5.375],"texture":"#0"},"west":{"uv":[3.5,4.5,4.125,5.375],"texture":"#0"},"up":{"uv":[4.875,5.125,4.625,4.5],"texture":"#0"},"down":{"uv":[4.875,4.5,4.625,5.125],"texture":"#0"}}},{"from":[6,22,8.5],"to":[8,29,13.5],"rotation":{"angle":0,"axis":"y","origin":[0,1,0]},"faces":{"north":{"uv":[4.125,3.625,4.375,4.5],"texture":"#0"},"east":{"uv":[3.5,3.625,4.125,4.5],"texture":"#0"},"south":{"uv":[4.375,3.625,4.625,4.5],"texture":"#0"},"west":{"uv":[3.5,3.625,4.125,4.5],"texture":"#0"},"up":{"uv":[4.875,4.25,4.625,3.625],"texture":"#0"},"down":{"uv":[4.875,3.625,4.625,4.25],"texture":"#0"}}},{"from":[2.7,22,9],"to":[4.7,29,14],"rotation":{"angle":-22.5,"axis":"z","origin":[4,25.5,11.5]},"faces":{"north":{"uv":[4.125,3.625,4.375,4.5],"texture":"#0"},"east":{"uv":[3.5,3.625,4.125,4.5],"texture":"#0"},"south":{"uv":[4.375,3.625,4.625,4.5],"texture":"#0"},"west":{"uv":[3.5,3.625,4.125,4.5],"texture":"#0"},"up":{"uv":[4.875,4.25,4.625,3.625],"texture":"#0"},"down":{"uv":[4.875,3.625,4.625,4.25],"texture":"#0"}}},{"from":[0.7,21,8.5],"to":[2.7,28,13.5],"rotation":{"angle":-22.5,"axis":"z","origin":[4,25.5,11.5]},"faces":{"north":{"uv":[4.125,5.375,4.375,6.25],"texture":"#0"},"east":{"uv":[3.5,5.375,4.125,6.25],"texture":"#0"},"south":{"uv":[4.375,5.375,4.625,6.25],"texture":"#0"},"west":{"uv":[3.5,5.375,4.125,6.25],"texture":"#0"},"up":{"uv":[4.875,6,4.625,5.375],"texture":"#0"},"down":{"uv":[4.875,5.375,4.625,6],"texture":"#0"}}},{"from":[-14,10,8],"to":[14,12,15],"faces":{"north":{"uv":[3.5,0.875,7,1.125],"texture":"#0"},"up":{"uv":[7,0.875,3.5,0],"texture":"#0"},"down":{"uv":[7,0,3.5,0.875],"texture":"#0"}}},{"from":[-14,20,8],"to":[14,22,15],"rotation":{"angle":0,"axis":"y","origin":[0,1,0]},"faces":{"north":{"uv":[3.5,0.875,7,1.125],"texture":"#0"},"up":{"uv":[7,0.875,3.5,0],"texture":"#0"},"down":{"uv":[7,0,3.5,0.875],"texture":"#0"}}},{"from":[-14,2,14],"to":[14,30,16],"faces":{"north":{"uv":[0,0,3.5,3.5],"texture":"#0"},"south":{"uv":[0,3.5,3.5,7],"texture":"#0"}}},{"from":[14,2,8],"to":[16,30,16],"faces":{"north":{"uv":[7.5,3.5,7.75,7],"texture":"#0"},"east":{"uv":[7.5,0,8.5,3.5],"texture":"#0"},"south":{"uv":[7.75,3.5,8,7],"texture":"#0"},"west":{"uv":[8.5,0,9.5,3.5],"texture":"#0"}}},{"from":[-16,2,8],"to":[-14,30,16],"rotation":{"angle":0,"axis":"y","origin":[16,0,0]},"faces":{"north":{"uv":[7.75,3.5,7.5,7],"texture":"#0"},"east":{"uv":[9.5,0,8.5,3.5],"texture":"#0"},"south":{"uv":[8,3.5,7.75,7],"texture":"#0"},"west":{"uv":[8.5,0,7.5,3.5],"texture":"#0"}}}],"gui_light":"front","display":{"thirdperson_righthand":{"rotation":[67.5,0,0],"translation":[1.75,1.75,-0.25],"scale":[0.23039,0.23039,0.23039]},"thirdperson_lefthand":{"rotation":[67.5,0,0],"translation":[-1.75,1.75,-0.25],"scale":[0.23039,0.23039,0.23039]},"firstperson_righthand":{"rotation":[0,-180,0],"translation":[-1.25,1.25,1.5],"scale":[0.29633,0.29633,0.29633]},"firstperson_lefthand":{"rotation":[0,-180,0],"translation":[3,1.25,1.5],"scale":[0.29633,0.29633,0.29633]},"ground":{"translation":[5,5.75,-2.25],"scale":[0.42773,0.42773,0.42773]},"gui":{"rotation":[30,225,0],"translation":[-0.75,-3.75,0],"scale":[0.32172,0.32172,0.32172]},"head":{"rotation":[0,180,0],"translation":[0,-30.25,0],"scale":[0,0,0]},"fixed":{"rotation":[-90,0,0],"translation":[0,-7.75,-16],"scale":[2,2,2]}}}