{"textures":{"0":"glorious:entity/nocsy_cat2"},"elements":[{"from":[7.0571427,5.7726254,7.3454614],"to":[8.6,8.45834,8.888319],"rotation":{"angle":0.0,"axis":"y","origin":[7.8285713,6.342857,8.285714]},"faces":{"east":{"uv":[6.25,8.75,5.5,10.0],"rotation":0,"texture":"#0","tintindex":0},"south":{"uv":[5.25,8.75,4.5,10.0],"rotation":0,"texture":"#0","tintindex":0},"north":{"uv":[8.75,7.25,8.0,8.5],"rotation":0,"texture":"#0","tintindex":0},"west":{"uv":[3.25,8.75,2.5,10.0],"rotation":0,"texture":"#0","tintindex":0},"up":{"uv":[0.0,11.5,0.75,10.75],"rotation":0,"texture":"#0","tintindex":0},"down":{"uv":[1.0,10.75,1.75,11.5],"rotation":0,"texture":"#0","tintindex":0}}}],"display":{"head":{"translation":[0.0,-6.4,0.0],"scale":[4.0,4.0,4.0]}}}