{"textures":{"0":"glorious:entity/nocsy_cat2"},"elements":[{"from":[6.285714,6.714286,5.5714283],"to":[9.714286,10.142858,9.0],"rotation":{"angle":0.0,"axis":"y","origin":[8.0,1.5142851,10.714286]},"faces":{"east":{"uv":[4.25,0.0,5.75,1.5],"rotation":0,"texture":"#0","tintindex":0},"south":{"uv":[4.25,1.75,5.75,3.25],"rotation":0,"texture":"#0","tintindex":0},"north":{"uv":[0.0,3.0,1.5,4.5],"rotation":0,"texture":"#0","tintindex":0},"west":{"uv":[4.25,3.5,5.75,5.0],"rotation":0,"texture":"#0","tintindex":0},"up":{"uv":[1.5,6.25,0.0,4.75],"rotation":0,"texture":"#0","tintindex":0},"down":{"uv":[5.75,5.25,4.25,6.75],"rotation":0,"texture":"#0","tintindex":0}}},{"from":[6.5857143,8.5,5.5],"to":[6.8142858,8.728572,5.5],"rotation":{"angle":0.0,"axis":"y","origin":[6.842857,8.414286,5.5142856]},"faces":{"east":{"uv":[1.5,6.5,1.5,6.75],"rotation":0,"texture":"#0","tintindex":0},"south":{"uv":[12.25,5.0,12.5,5.25],"rotation":0,"texture":"#0","tintindex":0},"north":{"uv":[6.5,8.75,6.75,9.0],"rotation":0,"texture":"#0","tintindex":0},"west":{"uv":[7.5,6.25,7.5,6.5],"rotation":0,"texture":"#0","tintindex":0},"up":{"uv":[8.0,5.0,7.75,5.0],"rotation":0,"texture":"#0","tintindex":0},"down":{"uv":[8.5,5.0,8.25,5.0],"rotation":0,"texture":"#0","tintindex":0}}},{"from":[6.2714286,7.857143,5.528571],"to":[7.3,8.885715,5.528571],"rotation":{"angle":0.0,"axis":"y","origin":[8.0,1.3999996,10.714286]},"faces":{"east":{"uv":[10.0,11.5,10.0,12.0],"rotation":0,"texture":"#0","tintindex":0},"south":{"uv":[0.75,11.75,1.25,12.25],"rotation":0,"texture":"#0","tintindex":0},"north":{"uv":[0.0,11.75,0.5,12.25],"rotation":0,"texture":"#0","tintindex":0},"west":{"uv":[3.25,12.0,3.25,12.5],"rotation":0,"texture":"#0","tintindex":0},"up":{"uv":[10.0,7.0,9.5,7.0],"rotation":0,"texture":"#0","tintindex":0},"down":{"uv":[10.75,6.0,10.25,6.0],"rotation":0,"texture":"#0","tintindex":0}}},{"from":[6.642857,7.928571,5.5142856],"to":[7.214286,8.671429,5.5142856],"rotation":{"angle":0.0,"axis":"y","origin":[6.842857,8.414286,5.5142856]},"faces":{"east":{"uv":[7.75,7.25,7.75,7.5],"rotation":0,"texture":"#0","tintindex":0},"south":{"uv":[6.75,12.25,7.0,12.5],"rotation":0,"texture":"#0","tintindex":0},"north":{"uv":[6.25,12.25,6.5,12.5],"rotation":0,"texture":"#0","tintindex":0},"west":{"uv":[1.0,12.5,1.0,12.75],"rotation":0,"texture":"#0","tintindex":0},"up":{"uv":[1.25,8.75,1.0,8.75],"rotation":0,"texture":"#0","tintindex":0},"down":{"uv":[9.0,5.0,8.75,5.0],"rotation":0,"texture":"#0","tintindex":0}}},{"from":[6.257143,8.739603,5.4356294],"to":[7.357143,9.311031,5.4356294],"rotation":{"angle":22.5,"axis":"x","origin":[6.8282857,8.911032,5.692772]},"faces":{"east":{"uv":[12.5,1.0,12.5,1.25],"rotation":0,"texture":"#0","tintindex":0},"south":{"uv":[5.5,12.0,6.0,12.25],"rotation":0,"texture":"#0","tintindex":0},"north":{"uv":[7.5,11.0,8.0,11.25],"rotation":0,"texture":"#0","tintindex":0},"west":{"uv":[1.25,12.5,1.25,12.75],"rotation":0,"texture":"#0","tintindex":0},"up":{"uv":[11.0,8.5,10.5,8.5],"rotation":0,"texture":"#0","tintindex":0},"down":{"uv":[11.5,6.75,11.0,6.75],"rotation":0,"texture":"#0","tintindex":0}}},{"from":[6.257143,8.739603,5.4350576],"to":[6.257143,9.311031,6.0064864],"rotation":{"angle":22.5,"axis":"x","origin":[6.8282857,8.911032,5.692772]},"faces":{"east":{"uv":[7.25,12.25,7.5,12.5],"rotation":0,"texture":"#0","tintindex":0},"south":{"uv":[12.5,1.5,12.5,1.75],"rotation":0,"texture":"#0","tintindex":0},"north":{"uv":[1.5,12.5,1.5,12.75],"rotation":0,"texture":"#0","tintindex":0},"west":{"uv":[7.75,12.25,8.0,12.5],"rotation":0,"texture":"#0","tintindex":0},"up":{"uv":[1.75,12.75,1.75,12.5],"rotation":0,"texture":"#0","tintindex":0},"down":{"uv":[2.0,12.5,2.0,12.75],"rotation":0,"texture":"#0","tintindex":0}}},{"from":[7.356571,8.739603,5.4356294],"to":[7.356571,9.311031,6.0070577],"rotation":{"angle":22.5,"axis":"x","origin":[6.8282857,8.911032,5.692772]},"faces":{"east":{"uv":[12.25,8.0,12.5,8.25],"rotation":0,"texture":"#0","tintindex":0},"south":{"uv":[2.25,12.5,2.25,12.75],"rotation":0,"texture":"#0","tintindex":0},"north":{"uv":[12.5,2.0,12.5,2.25],"rotation":0,"texture":"#0","tintindex":0},"west":{"uv":[8.25,12.25,8.5,12.5],"rotation":0,"texture":"#0","tintindex":0},"up":{"uv":[12.5,2.75,12.5,2.5],"rotation":0,"texture":"#0","tintindex":0},"down":{"uv":[12.5,3.0,12.5,3.25],"rotation":0,"texture":"#0","tintindex":0}}},{"from":[8.642858,8.739603,5.4356294],"to":[9.742857,9.311031,5.4356294],"rotation":{"angle":22.5,"axis":"x","origin":[9.171715,8.911032,5.692772]},"faces":{"east":{"uv":[3.5,12.5,3.5,12.75],"rotation":0,"texture":"#0","tintindex":0},"south":{"uv":[12.0,6.25,12.5,6.5],"rotation":0,"texture":"#0","tintindex":0},"north":{"uv":[12.0,5.75,12.5,6.0],"rotation":0,"texture":"#0","tintindex":0},"west":{"uv":[12.5,3.5,12.5,3.75],"rotation":0,"texture":"#0","tintindex":0},"up":{"uv":[11.75,5.75,11.25,5.75],"rotation":0,"texture":"#0","tintindex":0},"down":{"uv":[12.25,6.75,11.75,6.75],"rotation":0,"texture":"#0","tintindex":0}}},{"from":[8.643429,8.739603,5.4356294],"to":[8.643429,9.311031,6.0070577],"rotation":{"angle":22.5,"axis":"x","origin":[9.171715,8.911032,5.692772]},"faces":{"east":{"uv":[12.25,8.5,12.5,8.75],"rotation":0,"texture":"#0","tintindex":0},"south":{"uv":[4.0,12.5,4.0,12.75],"rotation":0,"texture":"#0","tintindex":0},"north":{"uv":[3.75,12.5,3.75,12.75],"rotation":0,"texture":"#0","tintindex":0},"west":{"uv":[8.75,12.25,9.0,12.5],"rotation":0,"texture":"#0","tintindex":0},"up":{"uv":[12.5,4.25,12.5,4.0],"rotation":0,"texture":"#0","tintindex":0},"down":{"uv":[4.25,12.5,4.25,12.75],"rotation":0,"texture":"#0","tintindex":0}}},{"from":[6.2714286,7.857143,5.528571],"to":[6.2714286,8.885715,5.8142858],"rotation":{"angle":0.0,"axis":"y","origin":[6.285714,8.142858,5.8142858]},"faces":{"east":{"uv":[1.0,8.0,1.25,8.5],"rotation":0,"texture":"#0","tintindex":0},"south":{"uv":[4.75,12.5,4.75,13.0],"rotation":0,"texture":"#0","tintindex":0},"north":{"uv":[4.5,12.5,4.5,13.0],"rotation":0,"texture":"#0","tintindex":0},"west":{"uv":[9.75,8.75,10.0,9.25],"rotation":0,"texture":"#0","tintindex":0},"up":{"uv":[12.5,4.75,12.5,4.5],"rotation":0,"texture":"#0","tintindex":0},"down":{"uv":[5.0,12.5,5.0,12.75],"rotation":0,"texture":"#0","tintindex":0}}},{"from":[8.728572,8.5,5.5],"to":[8.957143,8.728572,5.5],"rotation":{"angle":0.0,"axis":"y","origin":[9.157143,8.414286,5.5142856]},"faces":{"east":{"uv":[5.25,12.5,5.25,12.75],"rotation":0,"texture":"#0","tintindex":0},"south":{"uv":[9.25,12.25,9.5,12.5],"rotation":0,"texture":"#0","tintindex":0},"north":{"uv":[12.25,9.0,12.5,9.25],"rotation":0,"texture":"#0","tintindex":0},"west":{"uv":[5.5,12.5,5.5,12.75],"rotation":0,"texture":"#0","tintindex":0},"up":{"uv":[7.75,9.25,7.5,9.25],"rotation":0,"texture":"#0","tintindex":0},"down":{"uv":[10.5,7.0,10.25,7.0],"rotation":0,"texture":"#0","tintindex":0}}},{"from":[8.785714,7.928571,5.5142856],"to":[9.357143,8.671429,5.5142856],"rotation":{"angle":0.0,"axis":"y","origin":[9.157143,8.414286,5.5142856]},"faces":{"east":{"uv":[5.75,12.5,5.75,12.75],"rotation":0,"texture":"#0","tintindex":0},"south":{"uv":[9.75,12.25,10.0,12.5],"rotation":0,"texture":"#0","tintindex":0},"north":{"uv":[12.25,9.5,12.5,9.75],"rotation":0,"texture":"#0","tintindex":0},"west":{"uv":[6.0,12.5,6.0,12.75],"rotation":0,"texture":"#0","tintindex":0},"up":{"uv":[12.5,5.5,12.25,5.5],"rotation":0,"texture":"#0","tintindex":0},"down":{"uv":[12.5,10.5,12.25,10.5],"rotation":0,"texture":"#0","tintindex":0}}},{"from":[8.7,7.857143,5.528571],"to":[9.728572,8.885715,5.528571],"rotation":{"angle":0.0,"axis":"y","origin":[8.0,1.3999996,10.714286]},"faces":{"east":{"uv":[12.5,6.75,12.5,7.25],"rotation":0,"texture":"#0","tintindex":0},"south":{"uv":[2.5,12.0,3.0,12.5],"rotation":0,"texture":"#0","tintindex":0},"north":{"uv":[11.75,11.25,12.25,11.75],"rotation":0,"texture":"#0","tintindex":0},"west":{"uv":[10.25,12.5,10.25,13.0],"rotation":0,"texture":"#0","tintindex":0},"up":{"uv":[13.0,7.5,12.5,7.5],"rotation":0,"texture":"#0","tintindex":0},"down":{"uv":[13.0,7.75,12.5,7.75],"rotation":0,"texture":"#0","tintindex":0}}},{"from":[9.728572,7.857143,5.528571],"to":[9.728572,8.885715,5.8142858],"rotation":{"angle":0.0,"axis":"y","origin":[9.714286,8.142858,5.8142858]},"faces":{"east":{"uv":[1.5,11.75,1.75,12.25],"rotation":0,"texture":"#0","tintindex":0},"south":{"uv":[12.5,10.75,12.5,11.25],"rotation":0,"texture":"#0","tintindex":0},"north":{"uv":[10.5,12.5,10.5,13.0],"rotation":0,"texture":"#0","tintindex":0},"west":{"uv":[10.75,12.0,11.0,12.5],"rotation":0,"texture":"#0","tintindex":0},"up":{"uv":[12.5,11.75,12.5,11.5],"rotation":0,"texture":"#0","tintindex":0},"down":{"uv":[12.25,12.5,12.25,12.75],"rotation":0,"texture":"#0","tintindex":0}}},{"from":[9.742857,8.739603,5.4350576],"to":[9.742857,9.311031,6.0064864],"rotation":{"angle":22.5,"axis":"x","origin":[9.171715,8.911032,5.692772]},"faces":{"east":{"uv":[12.25,10.0,12.5,10.25],"rotation":0,"texture":"#0","tintindex":0},"south":{"uv":[12.75,1.0,12.75,1.25],"rotation":0,"texture":"#0","tintindex":0},"north":{"uv":[12.5,12.5,12.5,12.75],"rotation":0,"texture":"#0","tintindex":0},"west":{"uv":[12.25,12.0,12.5,12.25],"rotation":0,"texture":"#0","tintindex":0},"up":{"uv":[12.75,1.75,12.75,1.5],"rotation":0,"texture":"#0","tintindex":0},"down":{"uv":[12.75,2.0,12.75,2.25],"rotation":0,"texture":"#0","tintindex":0}}},{"from":[4.474145,6.1604013,5.457143],"to":[7.9027166,7.646116,5.457143],"rotation":{"angle":22.5,"axis":"z","origin":[6.2279353,7.2447176,5.3999996]},"faces":{"east":{"uv":[2.5,12.75,2.5,13.5],"rotation":0,"texture":"#0","tintindex":0},"south":{"uv":[9.0,5.25,7.5,6.0],"rotation":0,"texture":"#0","tintindex":0},"north":{"uv":[7.5,5.25,9.0,6.0],"rotation":0,"texture":"#0","tintindex":0},"west":{"uv":[12.75,2.5,12.75,3.25],"rotation":0,"texture":"#0","tintindex":0},"up":{"uv":[14.25,3.5,12.75,3.5],"rotation":0,"texture":"#0","tintindex":0},"down":{"uv":[14.25,3.75,12.75,3.75],"rotation":0,"texture":"#0","tintindex":0}}},{"from":[4.2701545,6.8942966,5.342857],"to":[7.698726,8.322868,5.342857],"rotation":{"angle":0.0,"axis":"y","origin":[6.2279353,7.2447176,5.3999996]},"faces":{"east":{"uv":[2.75,12.75,2.75,13.5],"rotation":0,"texture":"#0","tintindex":0},"south":{"uv":[9.25,1.0,7.75,1.75],"rotation":0,"texture":"#0","tintindex":0},"north":{"uv":[7.75,1.0,9.25,1.75],"rotation":0,"texture":"#0","tintindex":0},"west":{"uv":[3.0,12.75,3.0,13.5],"rotation":0,"texture":"#0","tintindex":0},"up":{"uv":[14.25,4.0,12.75,4.0],"rotation":0,"texture":"#0","tintindex":0},"down":{"uv":[14.25,4.25,12.75,4.25],"rotation":0,"texture":"#0","tintindex":0}}},{"from":[8.301273,6.8942966,5.342857],"to":[11.729845,8.322868,5.342857],"rotation":{"angle":0.0,"axis":"y","origin":[9.772064,7.2447176,5.3999996]},"faces":{"east":{"uv":[3.0,12.75,3.0,13.5],"rotation":0,"texture":"#0","tintindex":0},"south":{"uv":[7.75,1.0,9.25,1.75],"rotation":0,"texture":"#0","tintindex":0},"north":{"uv":[9.25,1.0,7.75,1.75],"rotation":0,"texture":"#0","tintindex":0},"west":{"uv":[2.75,12.75,2.75,13.5],"rotation":0,"texture":"#0","tintindex":0},"up":{"uv":[12.75,4.0,14.25,4.0],"rotation":0,"texture":"#0","tintindex":0},"down":{"uv":[12.75,4.25,14.25,4.25],"rotation":0,"texture":"#0","tintindex":0}}},{"from":[8.097283,6.1604013,5.457143],"to":[11.525855,7.646116,5.457143],"rotation":{"angle":-22.5,"axis":"z","origin":[9.772064,7.2447176,5.3999996]},"faces":{"east":{"uv":[12.75,2.5,12.75,3.25],"rotation":0,"texture":"#0","tintindex":0},"south":{"uv":[7.5,5.25,9.0,6.0],"rotation":0,"texture":"#0","tintindex":0},"north":{"uv":[9.0,5.25,7.5,6.0],"rotation":0,"texture":"#0","tintindex":0},"west":{"uv":[2.5,12.75,2.5,13.5],"rotation":0,"texture":"#0","tintindex":0},"up":{"uv":[12.75,3.5,14.25,3.5],"rotation":0,"texture":"#0","tintindex":0},"down":{"uv":[12.75,3.75,14.25,3.75],"rotation":0,"texture":"#0","tintindex":0}}},{"from":[7.142857,7.0,5.0],"to":[8.857143,8.142858,5.5714283],"rotation":{"angle":0.0,"axis":"y","origin":[7.714286,7.5714283,5.285714]},"faces":{"east":{"uv":[11.25,12.0,11.5,12.5],"rotation":0,"texture":"#0","tintindex":0},"south":{"uv":[11.0,6.0,11.75,6.5],"rotation":0,"texture":"#0","tintindex":0},"north":{"uv":[1.75,4.75,2.5,5.25],"rotation":0,"texture":"#0","tintindex":0},"west":{"uv":[11.75,12.0,12.0,12.5],"rotation":0,"texture":"#0","tintindex":0},"up":{"uv":[12.25,4.75,11.5,4.5],"rotation":0,"texture":"#0","tintindex":0},"down":{"uv":[5.25,12.0,4.5,12.25],"rotation":0,"texture":"#0","tintindex":0}}},{"from":[7.714286,7.714286,4.957143],"to":[8.285714,8.171429,4.957143],"rotation":{"angle":0.0,"axis":"y","origin":[8.0,7.857143,4.985714]},"faces":{"east":{"uv":[12.75,8.0,12.75,8.25],"rotation":0,"texture":"#0","tintindex":0},"south":{"uv":[12.5,0.0,12.75,0.25],"rotation":0,"texture":"#0","tintindex":0},"north":{"uv":[0.0,12.5,0.25,12.75],"rotation":0,"texture":"#0","tintindex":0},"west":{"uv":[8.25,12.75,8.25,13.0],"rotation":0,"texture":"#0","tintindex":0},"up":{"uv":[13.0,7.25,12.75,7.25],"rotation":0,"texture":"#0","tintindex":0},"down":{"uv":[8.75,12.75,8.5,12.75],"rotation":0,"texture":"#0","tintindex":0}}},{"from":[7.714286,8.170857,4.957143],"to":[8.285714,8.170857,5.3],"rotation":{"angle":0.0,"axis":"y","origin":[8.0,8.199429,5.214286]},"faces":{"east":{"uv":[12.75,8.75,13.0,8.75],"rotation":0,"texture":"#0","tintindex":0},"south":{"uv":[9.0,12.75,9.25,12.75],"rotation":0,"texture":"#0","tintindex":0},"north":{"uv":[12.75,8.5,13.0,8.5],"rotation":0,"texture":"#0","tintindex":0},"west":{"uv":[12.75,9.0,13.0,9.0],"rotation":0,"texture":"#0","tintindex":0},"up":{"uv":[0.75,12.75,0.5,12.5],"rotation":0,"texture":"#0","tintindex":0},"down":{"uv":[12.75,0.5,12.5,0.75],"rotation":0,"texture":"#0","tintindex":0}}}],"display":{"head":{"translation":[0.0,-6.4,0.0],"scale":[4.0,4.0,4.0]}}}