{"textures":{"0":"glorious:entity/nocsy_cat1"},"elements":[{"from":[7.142857,7.0714483,6.9714284],"to":[8.857143,8.214306,8.685715],"rotation":{"angle":0.0,"axis":"y","origin":[5.428571,5.242857,5.771428]},"faces":{"east":{"uv":[7.125,4.125,6.75,4.375],"rotation":0,"texture":"#0","tintindex":0},"south":{"uv":[7.125,3.75,6.75,4.0],"rotation":0,"texture":"#0","tintindex":0},"north":{"uv":[7.125,3.0,6.75,3.25],"rotation":0,"texture":"#0","tintindex":0},"west":{"uv":[7.125,3.375,6.75,3.625],"rotation":0,"texture":"#0","tintindex":0},"up":{"uv":[6.25,3.625,6.625,3.25],"rotation":0,"texture":"#0","tintindex":0},"down":{"uv":[6.25,3.75,6.625,4.125],"rotation":0,"texture":"#0","tintindex":0}}}],"display":{"head":{"translation":[0.0,-6.4,0.0],"scale":[4.0,4.0,4.0]}}}