{
	"credit": "Made with Blockbench",
	"texture_size": [64, 64],
	"textures": {
		"2": "glorious:item/messy_room/messy_chair_3",
		"particle": "glorious:item/messy_room/messy_chair_3"
	},
	"elements": [
		{
			"from": [3, 0, 3],
			"to": [5, 6, 5],
			"faces": {
				"north": {"uv": [1.75, 5.5, 2.25, 7], "texture": "#2"},
				"east": {"uv": [2.25, 5.5, 2.75, 7], "texture": "#2"},
				"south": {"uv": [0, 7.25, 0.5, 8.75], "texture": "#2"},
				"west": {"uv": [0.5, 7.25, 1, 8.75], "texture": "#2"},
				"up": {"uv": [6, 3, 5.5, 2.5], "texture": "#2"},
				"down": {"uv": [6.5, 2.5, 6, 3], "texture": "#2"}
			}
		},
		{
			"from": [11, 0, 3],
			"to": [13, 6, 5],
			"rotation": {"angle": 0, "axis": "y", "origin": [16, 0, 0]},
			"faces": {
				"north": {"uv": [4.25, 7.5, 4.75, 9], "texture": "#2"},
				"east": {"uv": [4.75, 7.5, 5.25, 9], "texture": "#2"},
				"south": {"uv": [5.25, 7.5, 5.75, 9], "texture": "#2"},
				"west": {"uv": [5.75, 7.5, 6.25, 9], "texture": "#2"},
				"up": {"uv": [8, 2.5, 7.5, 2], "texture": "#2"},
				"down": {"uv": [8.5, 2, 8, 2.5], "texture": "#2"}
			}
		},
		{
			"from": [11, 0, 11],
			"to": [13, 6, 13],
			"rotation": {"angle": 0, "axis": "y", "origin": [16, 0, 16]},
			"faces": {
				"north": {"uv": [2, 7.75, 2.5, 9.25], "texture": "#2"},
				"east": {"uv": [2.5, 7.75, 3, 9.25], "texture": "#2"},
				"south": {"uv": [3, 7.75, 3.5, 9.25], "texture": "#2"},
				"west": {"uv": [7.75, 7.5, 8.25, 9], "texture": "#2"},
				"up": {"uv": [9.25, 8, 8.75, 7.5], "texture": "#2"},
				"down": {"uv": [9.25, 8, 8.75, 8.5], "texture": "#2"}
			}
		},
		{
			"from": [3, 0, 11],
			"to": [5, 6, 13],
			"rotation": {"angle": 0, "axis": "y", "origin": [0, 0, 16]},
			"faces": {
				"north": {"uv": [6.25, 7.5, 6.75, 9], "texture": "#2"},
				"east": {"uv": [6.75, 7.5, 7.25, 9], "texture": "#2"},
				"south": {"uv": [7.25, 7.5, 7.75, 9], "texture": "#2"},
				"west": {"uv": [1.5, 7.75, 2, 9.25], "texture": "#2"},
				"up": {"uv": [9.25, 6.5, 8.75, 6], "texture": "#2"},
				"down": {"uv": [9.25, 6.5, 8.75, 7], "texture": "#2"}
			}
		},
		{
			"from": [11, 8, 11],
			"to": [13, 12, 13],
			"rotation": {"angle": 0, "axis": "y", "origin": [16, 0, 16]},
			"faces": {
				"north": {"uv": [1, 8.75, 1.5, 9.75], "texture": "#2"},
				"east": {"uv": [8.75, 2, 9.25, 3], "texture": "#2"},
				"south": {"uv": [8.75, 3, 9.25, 4], "texture": "#2"},
				"west": {"uv": [8.75, 4, 9.25, 5], "texture": "#2"},
				"up": {"uv": [4.5, 9.5, 4, 9], "texture": "#2"},
				"down": {"uv": [5, 9, 4.5, 9.5], "texture": "#2"}
			}
		},
		{
			"from": [3, 8, 11],
			"to": [5, 12, 13],
			"rotation": {"angle": 0, "axis": "y", "origin": [0, 0, 16]},
			"faces": {
				"north": {"uv": [8.25, 7.5, 8.75, 8.5], "texture": "#2"},
				"east": {"uv": [8.25, 8.5, 8.75, 9.5], "texture": "#2"},
				"south": {"uv": [0, 8.75, 0.5, 9.75], "texture": "#2"},
				"west": {"uv": [0.5, 8.75, 1, 9.75], "texture": "#2"},
				"up": {"uv": [9.25, 9, 8.75, 8.5], "texture": "#2"},
				"down": {"uv": [4, 9, 3.5, 9.5], "texture": "#2"}
			}
		},
		{
			"from": [2.5, 12, 11],
			"to": [13.5, 18, 13],
			"faces": {
				"north": {"uv": [2.75, 0, 5.5, 1.5], "texture": "#2"},
				"east": {"uv": [1, 7.25, 1.5, 8.75], "texture": "#2"},
				"south": {"uv": [2.75, 1.5, 5.5, 3], "texture": "#2"},
				"west": {"uv": [3.75, 7.5, 4.25, 9], "texture": "#2"},
				"up": {"uv": [10, 1.5, 7.25, 1], "texture": "#2"},
				"down": {"uv": [10.25, 1.5, 7.5, 2], "texture": "#2"}
			}
		},
		{
			"from": [2.5, 6, 2.5],
			"to": [13.5, 8, 13.5],
			"faces": {
				"north": {"uv": [3.75, 7, 6.5, 7.5], "texture": "#2"},
				"east": {"uv": [6.5, 7, 9.25, 7.5], "texture": "#2"},
				"south": {"uv": [7.25, 0, 10, 0.5], "texture": "#2"},
				"west": {"uv": [7.25, 0.5, 10, 1], "texture": "#2"},
				"up": {"uv": [2.75, 2.75, 0, 0], "texture": "#2"},
				"down": {"uv": [2.75, 2.75, 0, 5.5], "texture": "#2"}
			}
		},
		{
			"from": [4.5, 5, 4.5],
			"to": [11.5, 6, 11.5],
			"faces": {
				"north": {"uv": [8.75, 5, 10.5, 5.25], "texture": "#2"},
				"east": {"uv": [8.75, 5.25, 10.5, 5.5], "texture": "#2"},
				"south": {"uv": [8.75, 5.5, 10.5, 5.75], "texture": "#2"},
				"west": {"uv": [8.75, 5.75, 10.5, 6], "texture": "#2"},
				"up": {"uv": [1.75, 7.25, 0, 5.5], "texture": "#2"},
				"down": {"uv": [7.25, 0, 5.5, 1.75], "texture": "#2"}
			}
		},
		{
			"from": [4, 8, 4],
			"to": [12, 11, 12],
			"rotation": {"angle": 0, "axis": "y", "origin": [0, 8, 14]},
			"faces": {
				"north": {"uv": [8.75, 3.25, 6.75, 4], "texture": "#2", "tintindex": 0},
				"east": {"uv": [8.75, 2.5, 6.75, 3.25], "texture": "#2", "tintindex": 0},
				"south": {"uv": [7.5, 1.75, 5.5, 2.5], "texture": "#2", "tintindex": 0},
				"west": {"uv": [8.75, 4, 6.75, 4.75], "texture": "#2", "tintindex": 0},
				"up": {"uv": [4.75, 3, 2.75, 5], "texture": "#2", "tintindex": 0},
				"down": {"uv": [6.75, 5, 4.75, 3], "texture": "#2", "tintindex": 0}
			}
		},
		{
			"from": [4, 11, 3],
			"to": [12, 14, 11],
			"rotation": {"angle": -22.5, "axis": "y", "origin": [8, 12.5, 7]},
			"faces": {
				"north": {"uv": [8.75, 6.25, 6.75, 7], "texture": "#2", "tintindex": 0},
				"east": {"uv": [8.75, 5.5, 6.75, 6.25], "texture": "#2", "tintindex": 0},
				"south": {"uv": [8.75, 4.75, 6.75, 5.5], "texture": "#2", "tintindex": 0},
				"west": {"uv": [3.75, 7, 1.75, 7.75], "texture": "#2", "tintindex": 0},
				"up": {"uv": [4.75, 5, 2.75, 7], "texture": "#2", "tintindex": 0},
				"down": {"uv": [6.75, 7, 4.75, 5], "texture": "#2", "tintindex": 0}
			}
		}
	],
	"display": {
		"thirdperson_righthand": {
			"rotation": [75, 45, 0],
			"translation": [0, 2.5, 0],
			"scale": [0.375, 0.375, 0.375]
		},
		"thirdperson_lefthand": {
			"rotation": [75, 45, 0],
			"translation": [0, 2.5, 0],
			"scale": [0.375, 0.375, 0.375]
		},
		"firstperson_righthand": {
			"rotation": [0, 45, 0],
			"scale": [0.4, 0.4, 0.4]
		},
		"firstperson_lefthand": {
			"rotation": [0, 225, 0],
			"scale": [0.4, 0.4, 0.4]
		},
		"ground": {
			"translation": [0, 3, 0],
			"scale": [0.25, 0.25, 0.25]
		},
		"gui": {
			"rotation": [30, 225, 0],
			"scale": [0.625, 0.625, 0.625]
		},
		"fixed": {
			"rotation": [-90, 0, 0],
			"translation": [0, 0, -16],
			"scale": [2, 2, 2]
		}
	}
}