{"textures":{"0":"glorious:entity/nocsy_cat6"},"elements":[{"from":[7.142857,7.0857143,6.9714284],"to":[8.857143,8.228572,8.685715],"rotation":{"angle":0.0,"axis":"y","origin":[10.571428,5.2571425,5.771428]},"faces":{"east":{"uv":[11.5,0.75,12.25,1.25],"rotation":0,"texture":"#0","tintindex":0},"south":{"uv":[11.5,1.5,12.25,2.0],"rotation":0,"texture":"#0","tintindex":0},"north":{"uv":[11.5,0.0,12.25,0.5],"rotation":0,"texture":"#0","tintindex":0},"west":{"uv":[11.5,2.25,12.25,2.75],"rotation":0,"texture":"#0","tintindex":0},"up":{"uv":[11.25,2.75,10.5,2.0],"rotation":0,"texture":"#0","tintindex":0},"down":{"uv":[11.25,3.0,10.5,3.75],"rotation":0,"texture":"#0","tintindex":0}}}],"display":{"head":{"translation":[0.0,-6.4,0.0],"scale":[4.0,4.0,4.0]}}}