{"textures":{"0":"glorious:entity/nocsy_otter_v2"},"elements":[{"from":[6.9142857,6.3220105,7.7856655],"to":[9.085714,8.49344,11.67138],"rotation":{"angle":0.0,"axis":"y","origin":[8.571428,3.1220107,4.8713794]},"faces":{"east":{"uv":[6.75,1.75,8.5,2.75],"rotation":0,"texture":"#0","tintindex":0},"south":{"uv":[8.0,5.5,9.0,6.5],"rotation":0,"texture":"#0","tintindex":0},"north":{"uv":[8.0,4.25,9.0,5.25],"rotation":0,"texture":"#0","tintindex":0},"west":{"uv":[6.75,3.0,8.5,4.0],"rotation":0,"texture":"#0","tintindex":0},"up":{"uv":[7.75,6.0,6.75,4.25],"rotation":0,"texture":"#0","tintindex":0},"down":{"uv":[7.75,6.25,6.75,8.0],"rotation":0,"texture":"#0","tintindex":0}}},{"from":[7.142857,6.55357,10.758053],"to":[8.857143,8.267856,13.043768],"rotation":{"angle":0.0,"axis":"y","origin":[8.0,7.582141,12.186625]},"faces":{"east":{"uv":[9.75,1.5,10.75,2.25],"rotation":0,"texture":"#0","tintindex":0},"south":{"uv":[10.25,2.5,11.0,3.25],"rotation":0,"texture":"#0","tintindex":0},"north":{"uv":[10.0,6.75,10.75,7.5],"rotation":0,"texture":"#0","tintindex":0},"west":{"uv":[1.75,9.75,2.75,10.5],"rotation":0,"texture":"#0","tintindex":0},"up":{"uv":[3.75,10.75,3.0,9.75],"rotation":0,"texture":"#0","tintindex":0},"down":{"uv":[6.75,9.75,6.0,10.75],"rotation":0,"texture":"#0","tintindex":0}}}],"display":{"head":{"translation":[0.0,-6.4,0.0],"scale":[4.0,4.0,4.0]}}}