{"groups":[0,1,2,3,{"name":"main","origin":[0,0,0],"color":0,"children":[4,5,6,7,8,9,10,11,12,13,14,{"name":"wheel1","origin":[0,0,0],"color":0,"children":[15,16,17,18,19,20,21,22,23]},{"name":"wheel2","origin":[0,0,0],"color":0,"children":[24,25,26,27,28,29,30,31,32]},{"name":"side1","origin":[0,0,0],"color":0,"children":[33,34,35,36,37,38]},{"name":"side2","origin":[0,0,0],"color":0,"children":[39,40,41,42,43,44]}]}],"texture_size":[128,128],"textures":{"1":"custom/blocks/rizaan/village/house_cart_1_default"},"elements":[{"from":[-4.25,7,3.9375],"to":[19.75,18,3.9375],"rotation":{"angle":0,"axis":"x","origin":[7.75,17.5,3.9375]},"faces":{"north":{"uv":[10,0.625,13,2],"texture":"#1"},"east":{"uv":[10,0.625,10,2],"texture":"#1"},"south":{"uv":[13,0.625,16,2],"texture":"#1"},"west":{"uv":[13,0.625,13,2],"texture":"#1"},"up":{"uv":[13,0.625,10,0.625],"texture":"#1"},"down":{"uv":[16,0.625,13,0.625],"texture":"#1"}}},{"from":[-4.25,7,28.025],"to":[19.75,18,28.025],"rotation":{"angle":0,"axis":"x","origin":[7.75,17.5,3.9375]},"faces":{"north":{"uv":[10,0.625,13,2],"texture":"#1"},"east":{"uv":[10,0.625,10,2],"texture":"#1"},"south":{"uv":[13,0.625,16,2],"texture":"#1"},"west":{"uv":[13,0.625,13,2],"texture":"#1"},"up":{"uv":[13,0.625,10,0.625],"texture":"#1"},"down":{"uv":[16,0.625,13,0.625],"texture":"#1"}}},{"from":[7.99915,10.31335,4],"to":[19.99915,18.31335,28],"shade":false,"rotation":{"angle":-22.5,"axis":"z","origin":[8,18.3125,16]},"faces":{"north":{"uv":[11.5,5.125,10,6.125],"texture":"#1"},"east":{"uv":[10,5.125,7,6.125],"texture":"#1"},"south":{"uv":[16,5.125,14.5,6.125],"texture":"#1"},"up":{"uv":[10,5.125,11.5,2.125],"texture":"#1"},"down":{"uv":[11.5,2.125,13,5.125],"rotation":270,"texture":"#1"}}},{"from":[-3.99915,10.31335,4],"to":[8.00085,18.31335,28],"rotation":{"angle":22.5,"axis":"z","origin":[8,18.3125,16]},"faces":{"north":{"uv":[10,5.125,11.5,6.125],"texture":"#1"},"south":{"uv":[14.5,5.125,16,6.125],"texture":"#1"},"west":{"uv":[7,5.125,10,6.125],"texture":"#1"},"up":{"uv":[11.5,5.125,10,2.125],"texture":"#1"},"down":{"uv":[13,2.125,11.5,5.125],"rotation":270,"texture":"#1"}}},{"from":[-3,12,28.5],"to":[19,15,30.5],"faces":{"north":{"uv":[3.25,7.625,6,8],"texture":"#1"},"east":{"uv":[0,7.625,0.25,8],"texture":"#1"},"south":{"uv":[3.25,7.625,6,8],"texture":"#1"},"west":{"uv":[3,7.625,3.25,8],"texture":"#1"},"up":{"uv":[3,7.625,0.25,7.375],"texture":"#1"},"down":{"uv":[5.75,7.375,3,7.625],"texture":"#1"}}},{"from":[-4,4,0],"to":[20,7,32],"faces":{"north":{"uv":[4,15.625,7,16],"texture":"#1"},"east":{"uv":[11,15.625,7,16],"texture":"#1"},"south":{"uv":[11,15.625,14,16],"texture":"#1"},"west":{"uv":[7,15.625,11,16],"texture":"#1"},"up":{"uv":[7,15.625,4,11.625],"texture":"#1"},"down":{"uv":[7,11.625,10,15.625],"texture":"#1"}}},{"from":[13.5,2,-5],"to":[16.5,5,7],"faces":{"north":{"uv":[1.5,6.75,1.875,7.125],"texture":"#1"},"east":{"uv":[0,6.75,1.5,7.125],"texture":"#1"},"south":{"uv":[3.375,6.75,3.75,7.125],"texture":"#1"},"west":{"uv":[1.5,6.75,0,7.125],"texture":"#1"},"up":{"uv":[1.875,6.75,1.5,5.25],"texture":"#1"},"down":{"uv":[2.25,5.25,1.875,6.75],"texture":"#1"}}},{"from":[13.5,0,1],"to":[16.5,2,4],"faces":{"north":{"uv":[9.25,6.875,9.625,7.125],"texture":"#1"},"east":{"uv":[10.375,6.875,10,7.125],"texture":"#1"},"south":{"uv":[10.375,6.875,10,7.125],"texture":"#1"},"west":{"uv":[8.875,6.875,9.25,7.125],"texture":"#1"},"up":{"uv":[9.625,6.875,9.25,6.5],"texture":"#1"},"down":{"uv":[10,6.5,9.625,6.875],"texture":"#1"}}},{"from":[-0.5,0,1],"to":[2.5,2,4],"faces":{"north":{"uv":[9.25,6.875,9.625,7.125],"texture":"#1"},"east":{"uv":[8.875,6.875,9.25,7.125],"texture":"#1"},"south":{"uv":[10,6.875,10.375,7.125],"texture":"#1"},"west":{"uv":[9.625,6.875,10,7.125],"texture":"#1"},"up":{"uv":[9.625,6.875,9.25,6.5],"texture":"#1"},"down":{"uv":[9.625,6.5,10,6.875],"texture":"#1"}}},{"from":[-0.5,2,-5],"to":[2.5,5,7],"shade":false,"faces":{"north":{"uv":[1.875,6.75,1.5,7.125],"texture":"#1"},"east":{"uv":[0,6.75,1.5,7.125],"texture":"#1"},"south":{"uv":[3.75,6.75,3.375,7.125],"texture":"#1"},"west":{"uv":[1.5,6.75,0,7.125],"texture":"#1"},"up":{"uv":[1.5,6.75,1.875,5.25],"texture":"#1"},"down":{"uv":[1.875,5.25,2.25,6.75],"texture":"#1"}}},{"from":[-0.53125,0.32381,-16],"to":[2.46875,3.32381,-6],"shade":false,"rotation":{"angle":22.5,"axis":"x","origin":[0,-1.67619,-1.35115]},"faces":{"north":{"uv":[5.125,6.75,5.5,7.125],"texture":"#1"},"east":{"uv":[3.875,6.75,5.125,7.125],"texture":"#1"},"south":{"uv":[7.125,6.75,6.75,7.125],"texture":"#1"},"west":{"uv":[5.125,6.75,3.875,7.125],"texture":"#1"},"up":{"uv":[5.125,6.75,5.5,5.5],"texture":"#1"},"down":{"uv":[5.5,5.5,5.875,6.75],"texture":"#1"}}},{"from":[13.46875,0.32381,-16],"to":[16.46875,3.32381,-6],"rotation":{"angle":22.5,"axis":"x","origin":[0,-1.67619,-1.35115]},"faces":{"north":{"uv":[5.5,6.75,5.125,7.125],"texture":"#1"},"east":{"uv":[3.875,6.75,5.125,7.125],"texture":"#1"},"south":{"uv":[6.75,6.75,7.125,7.125],"texture":"#1"},"west":{"uv":[5.125,6.75,3.875,7.125],"texture":"#1"},"up":{"uv":[5.5,6.75,5.125,5.5],"texture":"#1"},"down":{"uv":[5.875,5.5,5.5,6.75],"texture":"#1"}}},{"from":[13,-0.17619,-14],"to":[17,3.82381,-12],"rotation":{"angle":22.5,"axis":"x","origin":[0,-1.67619,-1.35115]},"faces":{"north":{"uv":[7.5,6.625,8,7.125],"texture":"#1"},"east":{"uv":[7.25,6.625,7.5,7.125],"texture":"#1"},"south":{"uv":[7.5,6.625,8,7.125],"texture":"#1"},"west":{"uv":[7.5,6.625,7.25,7.125],"texture":"#1"},"up":{"uv":[8,6.625,7.5,6.375],"texture":"#1"},"down":{"uv":[8.5,6.375,8,6.625],"texture":"#1"}}},{"from":[-1,-0.17619,-14],"to":[3,3.82381,-12],"shade":false,"rotation":{"angle":22.5,"axis":"x","origin":[16,-1.67619,-1.35115]},"faces":{"north":{"uv":[8,6.625,7.5,7.125],"texture":"#1"},"east":{"uv":[7.25,6.625,7.5,7.125],"texture":"#1"},"south":{"uv":[8,6.625,7.5,7.125],"texture":"#1"},"west":{"uv":[7.5,6.625,7.25,7.125],"texture":"#1"},"up":{"uv":[7.5,6.625,8,6.375],"texture":"#1"},"down":{"uv":[8,6.375,8.5,6.625],"texture":"#1"}}},{"from":[-1,7,28.5],"to":[17,9,30.5],"faces":{"north":{"uv":[8.875,7.75,11.125,8],"texture":"#1"},"east":{"uv":[6.125,7.75,6.375,8],"texture":"#1"},"south":{"uv":[8.875,7.75,11.125,8],"texture":"#1"},"west":{"uv":[8.625,7.75,8.875,8],"texture":"#1"},"up":{"uv":[8.625,7.75,6.375,7.5],"texture":"#1"},"down":{"uv":[10.875,7.5,8.625,7.75],"texture":"#1"}}},{"from":[-7,0,17],"to":[-4,2,23],"rotation":{"angle":22.5,"axis":"x","origin":[-5.4,5,20]},"faces":{"north":{"uv":[3.125,3.125,3.5,3.375],"texture":"#1"},"east":{"uv":[4.25,3.125,3.5,3.375],"texture":"#1"},"south":{"uv":[4.25,3.125,4.625,3.375],"texture":"#1"},"west":{"uv":[3.5,3.125,4.25,3.375],"texture":"#1"},"up":{"uv":[3.5,3.125,3.125,2.375],"texture":"#1"},"down":{"uv":[3.875,2.375,3.5,3.125],"texture":"#1"}}},{"from":[-7,0,23],"to":[-4,10,25],"rotation":{"angle":22.5,"axis":"x","origin":[-5.4,5,20]},"faces":{"north":{"uv":[6.375,3.25,6.75,4.5],"texture":"#1"},"east":{"uv":[7,3.25,6.75,4.5],"texture":"#1"},"south":{"uv":[7,3.25,7.375,4.5],"texture":"#1"},"west":{"uv":[6.75,3.25,7,4.5],"texture":"#1"},"up":{"uv":[6.75,3.25,6.375,3],"texture":"#1"},"down":{"uv":[7.125,3,6.75,3.25],"texture":"#1"}}},{"from":[-6.5,4,21],"to":[-4.5,6,23],"rotation":{"angle":22.5,"axis":"x","origin":[-5.4,5,20]},"faces":{"north":{"uv":[1.375,3.625,1.625,3.875],"texture":"#1"},"east":{"uv":[1.125,3.625,1.375,3.875],"texture":"#1"},"south":{"uv":[1.875,3.625,2.125,3.875],"texture":"#1"},"west":{"uv":[1.625,3.625,1.875,3.875],"texture":"#1"},"up":{"uv":[1.625,3.625,1.375,3.375],"texture":"#1"},"down":{"uv":[1.875,3.375,1.625,3.625],"texture":"#1"}}},{"from":[-6.5,4,17],"to":[-4.5,6,19],"rotation":{"angle":22.5,"axis":"x","origin":[-5.4,5,20]},"faces":{"north":{"uv":[1.375,4.25,1.625,4.5],"texture":"#1"},"east":{"uv":[1.125,4.25,1.375,4.5],"texture":"#1"},"south":{"uv":[1.875,4.25,2.125,4.5],"texture":"#1"},"west":{"uv":[1.625,4.25,1.875,4.5],"texture":"#1"},"up":{"uv":[1.625,4.25,1.375,4],"texture":"#1"},"down":{"uv":[1.875,4,1.625,4.25],"texture":"#1"}}},{"from":[-7,0,15],"to":[-4,10,17],"rotation":{"angle":22.5,"axis":"x","origin":[-5.4,5,20]},"faces":{"north":{"uv":[5,3.25,5.375,4.5],"texture":"#1"},"east":{"uv":[5.625,3.25,5.375,4.5],"texture":"#1"},"south":{"uv":[5.625,3.25,6,4.5],"texture":"#1"},"west":{"uv":[5.375,3.25,5.625,4.5],"texture":"#1"},"up":{"uv":[5.375,3.25,5,3],"texture":"#1"},"down":{"uv":[5.75,3,5.375,3.25],"texture":"#1"}}},{"from":[-7,8,17],"to":[-4,10,23],"rotation":{"angle":22.5,"axis":"x","origin":[-5.4,5,20]},"faces":{"north":{"uv":[3,4.25,3.375,4.5],"texture":"#1"},"east":{"uv":[4.125,4.25,3.375,4.5],"texture":"#1"},"south":{"uv":[4.125,4.25,4.5,4.5],"texture":"#1"},"west":{"uv":[3.375,4.25,4.125,4.5],"texture":"#1"},"up":{"uv":[3.375,4.25,3,3.5],"texture":"#1"},"down":{"uv":[3.75,3.5,3.375,4.25],"texture":"#1"}}},{"from":[-6.5,6,19],"to":[-4.5,8,21],"rotation":{"angle":22.5,"axis":"x","origin":[-5.4,5,20]},"faces":{"north":{"uv":[0.25,3.625,0.5,3.875],"texture":"#1"},"east":{"uv":[0,3.625,0.25,3.875],"texture":"#1"},"south":{"uv":[0.75,3.625,1,3.875],"texture":"#1"},"west":{"uv":[0.5,3.625,0.75,3.875],"texture":"#1"},"up":{"uv":[0.5,3.625,0.25,3.375],"texture":"#1"},"down":{"uv":[0.75,3.375,0.5,3.625],"texture":"#1"}}},{"from":[-6.5,2,19],"to":[-4.5,4,21],"rotation":{"angle":22.5,"axis":"x","origin":[-5.4,5,20]},"faces":{"north":{"uv":[0.25,4.25,0.5,4.5],"texture":"#1"},"east":{"uv":[0,4.25,0.25,4.5],"texture":"#1"},"south":{"uv":[0.75,4.25,1,4.5],"texture":"#1"},"west":{"uv":[0.5,4.25,0.75,4.5],"texture":"#1"},"up":{"uv":[0.5,4.25,0.25,4],"texture":"#1"},"down":{"uv":[0.75,4,0.5,4.25],"texture":"#1"}}},{"from":[-8,3.5,18.5],"to":[-2,6.5,21.5],"rotation":{"angle":22.5,"axis":"x","origin":[-5.4,5,20]},"faces":{"north":{"uv":[0.375,2.875,1.125,3.25],"texture":"#1"},"east":{"uv":[0,2.875,0.375,3.25],"texture":"#1"},"south":{"uv":[1.5,2.875,2.25,3.25],"texture":"#1"},"west":{"uv":[1.125,2.875,1.5,3.25],"texture":"#1"},"up":{"uv":[1.125,2.875,0.375,2.5],"texture":"#1"},"down":{"uv":[1.875,2.5,1.125,2.875],"texture":"#1"}}},{"from":[20,0,17],"to":[23,2,23],"shade":false,"rotation":{"angle":22.5,"axis":"x","origin":[21.4,5,20]},"faces":{"north":{"uv":[3.5,3.125,3.125,3.375],"texture":"#1"},"east":{"uv":[4.25,3.125,3.5,3.375],"texture":"#1"},"south":{"uv":[4.625,3.125,4.25,3.375],"texture":"#1"},"west":{"uv":[3.5,3.125,4.25,3.375],"texture":"#1"},"up":{"uv":[3.125,3.125,3.5,2.375],"texture":"#1"},"down":{"uv":[3.5,2.375,3.875,3.125],"texture":"#1"}}},{"from":[20,0,23],"to":[23,10,25],"shade":false,"rotation":{"angle":22.5,"axis":"x","origin":[21.4,5,20]},"faces":{"north":{"uv":[6.75,3.25,6.375,4.5],"texture":"#1"},"east":{"uv":[7,3.25,6.75,4.5],"texture":"#1"},"south":{"uv":[7.375,3.25,7,4.5],"texture":"#1"},"west":{"uv":[6.75,3.25,7,4.5],"texture":"#1"},"up":{"uv":[6.375,3.25,6.75,3],"texture":"#1"},"down":{"uv":[6.75,3,7.125,3.25],"texture":"#1"}}},{"from":[20.5,4,21],"to":[22.5,6,23],"shade":false,"rotation":{"angle":22.5,"axis":"x","origin":[21.4,5,20]},"faces":{"north":{"uv":[1.625,3.625,1.375,3.875],"texture":"#1"},"east":{"uv":[1.875,3.625,1.625,3.875],"texture":"#1"},"south":{"uv":[2.125,3.625,1.875,3.875],"texture":"#1"},"west":{"uv":[1.375,3.625,1.125,3.875],"texture":"#1"},"up":{"uv":[1.375,3.625,1.625,3.375],"texture":"#1"},"down":{"uv":[1.625,3.375,1.875,3.625],"texture":"#1"}}},{"from":[20.5,4,17],"to":[22.5,6,19],"shade":false,"rotation":{"angle":22.5,"axis":"x","origin":[21.4,5,20]},"faces":{"north":{"uv":[1.625,4.25,1.375,4.5],"texture":"#1"},"east":{"uv":[1.875,4.25,1.625,4.5],"texture":"#1"},"south":{"uv":[2.125,4.25,1.875,4.5],"texture":"#1"},"west":{"uv":[1.375,4.25,1.125,4.5],"texture":"#1"},"up":{"uv":[1.375,4.25,1.625,4],"texture":"#1"},"down":{"uv":[1.625,4,1.875,4.25],"texture":"#1"}}},{"from":[20,0,15],"to":[23,10,17],"shade":false,"rotation":{"angle":22.5,"axis":"x","origin":[21.4,5,20]},"faces":{"north":{"uv":[5.375,3.25,5,4.5],"texture":"#1"},"east":{"uv":[5.625,3.25,5.375,4.5],"texture":"#1"},"south":{"uv":[6,3.25,5.625,4.5],"texture":"#1"},"west":{"uv":[5.375,3.25,5.625,4.5],"texture":"#1"},"up":{"uv":[5,3.25,5.375,3],"texture":"#1"},"down":{"uv":[5.375,3,5.75,3.25],"texture":"#1"}}},{"from":[20,8,17],"to":[23,10,23],"shade":false,"rotation":{"angle":22.5,"axis":"x","origin":[21.4,5,20]},"faces":{"north":{"uv":[3.375,4.25,3,4.5],"texture":"#1"},"east":{"uv":[4.125,4.25,3.375,4.5],"texture":"#1"},"south":{"uv":[4.5,4.25,4.125,4.5],"texture":"#1"},"west":{"uv":[3.375,4.25,4.125,4.5],"texture":"#1"},"up":{"uv":[3,4.25,3.375,3.5],"texture":"#1"},"down":{"uv":[3.375,3.5,3.75,4.25],"texture":"#1"}}},{"from":[20.5,6,19],"to":[22.5,8,21],"shade":false,"rotation":{"angle":22.5,"axis":"x","origin":[21.4,5,20]},"faces":{"north":{"uv":[0.5,3.625,0.25,3.875],"texture":"#1"},"east":{"uv":[0.75,3.625,0.5,3.875],"texture":"#1"},"south":{"uv":[1,3.625,0.75,3.875],"texture":"#1"},"west":{"uv":[0.25,3.625,0,3.875],"texture":"#1"},"up":{"uv":[0.25,3.625,0.5,3.375],"texture":"#1"},"down":{"uv":[0.5,3.375,0.75,3.625],"texture":"#1"}}},{"from":[20.5,2,19],"to":[22.5,4,21],"shade":false,"rotation":{"angle":22.5,"axis":"x","origin":[21.4,5,20]},"faces":{"north":{"uv":[0.5,4.25,0.25,4.5],"texture":"#1"},"east":{"uv":[0.75,4.25,0.5,4.5],"texture":"#1"},"south":{"uv":[1,4.25,0.75,4.5],"texture":"#1"},"west":{"uv":[0.25,4.25,0,4.5],"texture":"#1"},"up":{"uv":[0.25,4.25,0.5,4],"texture":"#1"},"down":{"uv":[0.5,4,0.75,4.25],"texture":"#1"}}},{"from":[18,3.5,18.5],"to":[24,6.5,21.5],"shade":false,"rotation":{"angle":22.5,"axis":"x","origin":[21.4,5,20]},"faces":{"north":{"uv":[1.125,2.875,0.375,3.25],"texture":"#1"},"east":{"uv":[1.5,2.875,1.125,3.25],"texture":"#1"},"south":{"uv":[2.25,2.875,1.5,3.25],"texture":"#1"},"west":{"uv":[0.375,2.875,0,3.25],"texture":"#1"},"up":{"uv":[0.375,2.875,1.125,2.5],"texture":"#1"},"down":{"uv":[1.125,2.5,1.875,2.875],"texture":"#1"}}},{"from":[-3,14,27.5],"to":[1,17,31.5],"rotation":{"angle":22.5,"axis":"z","origin":[-1.5,5.58333,16]},"faces":{"north":{"uv":[3.125,0.5,3.625,0.875],"texture":"#1"},"east":{"uv":[3.125,0.5,3.625,0.875],"texture":"#1"},"south":{"uv":[2.625,0.5,3.125,0.875],"texture":"#1"},"west":{"uv":[2.625,0.5,3.125,0.875],"texture":"#1"},"up":{"uv":[2.625,0.5,2.125,0],"texture":"#1"},"down":{"uv":[3.125,0,2.625,0.5],"texture":"#1"}}},{"from":[-2.5,2,28],"to":[0.5,18,31],"rotation":{"angle":22.5,"axis":"z","origin":[-1.5,5.58333,16]},"faces":{"north":{"uv":[1.125,0.375,0.75,2.375],"texture":"#1"},"east":{"uv":[0.75,0.375,1.125,2.375],"texture":"#1"},"south":{"uv":[1.125,0.375,1.5,2.375],"texture":"#1"},"west":{"uv":[0.375,0.375,0,2.375],"texture":"#1"},"up":{"uv":[0.75,0.375,0.375,0],"texture":"#1"},"down":{"uv":[1.125,0,0.75,0.375],"texture":"#1"}}},{"from":[-2.5,2,1],"to":[0.5,18,4],"rotation":{"angle":22.5,"axis":"z","origin":[-1.5,5.58333,16]},"faces":{"north":{"uv":[1.5,0.375,1.125,2.375],"texture":"#1"},"east":{"uv":[0.375,0.375,0.75,2.375],"texture":"#1"},"south":{"uv":[0.75,0.375,1.125,2.375],"texture":"#1"},"west":{"uv":[0,0.375,0.375,2.375],"texture":"#1"},"up":{"uv":[0.75,0.375,0.375,0],"texture":"#1"},"down":{"uv":[1.125,0,0.75,0.375],"texture":"#1"}}},{"from":[-3,14,0.5],"to":[1,17,4.5],"rotation":{"angle":22.5,"axis":"z","origin":[-1.5,5.58333,16]},"faces":{"north":{"uv":[2.125,0.5,2.625,0.875],"texture":"#1"},"east":{"uv":[1.625,0.5,2.125,0.875],"texture":"#1"},"south":{"uv":[3.125,0.5,3.625,0.875],"texture":"#1"},"west":{"uv":[2.625,0.5,3.125,0.875],"texture":"#1"},"up":{"uv":[2.625,0.5,2.125,0],"texture":"#1"},"down":{"uv":[3.125,0,2.625,0.5],"texture":"#1"}}},{"from":[-2,12,4],"to":[0,15,28],"rotation":{"angle":22.5,"axis":"z","origin":[-1.5,5.58333,16]},"faces":{"north":{"uv":[3,11.125,3.25,11.5],"texture":"#1"},"east":{"uv":[6.25,11.125,3.25,11.5],"texture":"#1"},"south":{"uv":[6.25,11.125,6.5,11.5],"texture":"#1"},"west":{"uv":[3.25,11.125,6.25,11.5],"texture":"#1"},"up":{"uv":[3.25,11.125,3,8.125],"texture":"#1"},"down":{"uv":[3.5,8.125,3.25,11.125],"texture":"#1"}}},{"from":[-2,7,4],"to":[0,9,28],"rotation":{"angle":22.5,"axis":"z","origin":[-1.5,5.58333,16]},"faces":{"north":{"uv":[9.625,11.25,9.875,11.5],"texture":"#1"},"east":{"uv":[9.875,11.25,12.875,11.5],"texture":"#1"},"south":{"uv":[12.875,11.25,13.125,11.5],"texture":"#1"},"west":{"uv":[6.625,11.25,9.625,11.5],"texture":"#1"},"up":{"uv":[9.625,8.25,9.875,11.25],"texture":"#1"},"down":{"uv":[10.125,8.25,9.875,11.25],"texture":"#1"}}},{"from":[15,14,27.5],"to":[19,17,31.5],"rotation":{"angle":-22.5,"axis":"z","origin":[17.5,5.58333,16]},"faces":{"north":{"uv":[3.125,0.5,3.625,0.875],"texture":"#1"},"east":{"uv":[1.625,0.5,2.125,0.875],"texture":"#1"},"south":{"uv":[2.625,0.5,3.125,0.875],"texture":"#1"},"west":{"uv":[3.125,0.5,3.625,0.875],"texture":"#1"},"up":{"uv":[2.625,0.5,2.125,0],"texture":"#1"},"down":{"uv":[3.125,0,2.625,0.5],"texture":"#1"}}},{"from":[15.5,2,28],"to":[18.5,18,31],"rotation":{"angle":-22.5,"axis":"z","origin":[17.5,5.58333,16]},"faces":{"north":{"uv":[0.75,0.375,1.125,2.375],"texture":"#1"},"east":{"uv":[0,0.375,0.375,2.375],"texture":"#1"},"south":{"uv":[1.5,0.375,1.125,2.375],"texture":"#1"},"west":{"uv":[1.125,0.375,0.75,2.375],"texture":"#1"},"up":{"uv":[0.75,0.375,0.375,0],"texture":"#1"},"down":{"uv":[0.75,0,1.125,0.375],"texture":"#1"}}},{"from":[15.5,2,1],"to":[18.5,18,4],"rotation":{"angle":-22.5,"axis":"z","origin":[17.5,5.58333,16]},"faces":{"north":{"uv":[1.125,0.375,1.5,2.375],"texture":"#1"},"east":{"uv":[0.375,0.375,0,2.375],"texture":"#1"},"south":{"uv":[1.125,0.375,0.75,2.375],"texture":"#1"},"west":{"uv":[0.375,0.375,0.75,2.375],"texture":"#1"},"up":{"uv":[0.75,0.375,0.375,0],"texture":"#1"},"down":{"uv":[1.125,0,0.75,0.375],"texture":"#1"}}},{"from":[15,14,0.5],"to":[19,17,4.5],"rotation":{"angle":-22.5,"axis":"z","origin":[17.5,5.58333,16]},"faces":{"north":{"uv":[2.125,0.5,2.625,0.875],"texture":"#1"},"east":{"uv":[1.625,0.5,2.125,0.875],"texture":"#1"},"south":{"uv":[3.125,0.5,3.625,0.875],"texture":"#1"},"west":{"uv":[2.625,0.5,3.125,0.875],"texture":"#1"},"up":{"uv":[2.625,0.5,2.125,0],"texture":"#1"},"down":{"uv":[3.125,0,2.625,0.5],"texture":"#1"}}},{"from":[16,12,4],"to":[18,15,28],"rotation":{"angle":-22.5,"axis":"z","origin":[17.5,5.58333,16]},"faces":{"north":{"uv":[3,11.125,3.25,11.5],"texture":"#1"},"east":{"uv":[3.25,11.125,6.25,11.5],"texture":"#1"},"south":{"uv":[6.25,11.125,6.5,11.5],"texture":"#1"},"west":{"uv":[3.25,11.125,6.25,11.5],"texture":"#1"},"up":{"uv":[3,11.125,3.25,8.125],"texture":"#1"},"down":{"uv":[3.5,8.125,3.25,11.125],"texture":"#1"}}},{"from":[16,7,4],"to":[18,9,28],"rotation":{"angle":-22.5,"axis":"z","origin":[17.5,5.58333,16]},"faces":{"north":{"uv":[9.625,11.25,9.875,11.5],"texture":"#1"},"east":{"uv":[6.625,11.25,9.625,11.5],"texture":"#1"},"south":{"uv":[12.875,11.25,13.125,11.5],"texture":"#1"},"west":{"uv":[9.875,11.25,12.875,11.5],"texture":"#1"},"up":{"uv":[9.875,11.25,9.625,8.25],"texture":"#1"},"down":{"uv":[10.125,8.25,9.875,11.25],"texture":"#1"}}}],"display":{"thirdperson_righthand":{"rotation":[75,45,0],"translation":[0,2.5,0],"scale":[0.375,0.375,0.375]},"thirdperson_lefthand":{"rotation":[75,45,0],"translation":[0,2.5,0],"scale":[0.375,0.375,0.375]},"firstperson_righthand":{"rotation":[0,45,0],"translation":[0,3,0],"scale":[0.4,0.4,0.4]},"firstperson_lefthand":{"rotation":[0,225,0],"translation":[0,3,0],"scale":[0.4,0.4,0.4]},"ground":{"translation":[0,0.75,0],"scale":[0.5,0.5,0.5]},"gui":{"rotation":[30,225,0],"translation":[0.75,-0.5,0],"scale":[0.3,0.3,0.3]},"fixed":{"rotation":[-90,0,0],"translation":[0,0,-23],"scale":[3,3,3]}}}