{"providers":[{"type":"bitmap","file":"happyhud:font/assets/gloriousrealms/logo.png","height":28,"chars":["ҫ"],"ascent":-105500},{"type":"bitmap","file":"happyhud:font/font/icons/money.png","height":9,"chars":["Ҭ"],"ascent":-105500},{"type":"bitmap","file":"happyhud:font/font/icons/owner.png","height":7,"chars":[""],"ascent":-105500},{"type":"bitmap","file":"happyhud:font/font/icons/admin.png","height":7,"chars":[""],"ascent":-105500},{"type":"bitmap","file":"happyhud:font/font/icons/mod.png","height":7,"chars":[""],"ascent":-105500},{"type":"bitmap","file":"happyhud:font/font/icons/guide.png","height":7,"chars":[""],"ascent":-105500},{"type":"bitmap","file":"happyhud:font/font/icons/gold.png","height":7,"chars":[""],"ascent":-105500},{"type":"bitmap","file":"happyhud:font/font/icons/explorer.png","height":7,"chars":[""],"ascent":-105500},{"type":"bitmap","file":"happyhud:font/font/icons/emerald.png","height":7,"chars":[""],"ascent":-105500},{"type":"bitmap","file":"happyhud:font/font/icons/diamond.png","height":7,"chars":[""],"ascent":-105500},{"type":"bitmap","file":"happyhud:font/font/icons/coal.png","height":7,"chars":[""],"ascent":-105500},{"type":"bitmap","file":"happyhud:font/font/icons/media.png","height":7,"chars":[""],"ascent":-105500},{"type":"bitmap","file":"happyhud:font/font/icons/iron.png","height":7,"chars":[""],"ascent":-105500},{"type":"bitmap","file":"happyhud:font/font/icons/ruby.png","height":7,"chars":[""],"ascent":-105500}]}