{"display":{"thirdperson_righthand":{"rotation":[75,45,0],"translation":[0,2.5,0],"scale":[0.375,0.375,0.375]},"thirdperson_lefthand":{"rotation":[75,45,0],"translation":[0,2.5,0],"scale":[0.375,0.375,0.375]},"firstperson_righthand":{"rotation":[0,45,0],"translation":[0,3,0],"scale":[0.4,0.4,0.4]},"firstperson_lefthand":{"rotation":[0,225,0],"translation":[0,3,0],"scale":[0.4,0.4,0.4]},"ground":{"translation":[0,0.75,0],"scale":[0.5,0.5,0.5]},"gui":{"rotation":[30,225,0],"scale":[0.625,0.625,0.625]},"fixed":{"translation":[0,0,16],"scale":[2,2,2]}},"texture_size":[64,64],"textures":{"1":"custom/blocks/rizaan/village/furniture_table_1"},"elements":[{"from":[0,11,0],"to":[16,16,16],"faces":{"north":{"uv":[8,8,16,10.5],"texture":"#1"},"east":{"uv":[0,11,8,13.5],"texture":"#1"},"south":{"uv":[16,8,8,10.5],"texture":"#1"},"west":{"uv":[8,11,0,13.5],"texture":"#1"},"up":{"uv":[16,0,8,8],"texture":"#1"},"down":{"uv":[16,0,8,8],"texture":"#1"}}}]}