{"textures":{"0":"glorious:entity/nocsy_cat2"},"elements":[{"from":[7.142857,7.0346484,7.2448263],"to":[8.857143,8.1775055,8.959112],"rotation":{"angle":0.0,"axis":"y","origin":[10.571428,5.2060766,10.159112]},"faces":{"east":{"uv":[4.5,11.25,5.25,11.75],"rotation":0,"texture":"#0","tintindex":0},"south":{"uv":[11.25,5.0,12.0,5.5],"rotation":0,"texture":"#0","tintindex":0},"north":{"uv":[2.5,11.25,3.25,11.75],"rotation":0,"texture":"#0","tintindex":0},"west":{"uv":[5.5,11.25,6.25,11.75],"rotation":0,"texture":"#0","tintindex":0},"up":{"uv":[3.25,11.0,2.5,10.25],"rotation":0,"texture":"#0","tintindex":0},"down":{"uv":[5.25,10.25,4.5,11.0],"rotation":0,"texture":"#0","tintindex":0}}}],"display":{"head":{"translation":[0.0,-6.4,0.0],"scale":[4.0,4.0,4.0]}}}