{"textures":{"0":"glorious:entity/nocsy_cat2"},"elements":[{"from":[7.3428574,7.3428574,7.6285715],"to":[8.657143,8.657143,11.228572],"rotation":{"angle":0.0,"axis":"y","origin":[7.714286,8.0,9.428572]},"faces":{"east":{"uv":[8.0,8.75,9.5,9.25],"rotation":0,"texture":"#0","tintindex":0},"south":{"uv":[4.5,8.0,5.0,8.5],"rotation":0,"texture":"#0","tintindex":0},"north":{"uv":[5.25,7.0,5.75,7.5],"rotation":0,"texture":"#0","tintindex":0},"west":{"uv":[9.0,7.25,10.5,7.75],"rotation":0,"texture":"#0","tintindex":0},"up":{"uv":[1.5,10.5,1.0,9.0],"rotation":0,"texture":"#0","tintindex":0},"down":{"uv":[2.25,9.0,1.75,10.5],"rotation":0,"texture":"#0","tintindex":0}}}],"display":{"head":{"translation":[0.0,-6.4,0.0],"scale":[4.0,4.0,4.0]}}}