{
	"credit": "Made with Blockbench",
	"textures": {
		"0": "block/stripped_oak_log",
		"2": "block/oak_log",
		"4": "block/anvil",
		"particle": "block/stripped_oak_log"
	},
	"elements": [
		{
			"from": [4, 0, 4],
			"to": [12, 2, 12],
			"faces": {
				"north": {"uv": [3, 0, 13, 2], "texture": "#4"},
				"east": {"uv": [3, 0, 13, 2], "texture": "#4"},
				"south": {"uv": [3, 0, 13, 2], "texture": "#4"},
				"west": {"uv": [3, 0, 13, 2], "texture": "#4"},
				"up": {"uv": [3, 3, 11, 11], "texture": "#4"},
				"down": {"uv": [3, 3, 11, 11], "texture": "#4"}
			}
		},
		{
			"from": [5, 12, 5],
			"to": [11, 14, 11],
			"rotation": {"angle": 0, "axis": "y", "origin": [0, 12, 0]},
			"faces": {
				"north": {"uv": [2, 0, 4, 6], "rotation": 90, "texture": "#2"},
				"east": {"uv": [0, 0, 2, 6], "rotation": 90, "texture": "#2"},
				"south": {"uv": [6, 0, 8, 6], "rotation": 90, "texture": "#2"},
				"west": {"uv": [4, 0, 6, 6], "rotation": 90, "texture": "#2"},
				"up": {"uv": [0, 6, 6, 12], "texture": "#2"},
				"down": {"uv": [0, 6, 6, 12], "texture": "#2"}
			}
		},
		{
			"from": [7, 1, 7],
			"to": [9, 14, 9],
			"rotation": {"angle": 45, "axis": "y", "origin": [8, 0, 8]},
			"faces": {
				"north": {"uv": [0, 0, 2, 13], "texture": "#2"},
				"east": {"uv": [2, 0, 4, 13], "texture": "#2"},
				"south": {"uv": [6, 0, 8, 13], "texture": "#2"},
				"west": {"uv": [4, 0, 6, 13], "texture": "#2"},
				"up": {"uv": [4, 0, 6, 2], "texture": "#2"},
				"down": {"uv": [4, 0, 6, 2], "texture": "#2"}
			}
		},
		{
			"from": [0, 14, 0],
			"to": [16, 16, 16],
			"faces": {
				"north": {"uv": [0, 0, 16, 2], "texture": "#0"},
				"east": {"uv": [0, 0, 16, 2], "texture": "#0"},
				"south": {"uv": [0, 0, 16, 2], "texture": "#0"},
				"west": {"uv": [0, 0, 16, 2], "texture": "#0"},
				"up": {"uv": [0, 0, 16, 16], "texture": "#0"},
				"down": {"uv": [0, 0, 16, 16], "texture": "#0"}
			}
		}
	],
	"display": {
		"thirdperson_righthand": {
			"translation": [0, -1.5, 1.75],
			"scale": [0.5, 0.5, 0.5]
		},
		"thirdperson_lefthand": {
			"translation": [0, -1.5, 1.75],
			"scale": [0.5, 0.5, 0.5]
		},
		"firstperson_righthand": {
			"scale": [0.75, 0.75, 0.75]
		},
		"firstperson_lefthand": {
			"scale": [0.75, 0.75, 0.75]
		},
		"ground": {
			"translation": [0, 2.25, 0],
			"scale": [0.5, 0.5, 0.5]
		},
		"gui": {
			"rotation": [15, 145, 0],
			"scale": [0.5, 0.5, 0.5]
		},
		"head": {
			"translation": [0, 14, 0]
		},
		"fixed": {
			"rotation": [-90, 0, 0],
			"translation": [0, 0, -16],
			"scale": [2, 2, 2]
		}
	},
	"groups": [
		{
			"name": "table",
			"origin": [0, 0, 0],
			"color": 0,
			"children": [0, 1, 2, 3]
		}
	]
}