{"credit":"MadewithBlockbench","texture_size":[64,64],"textures":{"0":"glorious:item/bakery/bread","particle":"glorious:item/bakery/bread"},"elements":[{"from":[0,0,1],"to":[16,1,15],"rotation":{"angle":0,"axis":"y","origin":[8,0.5,8]},"faces":{"north":{"uv":[0,3.5,4,3.75],"texture":"#0"},"east":{"uv":[0,3.75,3.5,4],"texture":"#0"},"south":{"uv":[0,3.5,4,3.75],"texture":"#0"},"west":{"uv":[0,3.75,3.5,4],"texture":"#0"},"up":{"uv":[4,3.5,0,0],"texture":"#0"},"down":{"uv":[4,0,0,3.5],"texture":"#0"}}},{"from":[9,1,2],"to":[15,6,14],"rotation":{"angle":0,"axis":"y","origin":[8,0.5,8]},"faces":{"north":{"uv":[5.5,1.25,7,2.5],"texture":"#0"},"east":{"uv":[5.5,0,8.5,1.25],"texture":"#0"},"south":{"uv":[5.5,1.25,7,2.5],"texture":"#0"},"west":{"uv":[5.5,0,8.5,1.25],"texture":"#0"},"up":{"uv":[5.5,3,4,0],"texture":"#0"},"down":{"uv":[5.5,0,4,3],"texture":"#0"}}},{"from":[1,1,2],"to":[7,6,14],"rotation":{"angle":0,"axis":"y","origin":[8,0.5,8]},"faces":{"north":{"uv":[7,1.25,5.5,2.5],"texture":"#0"},"east":{"uv":[8.5,0,5.5,1.25],"texture":"#0"},"south":{"uv":[7,1.25,5.5,2.5],"texture":"#0"},"west":{"uv":[8.5,0,5.5,1.25],"texture":"#0"},"up":{"uv":[5.5,0,4,3],"texture":"#0"},"down":{"uv":[5.5,3,4,0],"texture":"#0"}}}],"gui_light":"front","display":{"thirdperson_righthand":{"rotation":[67.5,0,0],"translation":[0,2.5,1.5],"scale":[0.375,0.375,0.375]},"thirdperson_lefthand":{"rotation":[67.5,0,0],"translation":[0,2.5,1.5],"scale":[0.375,0.375,0.375]},"firstperson_righthand":{"translation":[0,5,0],"scale":[0.48594,0.48594,0.48594]},"firstperson_lefthand":{"translation":[0,5,0],"scale":[0.48594,0.48594,0.48594]},"ground":{"translation":[0,3,0],"scale":[0.5,0.5,0.5]},"gui":{"rotation":[30,225,0],"translation":[0,2.5,0],"scale":[0.625,0.625,0.625]},"head":{"translation":[0,-32,0],"scale":[0,0,0]},"fixed":{"rotation":[-90,0,0],"translation":[0,0,-16],"scale":[2,2,2]}}}