{"textures":{"1":"custom:entity/project/texture"},"elements":[{"faces":{"north":{"uv":[8,7.75,8.5,9.5],"texture":"#1","tintindex":0},"east":{"uv":[7.5,7.75,8,9.5],"texture":"#1","tintindex":0},"south":{"uv":[9,7.75,9.5,9.5],"texture":"#1","tintindex":0},"west":{"uv":[8.5,7.75,9,9.5],"texture":"#1","tintindex":0},"up":{"uv":[8.5,7.75,8,7.25],"texture":"#1","tintindex":0},"down":{"uv":[9,7.25,8.5,7.75],"texture":"#1","tintindex":0}},"to":[8.8,5,9.2],"from":[7.2,-0.6,7.6],"rotation":{"angle":0,"axis":"y","origin":[6.6,-0.6,5.6]}},{"faces":{"north":{"uv":[8.125,2.25,8.625,3.125],"texture":"#1","tintindex":0},"east":{"uv":[8,2.25,8.125,3.125],"texture":"#1","tintindex":0},"south":{"uv":[8.75,2.25,9.25,3.125],"texture":"#1","tintindex":0},"west":{"uv":[8.625,2.25,8.75,3.125],"texture":"#1","tintindex":0},"up":{"uv":[8.625,2.25,8.125,2.125],"texture":"#1","tintindex":0},"down":{"uv":[9.125,2.125,8.625,2.25],"texture":"#1","tintindex":0}},"to":[8.8,5,7.6],"from":[7.2,2.2,7.2],"rotation":{"angle":0,"axis":"y","origin":[6.6,-0.6,5.6]}}],"display":{"head":{"translation":[0,5.6,0],"scale":[4,4,4],"rotation":[0,0,0]}}}