{"textures":{"particle":"glorious:item/hats/gfx_jellyfish_cap"},"elements":[{"rotation":{"origin":[12,13,11],"angle":0,"axis":"y"},"from":[3,5,3],"to":[13,7,13],"faces":{"east":{"uv":[4.5,5.5,9.5,6.5],"texture":"#particle"},"south":{"uv":[4.5,5.5,9.5,6.5],"texture":"#particle"},"north":{"uv":[4.5,5.5,9.5,6.5],"texture":"#particle"},"west":{"uv":[4.5,5.5,9.5,6.5],"texture":"#particle"},"up":{"uv":[9.5,5.5,4.5,0.5],"texture":"#particle"},"down":{"uv":[9.5,11.5,4.5,6.5],"texture":"#particle"}}},{"rotation":{"origin":[11.5,15,10.5],"angle":0,"axis":"y"},"from":[3.5,7,3.5],"to":[12.5,10,12.5],"faces":{"east":{"uv":[15,7.5,10.5,9],"texture":"#particle"},"south":{"uv":[10.5,10,15,11.5],"texture":"#particle"},"north":{"uv":[10.5,5,15,6.5],"texture":"#particle"},"west":{"uv":[10.5,7.5,15,9],"texture":"#particle"},"up":{"uv":[15,5,10.5,0.5],"texture":"#particle"}}},{"rotation":{"origin":[4.5,5,4],"angle":0,"axis":"z"},"from":[3.5,2,3.5],"to":[4.5,5,4.5],"faces":{"east":{"uv":[0.5,0.5,1,2],"texture":"#particle"},"south":{"uv":[1,0.5,1.5,2],"texture":"#particle"},"north":{"uv":[0.5,0.5,1,2],"texture":"#particle"},"west":{"uv":[0.5,0.5,1,2],"texture":"#particle"},"down":{"uv":[1,2.5,0.5,2],"texture":"#particle"}}},{"rotation":{"origin":[11.5,5,4],"angle":0,"axis":"z"},"from":[11.5,2,3.5],"to":[12.5,5,4.5],"faces":{"east":{"uv":[1,0.5,0.5,2],"texture":"#particle"},"south":{"uv":[1.5,0.5,1,2],"texture":"#particle"},"north":{"uv":[1,0.5,0.5,2],"texture":"#particle"},"west":{"uv":[1,0.5,0.5,2],"texture":"#particle"},"down":{"uv":[0.5,2.5,1,2],"texture":"#particle"}}},{"rotation":{"origin":[4.5,3,5],"angle":0,"axis":"z"},"from":[3.5,-1,4.5],"to":[4.5,3,5.5],"faces":{"east":{"uv":[3,1,3.5,3],"texture":"#particle"},"south":{"uv":[3,1,3.5,3],"texture":"#particle"},"north":{"uv":[2.5,1,3,3],"texture":"#particle"},"west":{"uv":[3,1,3.5,3],"texture":"#particle"},"up":{"uv":[3,1,2.5,0.5],"texture":"#particle"},"down":{"uv":[3,3.5,2.5,3],"texture":"#particle"}}},{"rotation":{"origin":[11.5,3,5],"angle":0,"axis":"z"},"from":[11.5,-1,4.5],"to":[12.5,3,5.5],"faces":{"east":{"uv":[3.5,1,3,3],"texture":"#particle"},"south":{"uv":[3.5,1,3,3],"texture":"#particle"},"north":{"uv":[3,1,2.5,3],"texture":"#particle"},"west":{"uv":[3.5,1,3,3],"texture":"#particle"},"up":{"uv":[2.5,1,3,0.5],"texture":"#particle"},"down":{"uv":[2.5,3.5,3,3],"texture":"#particle"}}},{"rotation":{"origin":[4.5,5,12],"angle":0,"axis":"z"},"from":[3.5,3,11.5],"to":[4.5,5,12.5],"faces":{"east":{"uv":[0.5,9.5,1,10.5],"texture":"#particle"},"south":{"uv":[1,9.5,1.5,10.5],"texture":"#particle"},"north":{"uv":[0.5,9.5,1,10.5],"texture":"#particle"},"west":{"uv":[0.5,9.5,1,10.5],"texture":"#particle"},"down":{"uv":[1,11,0.5,10.5],"texture":"#particle"}}},{"rotation":{"origin":[11.5,5,12],"angle":0,"axis":"z"},"from":[11.5,3,11.5],"to":[12.5,5,12.5],"faces":{"east":{"uv":[1,9.5,0.5,10.5],"texture":"#particle"},"south":{"uv":[1.5,9.5,1,10.5],"texture":"#particle"},"north":{"uv":[1,9.5,0.5,10.5],"texture":"#particle"},"west":{"uv":[1,9.5,0.5,10.5],"texture":"#particle"},"down":{"uv":[0.5,11,1,10.5],"texture":"#particle"}}},{"rotation":{"origin":[8,5,11.5],"angle":0,"axis":"x"},"from":[7.5,2,11.5],"to":[8.5,5,12.5],"faces":{"east":{"uv":[4.5,12.5,5,14],"texture":"#particle"},"south":{"uv":[5,12.5,5.5,14],"texture":"#particle"},"north":{"uv":[4.5,12.5,5,14],"texture":"#particle"},"west":{"uv":[4.5,12.5,5,14],"texture":"#particle"},"down":{"uv":[5,14.5,4.5,14],"texture":"#particle"}}},{"rotation":{"origin":[4.5,5,8],"angle":0,"axis":"z"},"from":[3.5,3,7.5],"to":[4.5,5,8.5],"faces":{"east":{"uv":[0.5,3.5,1,4.5],"texture":"#particle"},"south":{"uv":[1,3.5,1.5,4.5],"texture":"#particle"},"north":{"uv":[0.5,3.5,1,4.5],"texture":"#particle"},"west":{"uv":[0.5,3.5,1,4.5],"texture":"#particle"},"down":{"uv":[1,5,0.5,4.5],"texture":"#particle"}}},{"rotation":{"origin":[11.5,5,8],"angle":0,"axis":"z"},"from":[11.5,3,7.5],"to":[12.5,5,8.5],"faces":{"east":{"uv":[1,3.5,0.5,4.5],"texture":"#particle"},"south":{"uv":[1.5,3.5,1,4.5],"texture":"#particle"},"north":{"uv":[1,3.5,0.5,4.5],"texture":"#particle"},"west":{"uv":[1,3.5,0.5,4.5],"texture":"#particle"},"down":{"uv":[0.5,5,1,4.5],"texture":"#particle"}}},{"rotation":{"origin":[4.5,2,12],"angle":0,"axis":"z"},"from":[3.5,-1,11.5],"to":[4.5,2,12.5],"faces":{"east":{"uv":[0.5,12.5,1,14],"texture":"#particle"},"south":{"uv":[1,12.5,1.5,14],"texture":"#particle"},"north":{"uv":[0.5,12.5,1,14],"texture":"#particle"},"west":{"uv":[0.5,12.5,1,14],"texture":"#particle"},"up":{"uv":[1,12.5,0.5,12],"texture":"#particle"},"down":{"uv":[1,14.5,0.5,14],"texture":"#particle"}}},{"rotation":{"origin":[11.5,2,12],"angle":0,"axis":"z"},"from":[11.5,-1,11.5],"to":[12.5,2,12.5],"faces":{"east":{"uv":[1,12.5,0.5,14],"texture":"#particle"},"south":{"uv":[1.5,12.5,1,14],"texture":"#particle"},"north":{"uv":[1,12.5,0.5,14],"texture":"#particle"},"west":{"uv":[1,12.5,0.5,14],"texture":"#particle"},"up":{"uv":[0.5,12.5,1,12],"texture":"#particle"},"down":{"uv":[0.5,14.5,1,14],"texture":"#particle"}}},{"rotation":{"origin":[4.5,1,8],"angle":0,"axis":"z"},"from":[3.5,-2,7.5],"to":[4.5,1,8.5],"faces":{"east":{"uv":[0.5,6.5,1,8],"texture":"#particle"},"south":{"uv":[1,6.5,1.5,8],"texture":"#particle"},"north":{"uv":[0.5,6.5,1,8],"texture":"#particle"},"west":{"uv":[0.5,6.5,1,8],"texture":"#particle"},"up":{"uv":[1,6.5,0.5,6],"texture":"#particle"},"down":{"uv":[1,8.5,0.5,8],"texture":"#particle"}}},{"rotation":{"origin":[11.5,1,8],"angle":0,"axis":"z"},"from":[11.5,-2,7.5],"to":[12.5,1,8.5],"faces":{"east":{"uv":[1,6.5,0.5,8],"texture":"#particle"},"south":{"uv":[1.5,6.5,1,8],"texture":"#particle"},"north":{"uv":[1,6.5,0.5,8],"texture":"#particle"},"west":{"uv":[1,6.5,0.5,8],"texture":"#particle"},"up":{"uv":[0.5,6.5,1,6],"texture":"#particle"},"down":{"uv":[0.5,8.5,1,8],"texture":"#particle"}}},{"rotation":{"origin":[4.5,4,13],"angle":0,"axis":"z"},"from":[3.5,1,12.5],"to":[4.5,4,13.5],"faces":{"east":{"uv":[3,9,3.5,10.5],"texture":"#particle"},"south":{"uv":[3,9,3.5,10.5],"texture":"#particle"},"north":{"uv":[2.5,9,3,10.5],"texture":"#particle"},"west":{"uv":[3,9,3.5,10.5],"texture":"#particle"},"up":{"uv":[3,9,2.5,8.5],"texture":"#particle"},"down":{"uv":[3,11,2.5,10.5],"texture":"#particle"}}},{"rotation":{"origin":[11.5,4,13],"angle":0,"axis":"z"},"from":[11.5,1,12.5],"to":[12.5,4,13.5],"faces":{"east":{"uv":[3.5,9,3,10.5],"texture":"#particle"},"south":{"uv":[3.5,9,3,10.5],"texture":"#particle"},"north":{"uv":[3,9,2.5,10.5],"texture":"#particle"},"west":{"uv":[3.5,9,3,10.5],"texture":"#particle"},"up":{"uv":[2.5,9,3,8.5],"texture":"#particle"},"down":{"uv":[2.5,11,3,10.5],"texture":"#particle"}}},{"rotation":{"origin":[8,5,11.5],"angle":0,"axis":"x"},"from":[7.5,-2,12.5],"to":[8.5,3,13.5],"faces":{"east":{"uv":[3,12.5,3.5,15],"texture":"#particle"},"south":{"uv":[3,12.5,3.5,15],"texture":"#particle"},"north":{"uv":[2.5,12.5,3,15],"texture":"#particle"},"west":{"uv":[3,12.5,3.5,15],"texture":"#particle"},"up":{"uv":[3,12.5,2.5,12],"texture":"#particle"},"down":{"uv":[3,15.5,2.5,15],"texture":"#particle"}}},{"rotation":{"origin":[4.5,6,8],"angle":0,"axis":"z"},"from":[3.5,0,8.5],"to":[4.5,4,9.5],"faces":{"east":{"uv":[3,5,3.5,7],"texture":"#particle"},"south":{"uv":[3,5,3.5,7],"texture":"#particle"},"north":{"uv":[2.5,5,3,7],"texture":"#particle"},"west":{"uv":[3,5,3.5,7],"texture":"#particle"},"up":{"uv":[3,5,2.5,4.5],"texture":"#particle"},"down":{"uv":[3,7.5,2.5,7],"texture":"#particle"}}},{"rotation":{"origin":[11.5,6,8],"angle":0,"axis":"z"},"from":[11.5,0,8.5],"to":[12.5,4,9.5],"faces":{"east":{"uv":[3.5,5,3,7],"texture":"#particle"},"south":{"uv":[3.5,5,3,7],"texture":"#particle"},"north":{"uv":[3,5,2.5,7],"texture":"#particle"},"west":{"uv":[3.5,5,3,7],"texture":"#particle"},"up":{"uv":[2.5,5,3,4.5],"texture":"#particle"},"down":{"uv":[2.5,7.5,3,7],"texture":"#particle"}}}],"display":{"head":{"translation":[0,6.45,0],"scale":[1.61,1.61,1.61]},"firstperson_righthand":{"rotation":[0,111.5,0],"translation":[1.5,2.5,0.5],"scale":[0.4,0.4,0.4]},"thirdperson_righthand":{"rotation":[75,45,0],"translation":[0,2.5,0],"scale":[0.55,0.55,0.55]},"ground":{"translation":[0,6,0]},"gui":{"rotation":[30,225,0],"translation":[0,1.5,0],"scale":[0.8,0.8,0.8]},"fixed":{"translation":[0,4,0]}}}