{"groups":[{"name":"carrots","origin":[8,0,8],"color":0,"children":[{"name":"carrots_g1","origin":[8,0,8],"color":0,"children":[{"name":"carrot_1","origin":[8.5,3.5,7.5],"color":0,"children":[0,1,2]},{"name":"carrot_2","origin":[8.5,3.5,7.5],"color":0,"children":[3,4,5]},{"name":"carrot_3","origin":[8.5,3.5,7.5],"color":0,"children":[]}]}]}],"texture_size":[64,64],"textures":{"0":"custom/blocks/rizaan/village/furniture_crate_default","particle":"custom/blocks/rizaan/village/furniture_crate_default"},"elements":[{"from":[5.65957,-0.01572,6],"to":[10.65957,1.98428,8],"rotation":{"angle":-22.5,"axis":"y","origin":[10.82623,0.98428,7]},"faces":{"north":{"uv":[13.375,0.875,12.875,2.125],"rotation":270,"texture":"#0"},"east":{"uv":[12.25,0.875,12.75,1.375],"rotation":270,"texture":"#0"},"south":{"uv":[13.375,0.875,12.875,2.125],"rotation":90,"texture":"#0"},"west":{"uv":[12.25,2.125,12.75,2.625],"rotation":270,"texture":"#0"},"up":{"uv":[12.875,0.875,13.375,2.125],"rotation":90,"texture":"#0"},"down":{"uv":[12.875,0.875,13.375,2.125],"rotation":90,"texture":"#0"}}},{"from":[10.65957,-0.51572,7],"to":[13.65957,2.48428,7],"rotation":{"angle":-22.5,"axis":"y","origin":[10.82623,0.98428,7]},"faces":{"north":{"uv":[11.375,0.875,12.125,1.625],"rotation":270,"texture":"#0"},"east":{"uv":[11.375,0.875,12.125,1.625],"rotation":270,"texture":"#0"},"south":{"uv":[11.375,0.875,12.125,1.625],"rotation":90,"texture":"#0"},"west":{"uv":[11.375,0.875,12.125,1.625],"rotation":270,"texture":"#0"},"up":{"uv":[11.375,0.875,12.125,1.625],"rotation":90,"texture":"#0"},"down":{"uv":[11.375,0.875,12.125,1.625],"rotation":90,"texture":"#0"}}},{"from":[10.65957,0.98428,5.5],"to":[13.65957,0.98428,8.5],"rotation":{"angle":-22.5,"axis":"y","origin":[10.82623,0.98428,7]},"faces":{"north":{"uv":[11.375,0.875,12.125,1.625],"rotation":270,"texture":"#0"},"east":{"uv":[11.375,0.875,12.125,1.625],"rotation":270,"texture":"#0"},"south":{"uv":[11.375,0.875,12.125,1.625],"rotation":90,"texture":"#0"},"west":{"uv":[11.375,0.875,12.125,1.625],"rotation":270,"texture":"#0"},"up":{"uv":[11.375,0.875,12.125,1.625],"rotation":90,"texture":"#0"},"down":{"uv":[11.375,0.875,12.125,1.625],"rotation":90,"texture":"#0"}}},{"from":[6,-0.01572,8],"to":[11,1.98428,10],"rotation":{"angle":-22.5,"axis":"y","origin":[5.8286,0.98428,9]},"faces":{"north":{"uv":[12.875,2.25,13.375,3.5],"rotation":90,"texture":"#0"},"east":{"uv":[12.75,2.125,12.25,2.625],"rotation":270,"texture":"#0"},"south":{"uv":[12.875,2.25,13.375,3.5],"rotation":270,"texture":"#0"},"west":{"uv":[12.75,1.5,12.25,2],"rotation":270,"texture":"#0"},"up":{"uv":[13.375,2.25,12.875,3.5],"rotation":270,"texture":"#0"},"down":{"uv":[13.375,2.25,12.875,3.5],"rotation":270,"texture":"#0"}}},{"from":[2.9929,-0.51572,9],"to":[5.9929,2.48428,9],"rotation":{"angle":-22.5,"axis":"y","origin":[5.8286,0.98428,9]},"faces":{"north":{"uv":[12.125,1.75,11.375,2.5],"rotation":90,"texture":"#0"},"east":{"uv":[12.125,1.75,11.375,2.5],"rotation":270,"texture":"#0"},"south":{"uv":[12.125,1.75,11.375,2.5],"rotation":270,"texture":"#0"},"west":{"uv":[12.125,1.75,11.375,2.5],"rotation":270,"texture":"#0"},"up":{"uv":[12.125,1.75,11.375,2.5],"rotation":270,"texture":"#0"},"down":{"uv":[12.125,1.75,11.375,2.5],"rotation":270,"texture":"#0"}}},{"from":[2.9929,0.98428,7.5],"to":[5.9929,0.98428,10.5],"rotation":{"angle":-22.5,"axis":"y","origin":[5.8286,0.98428,9]},"faces":{"north":{"uv":[12.125,1.75,11.375,2.5],"rotation":90,"texture":"#0"},"east":{"uv":[12.125,1.75,11.375,2.5],"rotation":270,"texture":"#0"},"south":{"uv":[12.125,1.75,11.375,2.5],"rotation":270,"texture":"#0"},"west":{"uv":[12.125,1.75,11.375,2.5],"rotation":270,"texture":"#0"},"up":{"uv":[12.125,1.75,11.375,2.5],"rotation":270,"texture":"#0"},"down":{"uv":[12.125,1.75,11.375,2.5],"rotation":270,"texture":"#0"}}}],"gui_light":"front","display":{"thirdperson_righthand":{"rotation":[75,45,0],"translation":[0,2.5,2.5],"scale":[0.375,0.375,0.375]},"thirdperson_lefthand":{"rotation":[75,45,0],"translation":[0,2.5,2.25],"scale":[0.375,0.375,0.375]},"firstperson_righthand":{"rotation":[0,45,0],"translation":[0,3,0],"scale":[0.4,0.4,0.4]},"firstperson_lefthand":{"rotation":[0,225,0],"translation":[0,3,0],"scale":[0.4,0.4,0.4]},"ground":{"translation":[0,0.75,0],"scale":[0.5,0.5,0.5]},"gui":{"rotation":[30,225,0],"translation":[0,8,0],"scale":[1.5,1.5,1.5]},"fixed":{"rotation":[-90,0,0],"translation":[0,0,-15],"scale":[2,2,2]}}}