{"textures":{"particle":"glorious:item/mc/gfx_fire_hydrant"},"elements":[{"from":[4,0,4],"to":[12,2,12],"rotation":{"angle":0,"axis":"y","origin":[15,8,15]},"faces":{"north":{"uv":[4.5,4.5,8.5,5.5],"texture":"#particle"},"east":{"uv":[4.5,4.5,8.5,5.5],"texture":"#particle"},"south":{"uv":[4.5,4.5,8.5,5.5],"texture":"#particle"},"west":{"uv":[4.5,4.5,8.5,5.5],"texture":"#particle"},"up":{"uv":[8.5,4.5,4.5,0.5],"texture":"#particle"},"down":{"uv":[8.5,9.5,4.5,5.5],"texture":"#particle"}}},{"from":[4,11,4],"to":[12,13,12],"rotation":{"angle":0,"axis":"y","origin":[15,19,15]},"faces":{"north":{"uv":[4.5,4.5,8.5,5.5],"texture":"#particle"},"east":{"uv":[4.5,4.5,8.5,5.5],"texture":"#particle"},"south":{"uv":[4.5,4.5,8.5,5.5],"texture":"#particle"},"west":{"uv":[4.5,4.5,8.5,5.5],"texture":"#particle"},"up":{"uv":[8.5,4.5,4.5,0.5],"texture":"#particle"},"down":{"uv":[8.5,9.5,4.5,5.5],"texture":"#particle"}}},{"from":[5,2,5],"to":[11,15,11],"rotation":{"angle":0,"axis":"y","origin":[15,10,15]},"faces":{"north":{"uv":[0.5,3.5,3.5,10],"texture":"#particle"},"east":{"uv":[0.5,3.5,3.5,10],"texture":"#particle"},"south":{"uv":[0.5,3.5,3.5,10],"texture":"#particle"},"west":{"uv":[0.5,3.5,3.5,10],"texture":"#particle"},"up":{"uv":[3.5,3.5,0.5,0.5],"texture":"#particle"}}},{"from":[6,6,3],"to":[10,10,5],"rotation":{"angle":0,"axis":"y","origin":[15,10,13]},"faces":{"north":{"uv":[12.5,8.5,14.5,10.5],"texture":"#particle"},"east":{"uv":[15.5,8.5,14.5,10.5],"texture":"#particle"},"west":{"uv":[14.5,8.5,15.5,10.5],"texture":"#particle"},"up":{"uv":[14.5,8.5,12.5,7.5],"texture":"#particle"},"down":{"uv":[14.5,11.5,12.5,10.5],"texture":"#particle"}}},{"from":[7,7,2],"to":[9,9,3],"rotation":{"angle":0,"axis":"y","origin":[15,10,12]},"faces":{"north":{"uv":[8.5,13.5,9.5,14.5],"texture":"#particle"},"east":{"uv":[10,13.5,9.5,14.5],"texture":"#particle"},"west":{"uv":[9.5,13.5,10,14.5],"texture":"#particle"},"up":{"uv":[9.5,13.5,8.5,13],"texture":"#particle"},"down":{"uv":[9.5,15,8.5,14.5],"texture":"#particle"}}},{"from":[3,6,6],"to":[13,10,10],"rotation":{"angle":0,"axis":"y","origin":[12,10,17]},"faces":{"north":{"uv":[9.5,2.5,14.5,4.5],"texture":"#particle"},"east":{"uv":[9.5,7.5,11.5,9.5],"texture":"#particle"},"south":{"uv":[9.5,2.5,14.5,4.5],"texture":"#particle"},"west":{"uv":[9.5,7.5,11.5,9.5],"texture":"#particle"},"up":{"uv":[14.5,2.5,9.5,0.5],"texture":"#particle"},"down":{"uv":[14.5,6.5,9.5,4.5],"texture":"#particle"}}},{"from":[2,7,7],"to":[14,9,9],"rotation":{"angle":0,"axis":"y","origin":[11,10,17]},"faces":{"north":{"uv":[0.5,12,6.5,13],"texture":"#particle"},"east":{"uv":[6.5,12,7.5,13],"texture":"#particle"},"south":{"uv":[0.5,12,6.5,13],"texture":"#particle"},"west":{"uv":[6.5,12,7.5,13],"texture":"#particle"},"up":{"uv":[6.5,12,0.5,11],"texture":"#particle"},"down":{"uv":[6.5,14,0.5,13],"texture":"#particle"}}},{"from":[7,15,7],"to":[9,16,9],"rotation":{"angle":0,"axis":"y","origin":[15,12,15]},"faces":{"north":{"uv":[8.5,11.5,9.5,12],"texture":"#particle"},"east":{"uv":[8.5,11.5,9.5,12],"texture":"#particle"},"south":{"uv":[8.5,11.5,9.5,12],"texture":"#particle"},"west":{"uv":[8.5,11.5,9.5,12],"texture":"#particle"},"up":{"uv":[9.5,11.5,8.5,10.5],"texture":"#particle"}}}],"display":{"thirdperson_righthand":{"rotation":[75,45,0],"translation":[0,1.5,0],"scale":[0.375,0.375,0.375]},"thirdperson_lefthand":{"rotation":[75,45,0],"translation":[0,1.5,0],"scale":[0.375,0.375,0.375]},"firstperson_righthand":{"rotation":[0,135,0],"translation":[0,2,0],"scale":[0.4,0.4,0.4]},"firstperson_lefthand":{"rotation":[0,135,0],"translation":[0,2,0],"scale":[0.4,0.4,0.4]},"ground":{"translation":[0,1,0],"scale":[0.5,0.5,0.5]},"gui":{"rotation":[30,225,0],"scale":[0.625,0.625,0.625]},"fixed":{"rotation":[-90,0,0],"translation":[0,0,-16],"scale":[2,2,2]}}}