{"providers":[{"file":"char/black.png","chars":[""],"height":1,"ascent":-5000,"type":"bitmap"},{"file":"char/black.png","chars":[""],"height":2,"ascent":-5000,"type":"bitmap"},{"file":"char/black.png","chars":[""],"height":3,"ascent":-5000,"type":"bitmap"},{"file":"char/black.png","chars":[""],"height":4,"ascent":-5000,"type":"bitmap"},{"file":"char/black.png","chars":[""],"height":5,"ascent":-5000,"type":"bitmap"},{"file":"char/black.png","chars":[""],"height":6,"ascent":-5000,"type":"bitmap"},{"file":"char/black.png","chars":[""],"height":7,"ascent":-5000,"type":"bitmap"},{"file":"char/black.png","chars":[""],"height":15,"ascent":-5000,"type":"bitmap"},{"file":"char/black.png","chars":[""],"height":31,"ascent":-5000,"type":"bitmap"},{"file":"char/black.png","chars":[""],"height":63,"ascent":-5000,"type":"bitmap"},{"file":"char/black.png","chars":[""],"height":127,"ascent":-5000,"type":"bitmap"},{"file":"char/black.png","chars":[""],"height":256,"ascent":-5000,"type":"bitmap"},{"file":"char/black.png","chars":[""],"height":512,"ascent":-5000,"type":"bitmap"},{"file":"char/black.png","chars":[""],"height":1024,"ascent":-5000,"type":"bitmap"},{"file":"char/black.png","chars":[""],"height":-3,"ascent":-5000,"type":"bitmap"},{"file":"char/black.png","chars":[""],"height":-4,"ascent":-5000,"type":"bitmap"},{"file":"char/black.png","chars":[""],"height":-5,"ascent":-5000,"type":"bitmap"},{"file":"char/black.png","chars":[""],"height":-6,"ascent":-5000,"type":"bitmap"},{"file":"char/black.png","chars":[""],"height":-7,"ascent":-5000,"type":"bitmap"},{"file":"char/black.png","chars":[""],"height":-8,"ascent":-5000,"type":"bitmap"},{"file":"char/black.png","chars":[""],"height":-9,"ascent":-5000,"type":"bitmap"},{"file":"char/black.png","chars":[""],"height":-10,"ascent":-5000,"type":"bitmap"},{"file":"char/black.png","chars":[""],"height":-18,"ascent":-5000,"type":"bitmap"},{"file":"char/black.png","chars":[""],"height":-34,"ascent":-5000,"type":"bitmap"},{"file":"char/black.png","chars":[""],"height":-66,"ascent":-5000,"type":"bitmap"},{"file":"char/black.png","chars":[""],"height":-130,"ascent":-5000,"type":"bitmap"},{"file":"char/black.png","chars":[""],"height":-259,"ascent":-5000,"type":"bitmap"},{"file":"char/black.png","chars":[""],"height":-515,"ascent":-5000,"type":"bitmap"},{"file":"char/black.png","chars":[""],"height":-1027,"ascent":-5000,"type":"bitmap"},{"file":"rpghuds:arrow_target/arrow_target.png","chars":[""],"height":16,"ascent":-25,"type":"bitmap"},{"file":"rpghuds:generic_chars/digit_0.png","chars":[""],"height":8,"ascent":-29,"type":"bitmap"},{"file":"rpghuds:generic_chars/digit_1.png","chars":[""],"height":8,"ascent":-29,"type":"bitmap"},{"file":"rpghuds:generic_chars/digit_2.png","chars":[""],"height":8,"ascent":-29,"type":"bitmap"},{"file":"rpghuds:generic_chars/digit_3.png","chars":[""],"height":8,"ascent":-29,"type":"bitmap"},{"file":"rpghuds:generic_chars/digit_4.png","chars":[""],"height":8,"ascent":-29,"type":"bitmap"},{"file":"rpghuds:generic_chars/digit_5.png","chars":[""],"height":8,"ascent":-29,"type":"bitmap"},{"file":"rpghuds:generic_chars/digit_6.png","chars":[""],"height":8,"ascent":-29,"type":"bitmap"},{"file":"rpghuds:generic_chars/digit_7.png","chars":[""],"height":8,"ascent":-29,"type":"bitmap"},{"file":"rpghuds:generic_chars/digit_8.png","chars":[""],"height":8,"ascent":-29,"type":"bitmap"},{"file":"rpghuds:generic_chars/digit_9.png","chars":[""],"height":8,"ascent":-29,"type":"bitmap"},{"file":"rpghuds:generic_chars/char_percentage.png","chars":[""],"height":8,"ascent":-29,"type":"bitmap"},{"file":"rpghuds:generic_chars/char_unknown.png","chars":[""],"height":9,"ascent":-29,"type":"bitmap"},{"file":"rpghuds:money/money_icon.png","chars":[""],"height":8,"ascent":-16,"type":"bitmap"},{"file":"rpghuds:money/char_arrow_up.png","chars":[""],"height":8,"ascent":-16,"type":"bitmap"},{"file":"rpghuds:money/char_arrow_down.png","chars":[""],"height":8,"ascent":-16,"type":"bitmap"},{"file":"rpghuds:generic_chars/digit_0.png","chars":[""],"height":8,"ascent":-16,"type":"bitmap"},{"file":"rpghuds:generic_chars/digit_1.png","chars":[""],"height":8,"ascent":-16,"type":"bitmap"},{"file":"rpghuds:generic_chars/digit_2.png","chars":[""],"height":8,"ascent":-16,"type":"bitmap"},{"file":"rpghuds:generic_chars/digit_3.png","chars":[""],"height":8,"ascent":-16,"type":"bitmap"},{"file":"rpghuds:generic_chars/digit_4.png","chars":[""],"height":8,"ascent":-16,"type":"bitmap"},{"file":"rpghuds:generic_chars/digit_5.png","chars":[""],"height":8,"ascent":-16,"type":"bitmap"},{"file":"rpghuds:generic_chars/digit_6.png","chars":[""],"height":8,"ascent":-16,"type":"bitmap"},{"file":"rpghuds:generic_chars/digit_7.png","chars":[""],"height":8,"ascent":-16,"type":"bitmap"},{"file":"rpghuds:generic_chars/digit_8.png","chars":[""],"height":8,"ascent":-16,"type":"bitmap"},{"file":"rpghuds:generic_chars/digit_9.png","chars":[""],"height":8,"ascent":-16,"type":"bitmap"},{"file":"rpghuds:generic_chars/char_k.png","chars":[""],"height":8,"ascent":-16,"type":"bitmap"},{"file":"rpghuds:generic_chars/char_m.png","chars":[""],"height":8,"ascent":-16,"type":"bitmap"},{"file":"rpghuds:generic_chars/char_b.png","chars":[""],"height":8,"ascent":-16,"type":"bitmap"},{"file":"rpghuds:generic_chars/char_t.png","chars":[""],"height":8,"ascent":-16,"type":"bitmap"},{"file":"rpghuds:generic_chars/char_dot.png","chars":[""],"height":8,"ascent":-16,"type":"bitmap"},{"file":"rpghuds:generic_chars/char_comma.png","chars":[""],"height":8,"ascent":-16,"type":"bitmap"},{"file":"rpghuds:generic_chars/char_unknown.png","chars":[""],"height":9,"ascent":-16,"type":"bitmap"},{"file":"rpghuds:compass/compass_diff_world.png","chars":[""],"height":16,"ascent":-14,"type":"bitmap"},{"file":"rpghuds:compass/compass_reached.png","chars":[""],"height":16,"ascent":-14,"type":"bitmap"},{"file":"rpghuds:compass/compass_00.png","chars":[""],"height":16,"ascent":-14,"type":"bitmap"},{"file":"rpghuds:compass/compass_01.png","chars":[""],"height":16,"ascent":-14,"type":"bitmap"},{"file":"rpghuds:compass/compass_02.png","chars":[""],"height":16,"ascent":-14,"type":"bitmap"},{"file":"rpghuds:compass/compass_03.png","chars":[""],"height":16,"ascent":-14,"type":"bitmap"},{"file":"rpghuds:compass/compass_04.png","chars":[""],"height":16,"ascent":-14,"type":"bitmap"},{"file":"rpghuds:compass/compass_05.png","chars":[""],"height":16,"ascent":-14,"type":"bitmap"},{"file":"rpghuds:compass/compass_06.png","chars":[""],"height":16,"ascent":-14,"type":"bitmap"},{"file":"rpghuds:compass/compass_07.png","chars":[""],"height":16,"ascent":-14,"type":"bitmap"},{"file":"rpghuds:compass/compass_08.png","chars":[""],"height":16,"ascent":-14,"type":"bitmap"},{"file":"rpghuds:compass/compass_09.png","chars":[""],"height":16,"ascent":-14,"type":"bitmap"},{"file":"rpghuds:compass/compass_10.png","chars":[""],"height":16,"ascent":-14,"type":"bitmap"},{"file":"rpghuds:compass/compass_11.png","chars":[""],"height":16,"ascent":-14,"type":"bitmap"},{"file":"rpghuds:compass/compass_12.png","chars":[""],"height":16,"ascent":-14,"type":"bitmap"},{"file":"rpghuds:compass/compass_13.png","chars":[""],"height":16,"ascent":-14,"type":"bitmap"},{"file":"rpghuds:compass/compass_14.png","chars":[""],"height":16,"ascent":-14,"type":"bitmap"},{"file":"rpghuds:compass/compass_15.png","chars":[""],"height":16,"ascent":-14,"type":"bitmap"},{"file":"rpghuds:compass/compass_16.png","chars":[""],"height":16,"ascent":-14,"type":"bitmap"},{"file":"rpghuds:compass/compass_17.png","chars":[""],"height":16,"ascent":-14,"type":"bitmap"},{"file":"rpghuds:compass/compass_18.png","chars":[""],"height":16,"ascent":-14,"type":"bitmap"},{"file":"rpghuds:compass/compass_19.png","chars":[""],"height":16,"ascent":-14,"type":"bitmap"},{"file":"rpghuds:compass/compass_20.png","chars":[""],"height":16,"ascent":-14,"type":"bitmap"},{"file":"rpghuds:compass/compass_21.png","chars":[""],"height":16,"ascent":-14,"type":"bitmap"},{"file":"rpghuds:compass/compass_22.png","chars":[""],"height":16,"ascent":-14,"type":"bitmap"},{"file":"rpghuds:compass/compass_23.png","chars":[""],"height":16,"ascent":-14,"type":"bitmap"},{"file":"rpghuds:compass/compass_24.png","chars":[""],"height":16,"ascent":-14,"type":"bitmap"},{"file":"rpghuds:compass/compass_25.png","chars":[""],"height":16,"ascent":-14,"type":"bitmap"},{"file":"rpghuds:compass/compass_26.png","chars":[""],"height":16,"ascent":-14,"type":"bitmap"},{"file":"rpghuds:compass/compass_27.png","chars":[""],"height":16,"ascent":-14,"type":"bitmap"},{"file":"rpghuds:compass/compass_28.png","chars":[""],"height":16,"ascent":-14,"type":"bitmap"},{"file":"rpghuds:compass/compass_29.png","chars":[""],"height":16,"ascent":-14,"type":"bitmap"},{"file":"rpghuds:compass/compass_30.png","chars":[""],"height":16,"ascent":-14,"type":"bitmap"},{"file":"rpghuds:compass/compass_31.png","chars":[""],"height":16,"ascent":-14,"type":"bitmap"},{"file":"_iainternal:gui/no_recipe.png","chars":[""],"height":170,"ascent":47,"type":"bitmap"},{"file":"_iainternal:gui/crafting.png","chars":[""],"height":170,"ascent":47,"type":"bitmap"},{"file":"_iainternal:gui/cooking.png","chars":[""],"height":170,"ascent":47,"type":"bitmap"},{"file":"_iainternal:gui/blank_menu.png","chars":[""],"height":170,"ascent":47,"type":"bitmap"},{"file":"_iainternal:gui/anvil_repair.png","chars":[""],"height":170,"ascent":47,"type":"bitmap"},{"file":"_iainternal:gui/smithing.png","chars":[""],"height":170,"ascent":47,"type":"bitmap"},{"file":"rpghuds:quiver/quiver.png","chars":[""],"height":16,"ascent":-46,"type":"bitmap"},{"file":"rpghuds:quiver/quiver_half.png","chars":[""],"height":16,"ascent":-46,"type":"bitmap"},{"file":"rpghuds:quiver/quiver_empty.png","chars":[""],"height":16,"ascent":-46,"type":"bitmap"},{"file":"rpghuds:generic_chars/digit_0.png","chars":[""],"height":8,"ascent":-50,"type":"bitmap"},{"file":"rpghuds:generic_chars/digit_1.png","chars":[""],"height":8,"ascent":-50,"type":"bitmap"},{"file":"rpghuds:generic_chars/digit_2.png","chars":[""],"height":8,"ascent":-50,"type":"bitmap"},{"file":"rpghuds:generic_chars/digit_3.png","chars":[""],"height":8,"ascent":-50,"type":"bitmap"},{"file":"rpghuds:generic_chars/digit_4.png","chars":[""],"height":8,"ascent":-50,"type":"bitmap"},{"file":"rpghuds:generic_chars/digit_5.png","chars":[""],"height":8,"ascent":-50,"type":"bitmap"},{"file":"rpghuds:generic_chars/digit_6.png","chars":[""],"height":8,"ascent":-50,"type":"bitmap"},{"file":"rpghuds:generic_chars/digit_7.png","chars":[""],"height":8,"ascent":-50,"type":"bitmap"},{"file":"rpghuds:generic_chars/digit_8.png","chars":[""],"height":8,"ascent":-50,"type":"bitmap"},{"file":"rpghuds:generic_chars/digit_9.png","chars":[""],"height":8,"ascent":-50,"type":"bitmap"},{"file":"rpghuds:generic_chars/char_unknown.png","chars":[""],"height":9,"ascent":-50,"type":"bitmap"}]}