{"textures":{"particle":"glorious:item/mc/gfx_well"},"elements":[{"from":[2,0,-6.5],"to":[14,12,-0.5],"rotation":{"angle":0,"axis":"y","origin":[8,0,7.5]},"faces":{"north":{"uv":[0.25,4.25,3.25,7.25],"texture":"#particle"},"south":{"uv":[3.25,11.75,0.25,8.75],"texture":"#particle"},"up":{"uv":[3.25,4.25,0.25,2.75],"texture":"#particle"},"down":{"uv":[3.25,8.75,0.25,7.25],"texture":"#particle"}}},{"from":[2.34315,-0.01,-6.35786],"to":[14.34315,11.99,-0.35786],"rotation":{"angle":-45,"axis":"y","origin":[8.34315,0,7.64214]},"faces":{"north":{"uv":[5.5,11,8.5,14],"texture":"#particle"},"south":{"uv":[3.25,11.75,0.25,8.75],"texture":"#particle"},"up":{"uv":[3.25,4.25,0.25,2.75],"texture":"#particle"},"down":{"uv":[3.25,8.75,0.25,7.25],"texture":"#particle"}}},{"from":[16.48528,0,1.98528],"to":[22.48528,12,13.98528],"rotation":{"angle":0,"axis":"y","origin":[8.48528,0,7.98528]},"faces":{"east":{"uv":[0.25,4.25,3.25,7.25],"texture":"#particle"},"west":{"uv":[3.25,11.75,0.25,8.75],"texture":"#particle"},"up":{"uv":[3.25,4.25,0.25,2.75],"rotation":90,"texture":"#particle"},"down":{"uv":[3.25,8.75,0.25,7.25],"rotation":270,"texture":"#particle"}}},{"from":[16.34315,-0.01,2.32843],"to":[22.34315,11.99,14.32843],"rotation":{"angle":-45,"axis":"y","origin":[8.34315,0,8.32843]},"faces":{"east":{"uv":[0.25,12.25,3.25,15.25],"texture":"#particle"},"west":{"uv":[3.25,11.75,0.25,8.75],"texture":"#particle"},"up":{"uv":[3.25,4.25,0.25,2.75],"rotation":90,"texture":"#particle"},"down":{"uv":[3.25,8.75,0.25,7.25],"rotation":270,"texture":"#particle"}}},{"from":[2,0,16.47056],"to":[14,12,22.47056],"rotation":{"angle":0,"axis":"y","origin":[8,0,8.47056]},"faces":{"north":{"uv":[3.25,11.75,0.25,8.75],"texture":"#particle"},"south":{"uv":[0.25,4.25,3.25,7.25],"texture":"#particle"},"up":{"uv":[3.25,4.25,0.25,2.75],"rotation":180,"texture":"#particle"},"down":{"uv":[3.25,8.75,0.25,7.25],"rotation":180,"texture":"#particle"}}},{"from":[1.65685,-0.01,16.32843],"to":[13.65685,11.99,22.32843],"rotation":{"angle":-45,"axis":"y","origin":[7.65685,0,8.32843]},"faces":{"north":{"uv":[3.25,11.75,0.25,8.75],"texture":"#particle"},"south":{"uv":[5.5,11,8.5,14],"texture":"#particle"},"up":{"uv":[3.25,4.25,0.25,2.75],"rotation":180,"texture":"#particle"},"down":{"uv":[3.25,8.75,0.25,7.25],"rotation":180,"texture":"#particle"}}},{"from":[-6.48528,0,1.98528],"to":[-0.48528,12,13.98528],"rotation":{"angle":0,"axis":"y","origin":[7.51472,0,7.98528]},"faces":{"east":{"uv":[3.25,11.75,0.25,8.75],"texture":"#particle"},"west":{"uv":[0.25,4.25,3.25,7.25],"texture":"#particle"},"up":{"uv":[3.25,4.25,0.25,2.75],"rotation":270,"texture":"#particle"},"down":{"uv":[3.25,8.75,0.25,7.25],"rotation":90,"texture":"#particle"}}},{"from":[-6.34315,-0.01,1.64214],"to":[-0.34315,11.99,13.64214],"rotation":{"angle":-45,"axis":"y","origin":[7.65685,0,7.64214]},"faces":{"east":{"uv":[3.25,11.75,0.25,8.75],"texture":"#particle"},"west":{"uv":[0.25,12.25,3.25,15.25],"texture":"#particle"},"up":{"uv":[3.25,4.25,0.25,2.75],"rotation":270,"texture":"#particle"},"down":{"uv":[3.25,8.75,0.25,7.25],"rotation":90,"texture":"#particle"}}},{"from":[-9.5,0,6],"to":[-5.5,27,10],"rotation":{"angle":0,"axis":"y","origin":[-7.5,13.5,8]},"faces":{"north":{"uv":[3.75,2.75,4.75,9.5],"texture":"#particle"},"east":{"uv":[4.75,2.75,5.75,9.5],"texture":"#particle"},"south":{"uv":[3.75,2.75,4.75,9.5],"texture":"#particle"},"west":{"uv":[4.75,2.75,5.75,9.5],"texture":"#particle"},"down":{"uv":[4.75,10.5,3.75,9.5],"texture":"#particle"}}},{"from":[21.5,0,6],"to":[25.5,27,10],"rotation":{"angle":0,"axis":"y","origin":[-7.5,13.5,8]},"faces":{"north":{"uv":[3.75,2.75,4.75,9.5],"texture":"#particle"},"east":{"uv":[4.75,2.75,5.75,9.5],"texture":"#particle"},"south":{"uv":[3.75,2.75,4.75,9.5],"texture":"#particle"},"west":{"uv":[4.75,2.75,5.75,9.5],"texture":"#particle"},"down":{"uv":[3.75,10.5,4.75,9.5],"texture":"#particle"}}},{"from":[21,17,5.5],"to":[26,22,10.5],"rotation":{"angle":0,"axis":"y","origin":[23.5,13.5,8]},"faces":{"north":{"uv":[3.75,12.25,5,13.5],"texture":"#particle"},"east":{"uv":[3.75,12.25,5,13.5],"texture":"#particle"},"south":{"uv":[3.75,12.25,5,13.5],"texture":"#particle"},"west":{"uv":[3.75,12.25,5,13.5],"texture":"#particle"},"up":{"uv":[5,12.25,3.75,11],"texture":"#particle"},"down":{"uv":[5,14.75,3.75,13.5],"texture":"#particle"}}},{"from":[25,13,6.5],"to":[26,18,7.5],"rotation":{"angle":22.5,"axis":"z","origin":[26,17,7]},"faces":{"north":{"uv":[10.75,7.75,11,9],"texture":"#particle"},"east":{"uv":[10.75,7.75,11,9],"texture":"#particle"},"south":{"uv":[10.75,7.75,11,9],"texture":"#particle"},"west":{"uv":[10.75,7.75,11,9],"texture":"#particle"},"down":{"uv":[11,9.25,10.75,9],"texture":"#particle"}}},{"from":[-9.5,27,6],"to":[-5.5,32,7],"rotation":{"angle":0,"axis":"y","origin":[-7.5,13.5,8]},"faces":{"north":{"uv":[6.5,8,7.5,9.25],"texture":"#particle"},"east":{"uv":[6.25,8,6.5,9.25],"texture":"#particle"},"south":{"uv":[7.75,8,8.75,9.25],"texture":"#particle"},"west":{"uv":[7.5,8,7.75,9.25],"texture":"#particle"},"up":{"uv":[7.5,8,6.5,7.75],"texture":"#particle"}}},{"from":[21.5,27,6],"to":[25.5,32,7],"rotation":{"angle":0,"axis":"y","origin":[-7.5,13.5,8]},"faces":{"north":{"uv":[6.5,8,7.5,9.25],"texture":"#particle"},"east":{"uv":[6.25,8,6.5,9.25],"texture":"#particle"},"south":{"uv":[7.75,8,8.75,9.25],"texture":"#particle"},"west":{"uv":[7.5,8,7.75,9.25],"texture":"#particle"},"up":{"uv":[7.5,8,6.5,7.75],"texture":"#particle"}}},{"from":[-9.5,27,9],"to":[-5.5,32,10],"rotation":{"angle":0,"axis":"y","origin":[-7.5,13.5,8]},"faces":{"north":{"uv":[7.75,8,8.75,9.25],"texture":"#particle"},"east":{"uv":[7.5,8,7.75,9.25],"texture":"#particle"},"south":{"uv":[6.5,8,7.5,9.25],"texture":"#particle"},"west":{"uv":[6.25,8,6.5,9.25],"texture":"#particle"},"up":{"uv":[7.5,8,6.5,7.75],"rotation":180,"texture":"#particle"}}},{"from":[21.5,27,9],"to":[25.5,32,10],"rotation":{"angle":0,"axis":"y","origin":[-7.5,13.5,8]},"faces":{"north":{"uv":[7.75,8,8.75,9.25],"texture":"#particle"},"east":{"uv":[7.5,8,7.75,9.25],"texture":"#particle"},"south":{"uv":[6.5,8,7.5,9.25],"texture":"#particle"},"west":{"uv":[6.25,8,6.5,9.25],"texture":"#particle"},"up":{"uv":[7.5,8,6.5,7.75],"rotation":180,"texture":"#particle"}}},{"from":[-8.5,28,5],"to":[-6.5,30,11],"rotation":{"angle":0,"axis":"y","origin":[-7.5,13.5,8]},"faces":{"north":{"uv":[11.25,4.25,11.75,4.75],"texture":"#particle"},"east":{"uv":[11,0.25,12.5,0.75],"texture":"#particle"},"south":{"uv":[11.25,4.25,11.75,4.75],"texture":"#particle"},"west":{"uv":[11,1.25,12.5,1.75],"texture":"#particle"},"up":{"uv":[11.75,4.25,11.25,2.75],"texture":"#particle"},"down":{"uv":[11.75,6.25,11.25,4.75],"texture":"#particle"}}},{"from":[22.5,28,5],"to":[24.5,30,11],"rotation":{"angle":0,"axis":"y","origin":[-7.5,13.5,8]},"faces":{"north":{"uv":[11.25,4.25,11.75,4.75],"texture":"#particle"},"east":{"uv":[11,0.25,12.5,0.75],"texture":"#particle"},"south":{"uv":[11.25,4.25,11.75,4.75],"texture":"#particle"},"west":{"uv":[11,1.25,12.5,1.75],"texture":"#particle"},"up":{"uv":[11.75,4.25,11.25,2.75],"texture":"#particle"},"down":{"uv":[11.75,6.25,11.25,4.75],"texture":"#particle"}}},{"from":[-11.5,27,7],"to":[27.5,31,9],"rotation":{"angle":0,"axis":"y","origin":[8,29,8]},"faces":{"north":{"uv":[0.25,0.75,10,1.75],"texture":"#particle"},"east":{"uv":[10,0.75,10.5,1.75],"texture":"#particle"},"south":{"uv":[0.25,0.75,10,1.75],"texture":"#particle"},"west":{"uv":[10,0.75,10.5,1.75],"texture":"#particle"},"up":{"uv":[10,0.75,0.25,0.25],"texture":"#particle"},"down":{"uv":[10,2.25,0.25,1.75],"texture":"#particle"}}},{"from":[4.80029,12.79821,5],"to":[9.80029,17.79821,6],"rotation":{"angle":0,"axis":"y","origin":[7.80029,14.79821,8]},"faces":{"north":{"uv":[13,0.5,14.25,1.75],"texture":"#particle"},"south":{"uv":[14.5,0.5,15.75,1.75],"texture":"#particle"},"west":{"uv":[14.25,0.5,14.5,1.75],"texture":"#particle"},"up":{"uv":[14.25,0.5,13,0.25],"texture":"#particle"},"down":{"uv":[14.25,2,13,1.75],"texture":"#particle"}}},{"from":[9.80029,12.79821,5],"to":[10.80029,17.79821,10],"rotation":{"angle":0,"axis":"y","origin":[7.80029,14.79821,8]},"faces":{"north":{"uv":[14.25,0.5,14.5,1.75],"texture":"#particle"},"east":{"uv":[13,0.5,14.25,1.75],"texture":"#particle"},"west":{"uv":[14.5,0.5,15.75,1.75],"texture":"#particle"},"up":{"uv":[14.25,0.5,13,0.25],"rotation":90,"texture":"#particle"},"down":{"uv":[14.25,2,13,1.75],"rotation":270,"texture":"#particle"}}},{"from":[5.80029,12.79821,10],"to":[10.80029,17.79821,11],"rotation":{"angle":0,"axis":"y","origin":[7.80029,14.79821,8]},"faces":{"north":{"uv":[14.5,0.5,15.75,1.75],"texture":"#particle"},"east":{"uv":[14.25,0.5,14.5,1.75],"texture":"#particle"},"south":{"uv":[13,0.5,14.25,1.75],"texture":"#particle"},"up":{"uv":[14.25,0.5,13,0.25],"rotation":180,"texture":"#particle"},"down":{"uv":[14.25,2,13,1.75],"rotation":180,"texture":"#particle"}}},{"from":[4.80029,12.79821,6],"to":[5.80029,17.79821,11],"rotation":{"angle":0,"axis":"y","origin":[7.80029,14.79821,8]},"faces":{"east":{"uv":[14.5,0.5,15.75,1.75],"texture":"#particle"},"south":{"uv":[14.25,0.5,14.5,1.75],"texture":"#particle"},"west":{"uv":[13,0.5,14.25,1.75],"texture":"#particle"},"up":{"uv":[14.25,0.5,13,0.25],"rotation":270,"texture":"#particle"},"down":{"uv":[14.25,2,13,1.75],"rotation":90,"texture":"#particle"}}},{"from":[5.80029,12.79821,6],"to":[9.80029,16.79821,10],"rotation":{"angle":0,"axis":"y","origin":[7.80029,14.79821,8]},"faces":{"up":{"uv":[13.25,4.75,12.25,3.75],"texture":"#particle"},"down":{"uv":[13.25,6.25,12.25,5.25],"texture":"#particle"}}},{"from":[4.80029,17.79821,6],"to":[5.80029,19.79821,10],"rotation":{"angle":0,"axis":"y","origin":[7.80029,14.79821,8]},"faces":{"north":{"uv":[13.25,2.75,13.5,3.25],"texture":"#particle"},"east":{"uv":[12.25,2.75,13.25,3.25],"texture":"#particle"},"south":{"uv":[14.5,2.75,14.75,3.25],"texture":"#particle"},"west":{"uv":[13.5,2.75,14.5,3.25],"texture":"#particle"},"up":{"uv":[15.5,3.25,15.25,2.25],"texture":"#particle"}}},{"from":[9.80029,17.79821,6],"to":[10.80029,19.79821,10],"rotation":{"angle":0,"axis":"y","origin":[7.80029,14.79821,8]},"faces":{"north":{"uv":[14.5,2.75,14.75,3.25],"texture":"#particle"},"east":{"uv":[13.5,2.75,14.5,3.25],"texture":"#particle"},"south":{"uv":[13.25,2.75,13.5,3.25],"texture":"#particle"},"west":{"uv":[12.25,2.75,13.25,3.25],"texture":"#particle"},"up":{"uv":[15.5,3.25,15.25,2.25],"rotation":180,"texture":"#particle"}}},{"from":[4.30029,17.79821,7.5],"to":[11.30029,18.79821,8.5],"rotation":{"angle":0,"axis":"y","origin":[7.80029,14.79821,8]},"faces":{"north":{"uv":[13.75,4,15.5,4.25],"texture":"#particle"},"east":{"uv":[15.5,4,15.75,4.25],"texture":"#particle"},"south":{"uv":[15.5,4.75,13.75,4.5],"texture":"#particle"},"west":{"uv":[15.5,4,15.75,4.25],"texture":"#particle"},"up":{"uv":[15.5,4,13.75,3.75],"texture":"#particle"},"down":{"uv":[15.5,4.5,13.75,4.25],"texture":"#particle"}}},{"from":[8.41342,22.3806,7],"to":[11.41342,25.3806,9],"rotation":{"angle":-22.5,"axis":"z","origin":[9.91342,23.8806,8]},"faces":{"north":{"uv":[14.25,5.75,15,6.5],"texture":"#particle"},"east":{"uv":[13.75,5.75,14.25,6.5],"texture":"#particle"},"south":{"uv":[15,5.75,14.25,6.5],"texture":"#particle"},"west":{"uv":[15,5.75,15.5,6.5],"texture":"#particle"},"up":{"uv":[15,5.75,14.25,5.25],"texture":"#particle"},"down":{"uv":[15,7,14.25,6.5],"texture":"#particle"}}},{"from":[7.91342,24.8806,7.5],"to":[24.91342,25.8806,8.5],"rotation":{"angle":-22.5,"axis":"z","origin":[9.91342,23.8806,8]},"faces":{"north":{"uv":[5.25,10.25,9.5,10.5],"texture":"#particle"},"south":{"uv":[9.5,10.5,5.25,10.25],"texture":"#particle"},"west":{"uv":[9.5,10.25,9.75,10.5],"texture":"#particle"},"up":{"uv":[9.5,10.5,5.25,10.25],"texture":"#particle"},"down":{"uv":[9.5,10.5,5.25,10.25],"texture":"#particle"}}},{"from":[7.91342,21.8806,7.5],"to":[8.91342,24.8806,8.5],"rotation":{"angle":-22.5,"axis":"z","origin":[9.91342,23.8806,8]},"faces":{"north":{"uv":[12.25,7.75,12.5,8.5],"texture":"#particle"},"east":{"uv":[12.25,7.75,12.5,8.5],"texture":"#particle"},"south":{"uv":[12.25,7.75,12.5,8.5],"texture":"#particle"},"west":{"uv":[12.25,7.75,12.5,8.5],"texture":"#particle"}}},{"from":[7.30029,18.79821,7.5],"to":[8.30029,22.79821,8.5],"rotation":{"angle":0,"axis":"z","origin":[9.30029,21.79821,8]},"faces":{"north":{"uv":[11.5,7.75,11.75,8.75],"texture":"#particle"},"east":{"uv":[11.5,7.75,11.75,8.75],"texture":"#particle"},"south":{"uv":[11.5,7.75,11.75,8.75],"texture":"#particle"},"west":{"uv":[11.5,7.75,11.75,8.75],"texture":"#particle"}}},{"from":[7.5,23,6],"to":[8.5,29,7],"rotation":{"angle":22.5,"axis":"z","origin":[8,28.5,8]},"faces":{"north":{"uv":[9.5,8,9.75,9.5],"texture":"#particle"},"east":{"uv":[9.25,8,9.5,9.5],"texture":"#particle"},"south":{"uv":[10,8,10.25,9.5],"texture":"#particle"},"west":{"uv":[9.75,8,10,9.5],"texture":"#particle"},"up":{"uv":[9.75,8,9.5,7.75],"texture":"#particle"},"down":{"uv":[9.75,9.75,9.5,9.5],"texture":"#particle"}}},{"from":[7.5,23,9],"to":[8.5,29,10],"rotation":{"angle":22.5,"axis":"z","origin":[8,28.5,8]},"faces":{"north":{"uv":[10.25,8,10,9.5],"texture":"#particle"},"east":{"uv":[9.5,8,9.25,9.5],"texture":"#particle"},"south":{"uv":[9.75,8,9.5,9.5],"texture":"#particle"},"west":{"uv":[10,8,9.75,9.5],"texture":"#particle"},"up":{"uv":[9.75,7.75,9.5,8],"texture":"#particle"},"down":{"uv":[9.75,9.5,9.5,9.75],"texture":"#particle"}}},{"from":[-1,7,-1],"to":[17,8,17],"faces":{"up":{"uv":[10.75,7.25,6.25,2.75],"texture":"#particle"}}}],"display":{"thirdperson_righthand":{"rotation":[75,45,0],"translation":[0,2.5,0],"scale":[0.375,0.375,0.375]},"thirdperson_lefthand":{"rotation":[75,45,0],"translation":[0,2.5,0],"scale":[0.375,0.375,0.375]},"firstperson_righthand":{"rotation":[0,135,0],"scale":[0.4,0.4,0.4]},"firstperson_lefthand":{"rotation":[0,135,0],"scale":[0.4,0.4,0.4]},"ground":{"translation":[0,1,0],"scale":[0.5,0.5,0.5]},"gui":{"rotation":[30,225,0],"translation":[0,-2,0],"scale":[0.35,0.35,0.35]},"fixed":{"rotation":[-90,0,0],"translation":[0,-13,-14],"scale":[2,2,2]}}}