{"textures":{"0":"glorious:entity/nocsy_cat1"},"elements":[{"from":[7.0571427,6.572625,7.3973956],"to":[8.6,8.686912,8.940253],"rotation":{"angle":0.0,"axis":"y","origin":[7.8285713,7.142857,8.0]},"faces":{"east":{"uv":[5.75,3.5,6.125,4.0],"rotation":0,"texture":"#0","tintindex":0},"south":{"uv":[4.0,5.75,4.375,6.25],"rotation":0,"texture":"#0","tintindex":0},"north":{"uv":[0.625,5.75,1.0,6.25],"rotation":0,"texture":"#0","tintindex":0},"west":{"uv":[5.75,4.125,6.125,4.625],"rotation":0,"texture":"#0","tintindex":0},"up":{"uv":[6.5,0.375,6.125,0.0],"rotation":0,"texture":"#0","tintindex":0},"down":{"uv":[6.5,0.5,6.125,0.875],"rotation":0,"texture":"#0","tintindex":0}}}],"display":{"head":{"translation":[0.0,-6.4,0.0],"scale":[4.0,4.0,4.0]}}}