{"groups":[{"name":"potatoes","origin":[8,0,8],"color":0,"children":[0,1,2]}],"texture_size":[64,64],"textures":{"0":"custom/blocks/rizaan/village/furniture_crate_default","particle":"custom/blocks/rizaan/village/furniture_crate_default"},"elements":[{"from":[3.5,0,4.5],"to":[7.5,3,7.5],"rotation":{"angle":-22.5,"axis":"y","origin":[5.5,1.5,6]},"faces":{"north":{"uv":[12.375,0,13.375,0.75],"texture":"#0"},"east":{"uv":[11.5,0,12.25,0.75],"texture":"#0"},"south":{"uv":[12.375,0,13.375,0.75],"texture":"#0"},"west":{"uv":[11.5,0,12.25,0.75],"texture":"#0"},"up":{"uv":[13.375,0.75,12.375,0],"rotation":180,"texture":"#0"},"down":{"uv":[13.375,0,12.375,0.75],"rotation":180,"texture":"#0"}}},{"from":[9.5,0,3],"to":[12.5,3,7],"rotation":{"angle":-22.5,"axis":"y","origin":[11,1.5,5]},"faces":{"north":{"uv":[12.25,0,11.5,0.75],"texture":"#0"},"east":{"uv":[13.375,0,12.375,0.75],"texture":"#0"},"south":{"uv":[12.25,0,11.5,0.75],"texture":"#0"},"west":{"uv":[13.375,0,12.375,0.75],"texture":"#0"},"up":{"uv":[12.375,0.75,13.375,0],"rotation":90,"texture":"#0"},"down":{"uv":[12.375,0,13.375,0.75],"rotation":270,"texture":"#0"}}},{"from":[6.5,0,9.5],"to":[10.5,3,12.5],"rotation":{"angle":-45,"axis":"y","origin":[8.5,1.5,11]},"faces":{"north":{"uv":[13.375,0.75,12.375,0],"texture":"#0"},"east":{"uv":[12.25,0.75,11.5,0],"rotation":270,"texture":"#0"},"south":{"uv":[13.375,0,12.375,0.75],"rotation":180,"texture":"#0"},"west":{"uv":[12.25,0.75,11.5,0],"rotation":90,"texture":"#0"},"up":{"uv":[12.375,0,13.375,0.75],"texture":"#0"},"down":{"uv":[12.375,0,13.375,0.75],"rotation":180,"texture":"#0"}}}],"gui_light":"front","display":{"thirdperson_righthand":{"rotation":[75,45,0],"translation":[0,2.5,2.5],"scale":[0.375,0.375,0.375]},"thirdperson_lefthand":{"rotation":[75,45,0],"translation":[0,2.5,2.25],"scale":[0.375,0.375,0.375]},"firstperson_righthand":{"rotation":[0,45,0],"translation":[0,3,0],"scale":[0.4,0.4,0.4]},"firstperson_lefthand":{"rotation":[0,225,0],"translation":[0,3,0],"scale":[0.4,0.4,0.4]},"ground":{"translation":[0,0.75,0],"scale":[0.5,0.5,0.5]},"gui":{"rotation":[30,225,0],"translation":[0,4,0]},"fixed":{"rotation":[-90,0,0],"translation":[0,0,-15],"scale":[2,2,2]}}}