{"credit":"MadewithBlockbench","texture_size":[64,64],"textures":{"0":"glorious:item/bakery/glass_cabinet_2","1":"glorious:item/bakery/bread_obj","particle":"glorious:item/bakery/bread_obj"},"elements":[{"from":[-1,0,6],"to":[17,1,16],"rotation":{"angle":0,"axis":"y","origin":[8,8,15.5]},"faces":{"north":{"uv":[0,2.5,4.5,2.75],"texture":"#0"},"south":{"uv":[0,2.5,4.5,2.75],"texture":"#0"},"up":{"uv":[4.5,2.5,0,0],"texture":"#0"},"down":{"uv":[4.5,0,0,2.5],"texture":"#0"}}},{"from":[-1,15,6],"to":[17,16,16],"rotation":{"angle":0,"axis":"y","origin":[8,8,15.5]},"faces":{"north":{"uv":[0,2.5,4.5,2.75],"texture":"#0"},"south":{"uv":[0,2.5,4.5,2.75],"texture":"#0"},"up":{"uv":[4.5,2.5,0,0],"texture":"#0"},"down":{"uv":[4.5,0,0,2.5],"texture":"#0"}}},{"from":[-1,7,6],"to":[17,8,16],"rotation":{"angle":0,"axis":"y","origin":[8,8,15.5]},"faces":{"north":{"uv":[0,2.5,4.5,2.75],"texture":"#0"},"south":{"uv":[0,2.5,4.5,2.75],"texture":"#0"},"up":{"uv":[4.5,2.5,0,0],"texture":"#0"},"down":{"uv":[4.5,0,0,2.5],"texture":"#0"}}},{"from":[17,0,6],"to":[18,16,16],"rotation":{"angle":0,"axis":"y","origin":[8,8,15.5]},"faces":{"north":{"uv":[0,2.75,0.25,6.75],"texture":"#0"},"east":{"uv":[4.5,0,7,4],"texture":"#0"},"south":{"uv":[0,2.75,0.25,6.75],"texture":"#0"},"west":{"uv":[4.5,0,7,4],"texture":"#0"},"up":{"uv":[0.5,5.25,0.25,2.75],"texture":"#0"},"down":{"uv":[0.5,2.75,0.25,5.25],"texture":"#0"}}},{"from":[-2,0,6],"to":[-1,16,16],"rotation":{"angle":0,"axis":"y","origin":[8,8,15.5]},"faces":{"north":{"uv":[0.25,2.75,0,6.75],"texture":"#0"},"east":{"uv":[7,0,4.5,4],"texture":"#0"},"south":{"uv":[0.25,2.75,0,6.75],"texture":"#0"},"west":{"uv":[7,0,4.5,4],"texture":"#0"},"up":{"uv":[0.25,5.25,0.5,2.75],"texture":"#0"},"down":{"uv":[0.25,2.75,0.5,5.25],"texture":"#0"}}},{"from":[-1,0,6.5],"to":[17,16,6.5],"rotation":{"angle":0,"axis":"y","origin":[8,8,15.5]},"faces":{"north":{"uv":[11.5,0,7,4],"texture":"#0"},"south":{"uv":[11.5,0,7,4],"texture":"#0"}}},{"from":[13,1,8],"to":[16,2,11],"rotation":{"angle":0,"axis":"y","origin":[2,0,-13]},"faces":{"north":{"uv":[12.5,0,14,0.5],"texture":"#1"},"east":{"uv":[12.5,0,14,0.5],"texture":"#1"},"south":{"uv":[12.5,0,14,0.5],"texture":"#1"},"west":{"uv":[12.5,0,14,0.5],"texture":"#1"},"up":{"uv":[14,3.5,12.5,2],"texture":"#1"},"down":{"uv":[14,0.5,12.5,2],"texture":"#1"}}},{"from":[9,1,8],"to":[12,2,11],"rotation":{"angle":22.5,"axis":"y","origin":[10.5,1.5,9.5]},"faces":{"north":{"uv":[11,0,12.5,0.5],"texture":"#1"},"east":{"uv":[11,0,12.5,0.5],"texture":"#1"},"south":{"uv":[11,0,12.5,0.5],"texture":"#1"},"west":{"uv":[11,0,12.5,0.5],"texture":"#1"},"up":{"uv":[12.5,3.5,11,2],"texture":"#1"},"down":{"uv":[12.5,0.5,11,2],"texture":"#1"}}},{"from":[9,1,12],"to":[12,2,15],"rotation":{"angle":45,"axis":"y","origin":[10.5,1.5,13.5]},"faces":{"north":{"uv":[11,0,12.5,0.5],"texture":"#1"},"east":{"uv":[11,0,12.5,0.5],"texture":"#1"},"south":{"uv":[11,0,12.5,0.5],"texture":"#1"},"west":{"uv":[11,0,12.5,0.5],"texture":"#1"},"up":{"uv":[12.5,3.5,11,2],"texture":"#1"},"down":{"uv":[12.5,0.5,11,2],"texture":"#1"}}},{"from":[13,1,12],"to":[16,2,15],"rotation":{"angle":-22.5,"axis":"y","origin":[14.5,1.5,13.5]},"faces":{"north":{"uv":[12.5,0,14,0.5],"texture":"#1"},"east":{"uv":[12.5,0,14,0.5],"texture":"#1"},"south":{"uv":[12.5,0,14,0.5],"texture":"#1"},"west":{"uv":[12.5,0,14,0.5],"texture":"#1"},"up":{"uv":[14,3.5,12.5,2],"texture":"#1"},"down":{"uv":[14,0.5,12.5,2],"texture":"#1"}}},{"from":[1,8,7],"to":[4,9,10],"rotation":{"angle":0,"axis":"y","origin":[2,0,-13]},"faces":{"north":{"uv":[5,8.5,6.5,9],"texture":"#1"},"east":{"uv":[5,8.5,6.5,9],"texture":"#1"},"south":{"uv":[5,8.5,6.5,9],"texture":"#1"},"west":{"uv":[5,8.5,6.5,9],"texture":"#1"},"up":{"uv":[6.5,12,5,10.5],"texture":"#1"},"down":{"uv":[6.5,9,5,10.5],"texture":"#1"}}},{"from":[1,8,10.25],"to":[4,9,13.25],"rotation":{"angle":0,"axis":"y","origin":[2,0,-13]},"faces":{"north":{"uv":[5,8.5,6.5,9],"texture":"#1"},"east":{"uv":[5,8.5,6.5,9],"texture":"#1"},"south":{"uv":[5,8.5,6.5,9],"texture":"#1"},"west":{"uv":[5,8.5,6.5,9],"texture":"#1"},"up":{"uv":[6.5,12,5,10.5],"texture":"#1"},"down":{"uv":[6.5,9,5,10.5],"texture":"#1"}}},{"from":[4.25,8,10.25],"to":[7.25,9,13.25],"rotation":{"angle":0,"axis":"y","origin":[2,0,-13]},"faces":{"north":{"uv":[5,8.5,6.5,9],"texture":"#1"},"east":{"uv":[5,8.5,6.5,9],"texture":"#1"},"south":{"uv":[5,8.5,6.5,9],"texture":"#1"},"west":{"uv":[5,8.5,6.5,9],"texture":"#1"},"up":{"uv":[6.5,12,5,10.5],"texture":"#1"},"down":{"uv":[6.5,9,5,10.5],"texture":"#1"}}},{"from":[4.25,8,7],"to":[7.25,9,10],"rotation":{"angle":0,"axis":"y","origin":[2,0,-13]},"faces":{"north":{"uv":[5,8.5,6.5,9],"texture":"#1"},"east":{"uv":[5,8.5,6.5,9],"texture":"#1"},"south":{"uv":[5,8.5,6.5,9],"texture":"#1"},"west":{"uv":[5,8.5,6.5,9],"texture":"#1"},"up":{"uv":[6.5,12,5,10.5],"texture":"#1"},"down":{"uv":[6.5,9,5,10.5],"texture":"#1"}}},{"from":[13,8,7],"to":[15,10,9],"rotation":{"angle":-22.5,"axis":"y","origin":[14,9,7.75]},"faces":{"north":{"uv":[7.5,12,8.5,13],"texture":"#1"},"east":{"uv":[7.5,12,8.5,13],"texture":"#1"},"south":{"uv":[7.5,12,8.5,13],"texture":"#1"},"west":{"uv":[7.5,12,8.5,13],"texture":"#1"},"up":{"uv":[8.5,11,7.5,10],"texture":"#1"},"down":{"uv":[8.5,11,7.5,12],"texture":"#1"}}},{"from":[10,8,6.75],"to":[12,10,8.75],"rotation":{"angle":0,"axis":"y","origin":[2,0,-13]},"faces":{"north":{"uv":[6.5,11,7.5,12],"texture":"#1"},"east":{"uv":[6.5,11,7.5,12],"texture":"#1"},"south":{"uv":[6.5,11,7.5,12],"texture":"#1"},"west":{"uv":[6.5,11,7.5,12],"texture":"#1"},"up":{"uv":[7.5,10,6.5,9],"texture":"#1"},"down":{"uv":[7.5,10,6.5,11],"texture":"#1"}}},{"from":[10,8,9.5],"to":[12,10,11.5],"rotation":{"angle":-22.5,"axis":"y","origin":[11,9,10.5]},"faces":{"north":{"uv":[6.5,11,7.5,12],"texture":"#1"},"east":{"uv":[6.5,11,7.5,12],"texture":"#1"},"south":{"uv":[6.5,11,7.5,12],"texture":"#1"},"west":{"uv":[6.5,11,7.5,12],"texture":"#1"},"up":{"uv":[7.5,10,6.5,9],"texture":"#1"},"down":{"uv":[7.5,10,6.5,11],"texture":"#1"}}},{"from":[13,8,9.75],"to":[15,10,11.75],"rotation":{"angle":45,"axis":"y","origin":[14,9,10.75]},"faces":{"north":{"uv":[7.5,12,8.5,13],"texture":"#1"},"east":{"uv":[7.5,12,8.5,13],"texture":"#1"},"south":{"uv":[7.5,12,8.5,13],"texture":"#1"},"west":{"uv":[7.5,12,8.5,13],"texture":"#1"},"up":{"uv":[8.5,11,7.5,10],"texture":"#1"},"down":{"uv":[8.5,11,7.5,12],"texture":"#1"}}},{"from":[10,8,12.5],"to":[12,10,14.5],"rotation":{"angle":22.5,"axis":"y","origin":[11,9,13.5]},"faces":{"north":{"uv":[6.5,11,7.5,12],"texture":"#1"},"east":{"uv":[6.5,11,7.5,12],"texture":"#1"},"south":{"uv":[6.5,11,7.5,12],"texture":"#1"},"west":{"uv":[6.5,11,7.5,12],"texture":"#1"},"up":{"uv":[7.5,10,6.5,9],"texture":"#1"},"down":{"uv":[7.5,10,6.5,11],"texture":"#1"}}},{"from":[13,8,12.75],"to":[15,10,14.75],"rotation":{"angle":0,"axis":"y","origin":[2,0,-12.75]},"faces":{"north":{"uv":[7.5,12,8.5,13],"texture":"#1"},"east":{"uv":[7.5,12,8.5,13],"texture":"#1"},"south":{"uv":[7.5,12,8.5,13],"texture":"#1"},"west":{"uv":[7.5,12,8.5,13],"texture":"#1"},"up":{"uv":[8.5,11,7.5,10],"texture":"#1"},"down":{"uv":[8.5,11,7.5,12],"texture":"#1"}}},{"from":[-0.25,1,8],"to":[1.75,3,10],"rotation":{"angle":0,"axis":"y","origin":[0,0,-13]},"faces":{"north":{"uv":[15,12,16,13],"texture":"#1"},"east":{"uv":[15,12,16,13],"texture":"#1"},"south":{"uv":[15,12,16,13],"texture":"#1"},"west":{"uv":[15,12,16,13],"texture":"#1"},"up":{"uv":[16,12,15,11],"texture":"#1"},"down":{"uv":[16,13,15,14],"texture":"#1"}}},{"from":[4,1,8],"to":[6,3,10],"rotation":{"angle":-45,"axis":"y","origin":[5,2,9]},"faces":{"north":{"uv":[14,12,15,13],"texture":"#1"},"east":{"uv":[14,12,15,13],"texture":"#1"},"south":{"uv":[14,12,15,13],"texture":"#1"},"west":{"uv":[14,12,15,13],"texture":"#1"},"up":{"uv":[15,12,14,11],"texture":"#1"},"down":{"uv":[15,13,14,14],"texture":"#1"}}},{"from":[4.25,1,10.5],"to":[6.25,3,12.5],"rotation":{"angle":0,"axis":"y","origin":[1,0,-13]},"faces":{"north":{"uv":[14,12,15,13],"texture":"#1"},"east":{"uv":[14,12,15,13],"texture":"#1"},"south":{"uv":[14,12,15,13],"texture":"#1"},"west":{"uv":[14,12,15,13],"texture":"#1"},"up":{"uv":[15,12,14,11],"texture":"#1"},"down":{"uv":[15,13,14,14],"texture":"#1"}}},{"from":[0,1,10.5],"to":[2,3,12.5],"rotation":{"angle":-22.5,"axis":"y","origin":[1,2,11.5]},"faces":{"north":{"uv":[15,12,16,13],"texture":"#1"},"east":{"uv":[15,12,16,13],"texture":"#1"},"south":{"uv":[15,12,16,13],"texture":"#1"},"west":{"uv":[15,12,16,13],"texture":"#1"},"up":{"uv":[16,12,15,11],"texture":"#1"},"down":{"uv":[16,13,15,14],"texture":"#1"}}},{"from":[4,1,13],"to":[6,3,15],"rotation":{"angle":22.5,"axis":"y","origin":[5,2,14]},"faces":{"north":{"uv":[14,12,15,13],"texture":"#1"},"east":{"uv":[14,12,15,13],"texture":"#1"},"south":{"uv":[14,12,15,13],"texture":"#1"},"west":{"uv":[14,12,15,13],"texture":"#1"},"up":{"uv":[15,12,14,11],"texture":"#1"},"down":{"uv":[15,13,14,14],"texture":"#1"}}},{"from":[-0.25,1,13],"to":[1.75,3,15],"rotation":{"angle":0,"axis":"y","origin":[0,0,-13]},"faces":{"north":{"uv":[15,12,16,13],"texture":"#1"},"east":{"uv":[15,12,16,13],"texture":"#1"},"south":{"uv":[15,12,16,13],"texture":"#1"},"west":{"uv":[15,12,16,13],"texture":"#1"},"up":{"uv":[16,12,15,11],"texture":"#1"},"down":{"uv":[16,13,15,14],"texture":"#1"}}}],"gui_light":"front","display":{"thirdperson_righthand":{"rotation":[67.5,0,0],"translation":[0,2,0],"scale":[0.27203,0.27203,0.27203]},"thirdperson_lefthand":{"rotation":[67.5,0,0],"translation":[0,2,0],"scale":[0.27203,0.27203,0.27203]},"firstperson_righthand":{"translation":[-0.25,4.25,0],"scale":[0.45078,0.45078,0.45078]},"firstperson_lefthand":{"translation":[-0.25,4.25,0],"scale":[0.45078,0.45078,0.45078]},"ground":{"translation":[-1.25,3,-1.5],"scale":[0.5,0.5,0.5]},"gui":{"rotation":[30,225,0],"translation":[1,-1,0],"scale":[0.52,0.52,0.52]},"head":{"rotation":[0,180,0],"translation":[0,-30.25,4.5],"scale":[0,0,0]},"fixed":{"rotation":[-90,-180,0],"translation":[0,0,-16],"scale":[2,2,2]}},"groups":[0,1,2,3,4,5,{"name":"group","origin":[2,0,0],"color":0,"children":[6,7,8,9,10,11,12,13,14,15,16,17,18,19,20,21,22,23,24,25]}]}