{"credit":"MadewithBlockbench","texture_size":[128,128],"textures":{"0":"glorious:item/bakery/glass_cabinet_1","1":"glorious:item/bakery/bread_obj","particle":"glorious:item/bakery/bread_obj"},"elements":[{"from":[-16,8,0],"to":[16,12,16],"faces":{"north":{"uv":[5.75,4,9.75,4.5],"texture":"#0"},"east":{"uv":[5.75,4.5,7.75,5],"texture":"#0"},"south":{"uv":[5.75,4,9.75,4.5],"texture":"#0"},"west":{"uv":[5.75,4.5,7.75,5],"texture":"#0"},"up":{"uv":[9.75,4,5.75,2],"texture":"#0"},"down":{"uv":[9.75,0,5.75,2],"texture":"#0"}}},{"from":[-16,0,2],"to":[16,8,16],"faces":{"north":{"uv":[0,4.125,4,5.125],"texture":"#0"},"east":{"uv":[0,6.125,1.75,7.125],"texture":"#0"},"south":{"uv":[0,5.125,4,6.125],"texture":"#0"},"west":{"uv":[0,6.125,1.75,7.125],"texture":"#0"},"down":{"uv":[4,2.375,0,4.125],"texture":"#0"}}},{"from":[-16,12,2],"to":[16,31,16],"faces":{"north":{"uv":[0,0,4,2.375],"texture":"#0"},"east":{"uv":[4,0,5.75,2.375],"texture":"#0"},"south":{"uv":[0,0,4,2.375],"texture":"#0"},"west":{"uv":[4,0,5.75,2.375],"texture":"#0"}}},{"from":[15,12,14],"to":[16,31,16],"faces":{"north":{"uv":[4.25,2.375,4.375,4.75],"texture":"#0"},"east":{"uv":[4,2.375,4.25,4.75],"texture":"#0"},"south":{"uv":[4.25,2.375,4.375,4.75],"texture":"#0"},"west":{"uv":[4,2.375,4.25,4.75],"texture":"#0"}}},{"from":[-16,12,14],"to":[-15,31,16],"rotation":{"angle":0,"axis":"y","origin":[16,0,0]},"faces":{"north":{"uv":[4.375,2.375,4.25,4.75],"texture":"#0"},"east":{"uv":[4.25,2.375,4,4.75],"texture":"#0"},"south":{"uv":[4.375,2.375,4.25,4.75],"texture":"#0"},"west":{"uv":[4.25,2.375,4,4.75],"texture":"#0"}}},{"from":[-16,12,2],"to":[-15,31,4],"rotation":{"angle":0,"axis":"y","origin":[16,0,16]},"faces":{"north":{"uv":[4.25,2.375,4.375,4.75],"texture":"#0"},"east":{"uv":[4,2.375,4.25,4.75],"texture":"#0"},"south":{"uv":[4.25,2.375,4.375,4.75],"texture":"#0"},"west":{"uv":[4,2.375,4.25,4.75],"texture":"#0"}}},{"from":[15,12,2],"to":[16,31,4],"rotation":{"angle":0,"axis":"y","origin":[0,0,16]},"faces":{"north":{"uv":[4.375,2.375,4.25,4.75],"texture":"#0"},"east":{"uv":[4.25,2.375,4,4.75],"texture":"#0"},"south":{"uv":[4.375,2.375,4.25,4.75],"texture":"#0"},"west":{"uv":[4.25,2.375,4,4.75],"texture":"#0"}}},{"from":[-16,31,2],"to":[16,32,16],"faces":{"north":{"uv":[9.75,1.75,13.75,1.875],"texture":"#0"},"east":{"uv":[9.75,1.875,11.5,2],"texture":"#0"},"south":{"uv":[9.75,1.75,13.75,1.875],"texture":"#0"},"west":{"uv":[9.75,1.875,11.5,2],"texture":"#0"},"up":{"uv":[13.75,1.75,9.75,0],"texture":"#0"},"down":{"uv":[13.75,0,9.75,1.75],"texture":"#0"}}},{"from":[-15,21,3],"to":[15,22,16],"faces":{"north":{"uv":[9.75,3.625,13.5,3.75],"texture":"#0"},"east":{"uv":[9.75,3.75,11.375,3.875],"texture":"#0"},"south":{"uv":[9.75,3.625,13.5,3.75],"texture":"#0"},"west":{"uv":[9.75,3.75,11.375,3.875],"texture":"#0"},"up":{"uv":[13.5,3.625,9.75,2],"texture":"#0"},"down":{"uv":[13.5,2,9.75,3.625],"texture":"#0"}}},{"from":[8,12,4],"to":[14,13,14],"faces":{"north":{"uv":[13.75,1.375,14.5,1.5],"texture":"#0"},"east":{"uv":[13.75,0,15,0.125],"texture":"#0"},"south":{"uv":[13.75,1.375,14.5,1.5],"texture":"#0"},"west":{"uv":[13.75,0,15,0.125],"texture":"#0"},"up":{"uv":[13.75,0.125,14.5,1.375],"texture":"#0"},"down":{"uv":[13.75,0.125,14.5,1.375],"texture":"#0"}}},{"from":[1,12,4],"to":[7,13,14],"faces":{"north":{"uv":[13.75,1.375,14.5,1.5],"texture":"#0"},"east":{"uv":[13.75,0,15,0.125],"texture":"#0"},"south":{"uv":[13.75,1.375,14.5,1.5],"texture":"#0"},"west":{"uv":[13.75,0,15,0.125],"texture":"#0"},"up":{"uv":[13.75,0.125,14.5,1.375],"texture":"#0"},"down":{"uv":[13.75,0.125,14.5,1.375],"texture":"#0"}}},{"from":[-14,12,4],"to":[-8,13,14],"faces":{"north":{"uv":[13.75,1.375,14.5,1.5],"texture":"#0"},"east":{"uv":[13.75,0,15,0.125],"texture":"#0"},"south":{"uv":[13.75,1.375,14.5,1.5],"texture":"#0"},"west":{"uv":[13.75,0,15,0.125],"texture":"#0"},"up":{"uv":[13.75,0.125,14.5,1.375],"texture":"#0"},"down":{"uv":[13.75,0.125,14.5,1.375],"texture":"#0"}}},{"from":[-7,12,4],"to":[-1,13,14],"faces":{"north":{"uv":[13.75,1.375,14.5,1.5],"texture":"#0"},"east":{"uv":[13.75,0,15,0.125],"texture":"#0"},"south":{"uv":[13.75,1.375,14.5,1.5],"texture":"#0"},"west":{"uv":[13.75,0,15,0.125],"texture":"#0"},"up":{"uv":[13.75,0.125,14.5,1.375],"texture":"#0"},"down":{"uv":[13.75,0.125,14.5,1.375],"texture":"#0"}}},{"from":[-7,22,4],"to":[-1,23,14],"faces":{"north":{"uv":[13.75,1.375,14.5,1.5],"texture":"#0"},"east":{"uv":[13.75,0,15,0.125],"texture":"#0"},"south":{"uv":[13.75,1.375,14.5,1.5],"texture":"#0"},"west":{"uv":[13.75,0,15,0.125],"texture":"#0"},"up":{"uv":[13.75,0.125,14.5,1.375],"texture":"#0"},"down":{"uv":[13.75,0.125,14.5,1.375],"texture":"#0"}}},{"from":[-14,22,4],"to":[-8,23,14],"faces":{"north":{"uv":[13.75,1.375,14.5,1.5],"texture":"#0"},"east":{"uv":[13.75,0,15,0.125],"texture":"#0"},"south":{"uv":[13.75,1.375,14.5,1.5],"texture":"#0"},"west":{"uv":[13.75,0,15,0.125],"texture":"#0"},"up":{"uv":[13.75,0.125,14.5,1.375],"texture":"#0"},"down":{"uv":[13.75,0.125,14.5,1.375],"texture":"#0"}}},{"from":[0,22,4],"to":[6,23,14],"faces":{"north":{"uv":[13.75,1.375,14.5,1.5],"texture":"#0"},"east":{"uv":[13.75,0,15,0.125],"texture":"#0"},"south":{"uv":[13.75,1.375,14.5,1.5],"texture":"#0"},"west":{"uv":[13.75,0,15,0.125],"texture":"#0"},"up":{"uv":[13.75,0.125,14.5,1.375],"texture":"#0"},"down":{"uv":[13.75,0.125,14.5,1.375],"texture":"#0"}}},{"from":[8,22,4],"to":[14,23,14],"faces":{"north":{"uv":[13.75,1.375,14.5,1.5],"texture":"#0"},"east":{"uv":[13.75,0,15,0.125],"texture":"#0"},"south":{"uv":[13.75,1.375,14.5,1.5],"texture":"#0"},"west":{"uv":[13.75,0,15,0.125],"texture":"#0"},"up":{"uv":[13.75,0.125,14.5,1.375],"texture":"#0"},"down":{"uv":[13.75,0.125,14.5,1.375],"texture":"#0"}}},{"from":[-13.25,23,6],"to":[-11.25,24,12],"rotation":{"angle":0,"axis":"y","origin":[-11,23.5,7]},"faces":{"north":{"uv":[9.5,6,10.5,6.5],"texture":"#1"},"east":{"uv":[9.5,3.5,12.5,4],"texture":"#1"},"south":{"uv":[9.5,6,10.5,6.5],"texture":"#1"},"west":{"uv":[9.5,3.5,12.5,4],"texture":"#1"},"up":{"uv":[12.5,6,9.5,5],"rotation":270,"texture":"#1"},"down":{"uv":[12.5,4,9.5,5],"rotation":90,"texture":"#1"}}},{"from":[-12.5,24,6],"to":[-10.5,25,12],"rotation":{"angle":22.5,"axis":"y","origin":[-11,24.5,7]},"faces":{"north":{"uv":[10.5,6,9.5,6.5],"texture":"#1"},"east":{"uv":[12.5,3.5,9.5,4],"texture":"#1"},"south":{"uv":[10.5,6,9.5,6.5],"texture":"#1"},"west":{"uv":[12.5,3.5,9.5,4],"texture":"#1"},"up":{"uv":[9.5,6,12.5,5],"rotation":270,"texture":"#1"},"down":{"uv":[9.5,4,12.5,5],"rotation":90,"texture":"#1"}}},{"from":[-11,23,5],"to":[-9,24,11],"rotation":{"angle":0,"axis":"y","origin":[-11,23.5,7]},"faces":{"north":{"uv":[9.5,6,10.5,6.5],"texture":"#1"},"east":{"uv":[9.5,3.5,12.5,4],"texture":"#1"},"south":{"uv":[9.5,6,10.5,6.5],"texture":"#1"},"west":{"uv":[9.5,3.5,12.5,4],"texture":"#1"},"up":{"uv":[12.5,6,9.5,5],"rotation":270,"texture":"#1"},"down":{"uv":[12.5,4,9.5,5],"rotation":90,"texture":"#1"}}},{"from":[9.5,13,5],"to":[12.5,14,8],"rotation":{"angle":-22.5,"axis":"y","origin":[11,13.5,6.5]},"faces":{"north":{"uv":[12.5,0,14,0.5],"texture":"#1"},"east":{"uv":[12.5,0,14,0.5],"texture":"#1"},"south":{"uv":[12.5,0,14,0.5],"texture":"#1"},"west":{"uv":[12.5,0,14,0.5],"texture":"#1"},"up":{"uv":[14,3.5,12.5,2],"rotation":270,"texture":"#1"},"down":{"uv":[14,0.5,12.5,2],"rotation":90,"texture":"#1"}}},{"from":[2.5,13,5],"to":[5.5,14,8],"rotation":{"angle":0,"axis":"y","origin":[2,-17,0]},"faces":{"north":{"uv":[11,0,12.5,0.5],"texture":"#1"},"east":{"uv":[11,0,12.5,0.5],"texture":"#1"},"south":{"uv":[11,0,12.5,0.5],"texture":"#1"},"west":{"uv":[11,0,12.5,0.5],"texture":"#1"},"up":{"uv":[12.5,3.5,11,2],"texture":"#1"},"down":{"uv":[12.5,0.5,11,2],"texture":"#1"}}},{"from":[9.5,13,9.25],"to":[12.5,14,12.25],"rotation":{"angle":-22.5,"axis":"y","origin":[11,13.5,10.75]},"faces":{"north":{"uv":[12.5,0,14,0.5],"texture":"#1"},"east":{"uv":[12.5,0,14,0.5],"texture":"#1"},"south":{"uv":[12.5,0,14,0.5],"texture":"#1"},"west":{"uv":[12.5,0,14,0.5],"texture":"#1"},"up":{"uv":[14,3.5,12.5,2],"texture":"#1"},"down":{"uv":[14,0.5,12.5,2],"texture":"#1"}}},{"from":[2.5,13,9.25],"to":[5.5,14,12.25],"rotation":{"angle":22.5,"axis":"y","origin":[4,13.5,10.75]},"faces":{"north":{"uv":[11,0,12.5,0.5],"texture":"#1"},"east":{"uv":[11,0,12.5,0.5],"texture":"#1"},"south":{"uv":[11,0,12.5,0.5],"texture":"#1"},"west":{"uv":[11,0,12.5,0.5],"texture":"#1"},"up":{"uv":[12.5,3.5,11,2],"texture":"#1"},"down":{"uv":[12.5,0.5,11,2],"texture":"#1"}}},{"from":[1.5,23,5],"to":[4.5,24,8],"rotation":{"angle":-22.5,"axis":"y","origin":[3,23.5,6.5]},"faces":{"north":{"uv":[5,8.5,6.5,9],"texture":"#1"},"east":{"uv":[5,8.5,6.5,9],"texture":"#1"},"south":{"uv":[5,8.5,6.5,9],"texture":"#1"},"west":{"uv":[5,8.5,6.5,9],"texture":"#1"},"up":{"uv":[6.5,12,5,10.5],"texture":"#1"},"down":{"uv":[6.5,9,5,10.5],"texture":"#1"}}},{"from":[8.75,23,8],"to":[10.75,25,10],"rotation":{"angle":0,"axis":"y","origin":[2,-17,0]},"faces":{"north":{"uv":[15,6,16,7],"texture":"#1"},"east":{"uv":[15,6,16,7],"texture":"#1"},"south":{"uv":[15,6,16,7],"texture":"#1"},"west":{"uv":[15,6,16,7],"texture":"#1"},"up":{"uv":[16,6,15,5],"texture":"#1"},"down":{"uv":[16,7,15,8],"texture":"#1"}}},{"from":[8.75,23,5],"to":[10.75,25,7],"rotation":{"angle":22.5,"axis":"y","origin":[9.75,24,6]},"faces":{"north":{"uv":[15,6,16,7],"texture":"#1"},"east":{"uv":[15,6,16,7],"texture":"#1"},"south":{"uv":[15,6,16,7],"texture":"#1"},"west":{"uv":[15,6,16,7],"texture":"#1"},"up":{"uv":[16,6,15,5],"texture":"#1"},"down":{"uv":[16,7,15,8],"texture":"#1"}}},{"from":[9.25,23,10.75],"to":[11.25,25,12.75],"rotation":{"angle":22.5,"axis":"y","origin":[10.25,24,11.75]},"faces":{"north":{"uv":[14,6,15,7],"texture":"#1"},"east":{"uv":[14,6,15,7],"texture":"#1"},"south":{"uv":[14,6,15,7],"texture":"#1"},"west":{"uv":[14,6,15,7],"texture":"#1"},"up":{"uv":[15,6,14,5],"texture":"#1"},"down":{"uv":[15,7,14,8],"texture":"#1"}}},{"from":[-7,13,11],"to":[-1,15,13],"rotation":{"angle":0,"axis":"y","origin":[-4,14,11.5]},"faces":{"north":{"uv":[6.5,5.5,9.5,6.5],"texture":"#1"},"east":{"uv":[6.5,6.5,7.5,7.5],"texture":"#1"},"south":{"uv":[6.5,5.5,9.5,6.5],"texture":"#1"},"west":{"uv":[6.5,6.5,7.5,7.5],"texture":"#1"},"up":{"uv":[9.5,4.5,6.5,3.5],"texture":"#1"},"down":{"uv":[9.5,4.5,6.5,5.5],"texture":"#1"}}},{"from":[1.5,23,9],"to":[3.5,25,11],"rotation":{"angle":-45,"axis":"y","origin":[2.5,24,10]},"faces":{"north":{"uv":[6.5,11,7.5,12],"texture":"#1"},"east":{"uv":[6.5,11,7.5,12],"texture":"#1"},"south":{"uv":[6.5,11,7.5,12],"texture":"#1"},"west":{"uv":[6.5,11,7.5,12],"texture":"#1"},"up":{"uv":[7.5,10,6.5,9],"texture":"#1"},"down":{"uv":[7.5,10,6.5,11],"texture":"#1"}}},{"from":[3.5,23,11],"to":[5.5,25,13],"rotation":{"angle":22.5,"axis":"y","origin":[4.5,24,12]},"faces":{"north":{"uv":[7.5,12,8.5,13],"texture":"#1"},"east":{"uv":[7.5,12,8.5,13],"texture":"#1"},"south":{"uv":[7.5,12,8.5,13],"texture":"#1"},"west":{"uv":[7.5,12,8.5,13],"texture":"#1"},"up":{"uv":[8.5,11,7.5,10],"texture":"#1"},"down":{"uv":[8.5,11,7.5,12],"texture":"#1"}}},{"from":[-7,13,5],"to":[-1,15,7],"rotation":{"angle":0,"axis":"y","origin":[2,-17,0]},"faces":{"north":{"uv":[3.5,5.5,6.5,6.5],"texture":"#1"},"east":{"uv":[3.5,6.5,4.5,7.5],"texture":"#1"},"south":{"uv":[3.5,5.5,6.5,6.5],"texture":"#1"},"west":{"uv":[3.5,6.5,4.5,7.5],"texture":"#1"},"up":{"uv":[6.5,4.5,3.5,3.5],"texture":"#1"},"down":{"uv":[6.5,4.5,3.5,5.5],"texture":"#1"}}},{"from":[-7,13,7.75],"to":[-1,15,9.75],"rotation":{"angle":0,"axis":"y","origin":[2,-17,0]},"faces":{"north":{"uv":[3.5,5.5,6.5,6.5],"texture":"#1"},"east":{"uv":[3.5,6.5,4.5,7.5],"texture":"#1"},"south":{"uv":[3.5,5.5,6.5,6.5],"texture":"#1"},"west":{"uv":[3.5,6.5,4.5,7.5],"texture":"#1"},"up":{"uv":[6.5,4.5,3.5,3.5],"texture":"#1"},"down":{"uv":[6.5,4.5,3.5,5.5],"texture":"#1"}}},{"from":[-13,13,4.5],"to":[-9,16,6.5],"rotation":{"angle":0,"axis":"y","origin":[-19,14.5,16]},"faces":{"north":{"uv":[7.5,6.5,9.5,8],"texture":"#1"},"east":{"uv":[7.5,7.5,6.5,9],"texture":"#1"},"south":{"uv":[7.5,6.5,9.5,8],"texture":"#1"},"west":{"uv":[6.5,7.5,7.5,9],"texture":"#1"},"up":{"uv":[7.5,8,8.5,10],"rotation":270,"texture":"#1"},"down":{"uv":[7.5,8,8.5,10],"rotation":90,"texture":"#1"}}},{"from":[-13,13,7.75],"to":[-9,16,9.75],"rotation":{"angle":22.5,"axis":"y","origin":[-11,14.5,7.75]},"faces":{"north":{"uv":[7.5,6.5,9.5,8],"texture":"#1"},"east":{"uv":[7.5,7.5,6.5,9],"texture":"#1"},"south":{"uv":[7.5,6.5,9.5,8],"texture":"#1"},"west":{"uv":[6.5,7.5,7.5,9],"texture":"#1"},"up":{"uv":[7.5,8,8.5,10],"rotation":270,"texture":"#1"},"down":{"uv":[7.5,8,8.5,10],"rotation":90,"texture":"#1"}}},{"from":[11.25,23,5],"to":[13.25,25,7],"rotation":{"angle":0,"axis":"y","origin":[2,-17,0]},"faces":{"north":{"uv":[15,12,16,13],"texture":"#1"},"east":{"uv":[15,12,16,13],"texture":"#1"},"south":{"uv":[15,12,16,13],"texture":"#1"},"west":{"uv":[15,12,16,13],"texture":"#1"},"up":{"uv":[16,12,15,11],"texture":"#1"},"down":{"uv":[16,13,15,14],"texture":"#1"}}},{"from":[11.25,23,8],"to":[13.25,25,10],"rotation":{"angle":-22.5,"axis":"y","origin":[12.25,24,9]},"faces":{"north":{"uv":[14,12,15,13],"texture":"#1"},"east":{"uv":[14,12,15,13],"texture":"#1"},"south":{"uv":[14,12,15,13],"texture":"#1"},"west":{"uv":[14,12,15,13],"texture":"#1"},"up":{"uv":[15,12,14,11],"texture":"#1"},"down":{"uv":[15,13,14,14],"texture":"#1"}}},{"from":[-5.5,23,10],"to":[-2.5,24,13],"rotation":{"angle":0,"axis":"y","origin":[-0.5,24.5,11.5]},"faces":{"north":{"uv":[14,12.5,12.5,13],"rotation":180,"texture":"#1"},"east":{"uv":[13,13,13.5,14.5],"rotation":270,"texture":"#1"},"south":{"uv":[14,13,12.5,12.5],"texture":"#1"},"west":{"uv":[13.5,13,14,14.5],"rotation":90,"texture":"#1"},"up":{"uv":[12.5,11,14,12.5],"rotation":180,"texture":"#1"},"down":{"uv":[14,11,12.5,12.5],"texture":"#1"}}},{"from":[-5.75,23.25,8],"to":[-2.75,24.25,11],"rotation":{"angle":-22.5,"axis":"x","origin":[-0.5,24.5,9.5]},"faces":{"north":{"uv":[14,12.5,12.5,13],"rotation":180,"texture":"#1"},"east":{"uv":[13,13,13.5,14.5],"rotation":270,"texture":"#1"},"south":{"uv":[14,13,12.5,12.5],"texture":"#1"},"west":{"uv":[13.5,13,14,14.5],"rotation":90,"texture":"#1"},"up":{"uv":[12.5,11,14,12.5],"rotation":180,"texture":"#1"},"down":{"uv":[14,11,12.5,12.5],"texture":"#1"}}},{"from":[-5.25,23.2156,6.30657],"to":[-2.25,24.2156,9.30657],"rotation":{"angle":-45,"axis":"x","origin":[-0.5,23.9656,7.55657]},"faces":{"north":{"uv":[14,12.5,12.5,13],"rotation":180,"texture":"#1"},"east":{"uv":[13,13,13.5,14.5],"rotation":270,"texture":"#1"},"south":{"uv":[14,13,12.5,12.5],"texture":"#1"},"west":{"uv":[13.5,13,14,14.5],"rotation":90,"texture":"#1"},"up":{"uv":[12.5,11,14,12.5],"rotation":180,"texture":"#1"},"down":{"uv":[14,11,12.5,12.5],"texture":"#1"}}},{"from":[-5.75,24.2156,5.05657],"to":[-2.75,25.2156,8.05657],"rotation":{"angle":-45,"axis":"x","origin":[-0.5,23.9656,7.55657]},"faces":{"north":{"uv":[14,12.5,12.5,13],"rotation":180,"texture":"#1"},"east":{"uv":[13,13,13.5,14.5],"rotation":270,"texture":"#1"},"south":{"uv":[14,13,12.5,12.5],"texture":"#1"},"west":{"uv":[13.5,13,14,14.5],"rotation":90,"texture":"#1"},"up":{"uv":[12.5,11,14,12.5],"rotation":180,"texture":"#1"},"down":{"uv":[14,11,12.5,12.5],"texture":"#1"}}}],"gui_light":"front","display":{"thirdperson_righthand":{"rotation":[67.5,0,0],"translation":[1.5,1.25,-0.75],"scale":[0.19,0.19,0.19]},"thirdperson_lefthand":{"rotation":[67.5,0,0],"translation":[-1.5,1.25,-0.75],"scale":[0.19,0.19,0.19]},"firstperson_righthand":{"translation":[3,1.25,0],"scale":[0.31992,0.31992,0.31992]},"firstperson_lefthand":{"translation":[-2.25,1.25,0],"scale":[0.31992,0.31992,0.31992]},"ground":{"translation":[3.75,3,0],"scale":[0.5,0.5,0.5]},"gui":{"rotation":[30,225,0],"translation":[-1.5,-3.25,0],"scale":[0.3,0.3,0.3]},"head":{"rotation":[0,180,0],"translation":[0,-30.25,0],"scale":[0,0,0]},"fixed":{"rotation":[-90,0,0],"translation":[0,0,-16],"scale":[2,2,2]}},"groups":[0,1,2,3,4,5,6,7,8,9,10,11,12,13,14,15,16,{"name":"group","origin":[2,0,0],"color":0,"children":[17,18,19,20,21,22,23,24,25,26,27,28,29,30,31,32,33,34,35,36,37,38,39,40]}]}