{"credit":"MadewithBlockbench","texture_size":[64,64],"textures":{"0":"glorious:item/bakery/donut","particle":"glorious:item/bakery/donut"},"elements":[{"from":[0.5,0,1],"to":[7.5,1,15],"rotation":{"angle":0,"axis":"y","origin":[8,0.5,8]},"faces":{"north":{"uv":[0,0.25,1.75,0.5],"texture":"#0"},"east":{"uv":[0,0,3.5,0.25],"texture":"#0"},"south":{"uv":[0,0.25,1.75,0.5],"texture":"#0"},"west":{"uv":[0,0,3.5,0.25],"texture":"#0"},"up":{"uv":[1.75,4,0,0.5],"texture":"#0"},"down":{"uv":[1.75,0.5,0,4],"texture":"#0"}}},{"from":[8.5,0,1],"to":[15.5,1,15],"rotation":{"angle":0,"axis":"y","origin":[7.5,0.5,8]},"faces":{"north":{"uv":[0,0.25,1.75,0.5],"texture":"#0"},"east":{"uv":[0,0,3.5,0.25],"texture":"#0"},"south":{"uv":[0,0.25,1.75,0.5],"texture":"#0"},"west":{"uv":[0,0,3.5,0.25],"texture":"#0"},"up":{"uv":[1.75,4,0,0.5],"texture":"#0"},"down":{"uv":[1.75,0.5,0,4],"texture":"#0"}}},{"from":[10,0.5,10.25],"to":[14,2.5,14.25],"rotation":{"angle":-22.5,"axis":"x","origin":[12,2,12.5]},"faces":{"north":{"uv":[3.75,0.25,4.75,0.75],"texture":"#0"},"east":{"uv":[3.75,0.25,4.75,0.75],"texture":"#0"},"south":{"uv":[3.75,0.25,4.75,0.75],"texture":"#0"},"west":{"uv":[3.75,0.25,4.75,0.75],"texture":"#0"},"up":{"uv":[3.75,1.25,2.75,0.25],"texture":"#0"},"down":{"uv":[2.75,0.25,1.75,1.25],"texture":"#0"}}},{"from":[2,0.75,10.25],"to":[6,2.75,14.25],"rotation":{"angle":-22.5,"axis":"x","origin":[4,2.25,12.5]},"faces":{"north":{"uv":[3.75,1.25,4.75,1.75],"texture":"#0"},"east":{"uv":[3.75,1.25,4.75,1.75],"texture":"#0"},"south":{"uv":[3.75,1.25,4.75,1.75],"texture":"#0"},"west":{"uv":[3.75,1.25,4.75,1.75],"texture":"#0"},"up":{"uv":[3.75,2.25,2.75,1.25],"texture":"#0"},"down":{"uv":[2.75,1.25,1.75,2.25],"texture":"#0"}}},{"from":[2.5,-0.10817,8.58147],"to":[6.5,1.89183,12.58147],"rotation":{"angle":-45,"axis":"x","origin":[4.5,0.89183,8.08147]},"faces":{"north":{"uv":[3.75,1.25,4.75,1.75],"texture":"#0"},"east":{"uv":[3.75,1.25,4.75,1.75],"texture":"#0"},"south":{"uv":[3.75,1.25,4.75,1.75],"texture":"#0"},"west":{"uv":[3.75,1.25,4.75,1.75],"texture":"#0"},"up":{"uv":[3.75,2.25,2.75,1.25],"texture":"#0"},"down":{"uv":[2.75,1.25,1.75,2.25],"texture":"#0"}}},{"from":[10.5,1.4096,7.75357],"to":[14.5,3.4096,11.75357],"rotation":{"angle":-45,"axis":"x","origin":[8.5,2.52508,9.80141]},"faces":{"north":{"uv":[3.75,0.25,4.75,0.75],"texture":"#0"},"east":{"uv":[3.75,0.25,4.75,0.75],"texture":"#0"},"south":{"uv":[3.75,0.25,4.75,0.75],"texture":"#0"},"west":{"uv":[3.75,0.25,4.75,0.75],"texture":"#0"},"up":{"uv":[3.75,1.25,2.75,0.25],"texture":"#0"},"down":{"uv":[2.75,0.25,1.75,1.25],"texture":"#0"}}},{"from":[2,3.25059,4.1118],"to":[6,5.25059,8.1118],"rotation":{"angle":-45,"axis":"x","origin":[4,4.25059,8.6118]},"faces":{"north":{"uv":[3.75,1.25,4.75,1.75],"texture":"#0"},"east":{"uv":[3.75,1.25,4.75,1.75],"texture":"#0"},"south":{"uv":[3.75,1.25,4.75,1.75],"texture":"#0"},"west":{"uv":[3.75,1.25,4.75,1.75],"texture":"#0"},"up":{"uv":[3.75,2.25,2.75,1.25],"texture":"#0"},"down":{"uv":[2.75,1.25,1.75,2.25],"texture":"#0"}}},{"from":[9.75,1.23282,4.84404],"to":[13.75,3.23282,8.84404],"rotation":{"angle":-45,"axis":"x","origin":[11.75,2.23282,6.84404]},"faces":{"north":{"uv":[3.75,0.25,4.75,0.75],"texture":"#0"},"east":{"uv":[3.75,0.25,4.75,0.75],"texture":"#0"},"south":{"uv":[3.75,0.25,4.75,0.75],"texture":"#0"},"west":{"uv":[3.75,0.25,4.75,0.75],"texture":"#0"},"up":{"uv":[3.75,1.25,2.75,0.25],"texture":"#0"},"down":{"uv":[2.75,0.25,1.75,1.25],"texture":"#0"}}},{"from":[2.75,1.30604,1.83883],"to":[6.75,3.30604,5.83883],"rotation":{"angle":-45,"axis":"x","origin":[4.75,2.30604,3.83883]},"faces":{"north":{"uv":[3.75,1.25,4.75,1.75],"texture":"#0"},"east":{"uv":[3.75,1.25,4.75,1.75],"texture":"#0"},"south":{"uv":[3.75,1.25,4.75,1.75],"texture":"#0"},"west":{"uv":[3.75,1.25,4.75,1.75],"texture":"#0"},"up":{"uv":[3.75,2.25,2.75,1.25],"texture":"#0"},"down":{"uv":[2.75,1.25,1.75,2.25],"texture":"#0"}}},{"from":[10.25,8.83422,-1.47866],"to":[14.25,10.83422,2.52134],"rotation":{"angle":-45,"axis":"x","origin":[8.25,9.9497,11.56917]},"faces":{"north":{"uv":[3.75,0.25,4.75,0.75],"texture":"#0"},"east":{"uv":[3.75,0.25,4.75,0.75],"texture":"#0"},"south":{"uv":[3.75,0.25,4.75,0.75],"texture":"#0"},"west":{"uv":[3.75,0.25,4.75,0.75],"texture":"#0"},"up":{"uv":[3.75,1.25,2.75,0.25],"texture":"#0"},"down":{"uv":[2.75,0.25,1.75,1.25],"texture":"#0"}}}],"gui_light":"front","display":{"thirdperson_righthand":{"rotation":[67.5,0,0],"translation":[0,2.75,2],"scale":[0.375,0.375,0.375]},"thirdperson_lefthand":{"rotation":[67.5,0,0],"translation":[0,2.75,2],"scale":[0.375,0.375,0.375]},"firstperson_righthand":{"translation":[0,6,0],"scale":[0.58695,0.58695,0.58695]},"firstperson_lefthand":{"translation":[0,6,0],"scale":[0.58695,0.58695,0.58695]},"ground":{"translation":[0,3,0],"scale":[0.5,0.5,0.5]},"gui":{"rotation":[30,225,0],"translation":[0,3,0],"scale":[0.625,0.625,0.625]},"head":{"translation":[0,-30.25,0],"scale":[0,0,0]},"fixed":{"rotation":[-90,0,0],"translation":[0,0,-16],"scale":[2,2,2]}}}