{"credit":"MadewithBlockbench","texture_size":[64,64],"textures":{"0":"glorious:item/bakery/sign","particle":"glorious:item/bakery/sign"},"elements":[{"from":[2,2,-1],"to":[14,18,1],"rotation":{"angle":22.5,"axis":"x","origin":[8,2,0]},"faces":{"north":{"uv":[0,0,3,4],"texture":"#0"},"east":{"uv":[3,0,3.5,4],"texture":"#0"},"south":{"uv":[0,4,3,8],"texture":"#0"},"west":{"uv":[3,0,3.5,4],"texture":"#0"},"up":{"uv":[6.5,1.25,3.5,0.75],"texture":"#0"},"down":{"uv":[6.5,0.75,3.5,1.25],"texture":"#0"}}},{"from":[12,0,-1],"to":[14,2,1],"rotation":{"angle":22.5,"axis":"x","origin":[8,2,0]},"faces":{"north":{"uv":[3.5,1.25,4,1.75],"texture":"#0"},"east":{"uv":[3.5,1.25,4,1.75],"texture":"#0"},"south":{"uv":[3.5,1.25,4,1.75],"texture":"#0"},"west":{"uv":[3.5,1.25,4,1.75],"texture":"#0"},"down":{"uv":[4,1.75,3.5,2.25],"texture":"#0"}}},{"from":[2,0,-1],"to":[4,2,1],"rotation":{"angle":22.5,"axis":"x","origin":[8,2,0]},"faces":{"north":{"uv":[4,1.25,4.5,1.75],"texture":"#0"},"east":{"uv":[4,1.25,4.5,1.75],"texture":"#0"},"south":{"uv":[4,1.25,4.5,1.75],"texture":"#0"},"west":{"uv":[4,1.25,4.5,1.75],"texture":"#0"},"down":{"uv":[4.5,1.75,4,2.25],"texture":"#0"}}},{"from":[2,2,15],"to":[14,18,17],"rotation":{"angle":-22.5,"axis":"x","origin":[8,2,16]},"faces":{"north":{"uv":[3,4,0,8],"texture":"#0"},"east":{"uv":[3.5,0,3,4],"texture":"#0"},"south":{"uv":[3,0,0,4],"texture":"#0"},"west":{"uv":[3.5,0,3,4],"texture":"#0"},"up":{"uv":[6.5,0.75,3.5,1.25],"texture":"#0"},"down":{"uv":[6.5,1.25,3.5,0.75],"texture":"#0"}}},{"from":[2,0,15],"to":[4,2,17],"rotation":{"angle":-22.5,"axis":"x","origin":[8,2,16]},"faces":{"north":{"uv":[4.5,1.25,4,1.75],"texture":"#0"},"east":{"uv":[4.5,1.25,4,1.75],"texture":"#0"},"south":{"uv":[4.5,1.25,4,1.75],"texture":"#0"},"west":{"uv":[4.5,1.25,4,1.75],"texture":"#0"},"down":{"uv":[4.5,2.25,4,1.75],"texture":"#0"}}},{"from":[12,0,15],"to":[14,2,17],"rotation":{"angle":-22.5,"axis":"x","origin":[8,2,16]},"faces":{"north":{"uv":[4,1.25,3.5,1.75],"texture":"#0"},"east":{"uv":[4,1.25,3.5,1.75],"texture":"#0"},"south":{"uv":[4,1.25,3.5,1.75],"texture":"#0"},"west":{"uv":[4,1.25,3.5,1.75],"texture":"#0"},"down":{"uv":[4,2.25,3.5,1.75],"texture":"#0"}}},{"from":[0,15,6.5],"to":[16,18,9.5],"rotation":{"angle":45,"axis":"x","origin":[8,16.5,8]},"faces":{"north":{"uv":[3.5,0,7.5,0.75],"texture":"#0"},"east":{"uv":[7.5,0,8.25,0.75],"texture":"#0"},"south":{"uv":[3.5,0,7.5,0.75],"texture":"#0"},"west":{"uv":[7.5,0,8.25,0.75],"texture":"#0"},"up":{"uv":[7.5,0.75,3.5,0],"texture":"#0"},"down":{"uv":[7.5,0,3.5,0.75],"texture":"#0"}}}],"gui_light":"front","display":{"thirdperson_righthand":{"rotation":[67.5,0,0],"translation":[0,2,-0.5],"scale":[0.33203,0.33203,0.33203]},"thirdperson_lefthand":{"rotation":[67.5,0,0],"translation":[0,2,-0.5],"scale":[0.33203,0.33203,0.33203]},"firstperson_righthand":{"translation":[-0.5,3.25,0],"scale":[0.52695,0.52695,0.52695]},"firstperson_lefthand":{"translation":[-0.5,3.25,0],"scale":[0.52695,0.52695,0.52695]},"ground":{"translation":[0,3,0],"scale":[0.5,0.5,0.5]},"gui":{"rotation":[30,225,0],"translation":[0,-0.25,0],"scale":[0.49422,0.49422,0.49422]},"head":{"translation":[0,-30.75,0],"scale":[0,0,0]},"fixed":{"rotation":[-90,0,0],"translation":[0,0,-16],"scale":[2,2,2]}}}