{"groups":[{"name":"octagon","origin":[0,0.5,0],"color":0,"children":[0,1,2,3,4,5,6,7,8]}],"texture_size":[32,32],"textures":{"2":"custom/blocks/rizaan/village/cooking_plate_iron"},"elements":[{"from":[6.34315,0,11],"to":[9.65685,1,12],"rotation":{"angle":45,"axis":"y","origin":[8,0.5,8]},"faces":{"north":{"uv":[4.5,5,6,5.5],"texture":"#2"},"east":{"uv":[4,5,4.5,5.5],"texture":"#2"},"south":{"uv":[6.5,5,8,5.5],"texture":"#2"},"west":{"uv":[6,5,6.5,5.5],"texture":"#2"},"up":{"uv":[6,5,4.5,4.5],"texture":"#2"},"down":{"uv":[7.5,4.5,6,5],"texture":"#2"}}},{"from":[6.34315,0,4],"to":[9.65685,1,5],"rotation":{"angle":45,"axis":"y","origin":[8,0.5,8]},"faces":{"north":{"uv":[3,4,4.5,4.5],"texture":"#2"},"east":{"uv":[2.5,4,3,4.5],"texture":"#2"},"south":{"uv":[5,4,6.5,4.5],"texture":"#2"},"west":{"uv":[4.5,4,5,4.5],"texture":"#2"},"up":{"uv":[4.5,4,3,3.5],"texture":"#2"},"down":{"uv":[6,3.5,4.5,4],"texture":"#2"}}},{"from":[6.33315,-0.01,10.99],"to":[9.66685,1.01,12.01],"rotation":{"angle":0,"axis":"y","origin":[8,0.5,8]},"faces":{"north":{"uv":[4.5,5,6,5.5],"texture":"#2"},"east":{"uv":[4,5,4.5,5.5],"texture":"#2"},"south":{"uv":[6.5,5,8,5.5],"texture":"#2"},"west":{"uv":[6,5,6.5,5.5],"texture":"#2"},"up":{"uv":[6,5,4.5,4.5],"texture":"#2"},"down":{"uv":[7.5,4.5,6,5],"texture":"#2"}}},{"from":[5.01,0.01,5.01],"to":[10.99,0.99,10.99],"rotation":{"angle":0,"axis":"y","origin":[8,0.5,8]},"faces":{"north":{"uv":[3,3,6,3.5],"texture":"#2"},"east":{"uv":[0,3,3,3.5],"texture":"#2"},"south":{"uv":[9,3,12,3.5],"texture":"#2"},"west":{"uv":[6,3,9,3.5],"texture":"#2"},"up":{"uv":[6,3,3,0],"texture":"#2"},"down":{"uv":[9,0,6,3],"texture":"#2"}}},{"from":[6.33315,-0.01,3.99],"to":[9.66685,1.01,5.01],"rotation":{"angle":0,"axis":"y","origin":[8,0.5,8]},"faces":{"north":{"uv":[3,4,4.5,4.5],"texture":"#2"},"east":{"uv":[2.5,4,3,4.5],"texture":"#2"},"south":{"uv":[5,4,6.5,4.5],"texture":"#2"},"west":{"uv":[4.5,4,5,4.5],"texture":"#2"},"up":{"uv":[4.5,4,3,3.5],"texture":"#2"},"down":{"uv":[6,3.5,4.5,4],"texture":"#2"}}},{"from":[4,0,6.34315],"to":[5,1,9.65685],"rotation":{"angle":45,"axis":"y","origin":[8,0.5,8]},"faces":{"north":{"uv":[1.5,5,2,5.5],"texture":"#2"},"east":{"uv":[0,5,1.5,5.5],"texture":"#2"},"south":{"uv":[3.5,5,4,5.5],"texture":"#2"},"west":{"uv":[2,5,3.5,5.5],"texture":"#2"},"up":{"uv":[2,5,1.5,3.5],"texture":"#2"},"down":{"uv":[2.5,3.5,2,5],"texture":"#2"}}},{"from":[11,0,6.34315],"to":[12,1,9.65685],"shade":false,"rotation":{"angle":45,"axis":"y","origin":[8,0.5,8]},"faces":{"north":{"uv":[2,5,1.5,5.5],"texture":"#2"},"east":{"uv":[3.5,5,2,5.5],"texture":"#2"},"south":{"uv":[4,5,3.5,5.5],"texture":"#2"},"west":{"uv":[1.5,5,0,5.5],"texture":"#2"},"up":{"uv":[1.5,5,2,3.5],"texture":"#2"},"down":{"uv":[2,3.5,2.5,5],"texture":"#2"}}},{"from":[10.99,-0.01,6.33315],"to":[12.01,1.01,9.66685],"shade":false,"rotation":{"angle":0,"axis":"y","origin":[8,0.5,8]},"faces":{"north":{"uv":[2,5,1.5,5.5],"texture":"#2"},"east":{"uv":[3.5,5,2,5.5],"texture":"#2"},"south":{"uv":[4,5,3.5,5.5],"texture":"#2"},"west":{"uv":[1.5,5,0,5.5],"texture":"#2"},"up":{"uv":[1.5,5,2,3.5],"texture":"#2"},"down":{"uv":[2,3.5,2.5,5],"texture":"#2"}}},{"from":[3.99,-0.01,6.33315],"to":[5.01,1.01,9.66685],"rotation":{"angle":0,"axis":"y","origin":[8,0.5,8]},"faces":{"north":{"uv":[1.5,5,2,5.5],"texture":"#2"},"east":{"uv":[0,5,1.5,5.5],"texture":"#2"},"south":{"uv":[3.5,5,4,5.5],"texture":"#2"},"west":{"uv":[2,5,3.5,5.5],"texture":"#2"},"up":{"uv":[2,5,1.5,3.5],"texture":"#2"},"down":{"uv":[2.5,3.5,2,5],"texture":"#2"}}}],"gui_light":"front","display":{"thirdperson_righthand":{"rotation":[75,45,0],"translation":[0,2.5,3.25],"scale":[0.375,0.375,0.375]},"thirdperson_lefthand":{"rotation":[75,45,0],"translation":[0,2.5,3],"scale":[0.375,0.375,0.375]},"firstperson_righthand":{"rotation":[0,45,0],"translation":[0,5.5,0],"scale":[0.4,0.4,0.4]},"firstperson_lefthand":{"rotation":[0,225,0],"translation":[0,5.5,0],"scale":[0.4,0.4,0.4]},"ground":{"translation":[0,4.25,0]},"gui":{"rotation":[50,225,0],"translation":[0,7,0],"scale":[1.5,1.5,1.5]},"fixed":{"rotation":[-90,0,0],"translation":[0,0,-15],"scale":[2,2,2]}}}