{"groups":[{"name":"knife_2","origin":[5.19344,1,2.4588],"color":0,"children":[0,1,2]}],"texture_size":[32,32],"textures":{"4":"custom/blocks/rizaan/village/cooking_knives"},"elements":[{"from":[7,0.5,7],"to":[12,1.5,15],"rotation":{"angle":-22.5,"axis":"y","origin":[11,1,4.5625]},"faces":{"north":{"uv":[6.5,4.5,9,5],"texture":"#4"},"east":{"uv":[4,6.5,8,7],"texture":"#4"},"south":{"uv":[6.5,4,9,4.5],"texture":"#4"},"west":{"uv":[4,6,8,6.5],"texture":"#4"},"up":{"uv":[2.5,4,0,0],"rotation":180,"texture":"#4"},"down":{"uv":[2.5,0,0,4],"rotation":180,"texture":"#4"}}},{"from":[10,0,3],"to":[12,2,7],"rotation":{"angle":-22.5,"axis":"y","origin":[11,1,4.5625]},"faces":{"north":{"uv":[7,8,8,9],"texture":"#4"},"east":{"uv":[5,5,7,6],"texture":"#4"},"south":{"uv":[8,6,9,7],"texture":"#4"},"west":{"uv":[5,1,7,2],"texture":"#4"},"up":{"uv":[7,4,6,2],"rotation":180,"texture":"#4"},"down":{"uv":[4,6,3,8],"rotation":180,"texture":"#4"}}},{"from":[10.53182,0.01,1.51162],"to":[12.51182,1.99,3.49162],"rotation":{"angle":0,"axis":"y","origin":[11,1,4.5625]},"faces":{"north":{"uv":[2,7,3,8],"texture":"#4"},"east":{"uv":[7,2,8,3],"texture":"#4"},"south":{"uv":[3,8,4,9],"texture":"#4"},"west":{"uv":[8,3,9,4],"texture":"#4"},"up":{"uv":[9,6,8,5],"rotation":180,"texture":"#4"},"down":{"uv":[7,8,6,9],"rotation":180,"texture":"#4"}}}],"gui_light":"front","display":{"thirdperson_righthand":{"rotation":[75,45,0],"translation":[0,2.5,3],"scale":[0.375,0.375,0.375]},"thirdperson_lefthand":{"rotation":[75,45,0],"translation":[0,2.5,3],"scale":[0.375,0.375,0.375]},"firstperson_righthand":{"rotation":[65,45,0],"translation":[3.75,5.75,0],"scale":[0.7,0.7,0.7]},"firstperson_lefthand":{"rotation":[65,-50,0],"translation":[3.75,5.75,0],"scale":[0.7,0.7,0.7]},"ground":{"translation":[0,5.25,0]},"gui":{"rotation":[79,160,0],"translation":[0.5,1,-15],"scale":[1.2,1.2,1.2]},"fixed":{"rotation":[-90,0,0],"translation":[0,0,-15],"scale":[2,2,2]}}}