{"credit":"MadewithBlockbench","texture_size":[128,128],"textures":{"0":"glorious:item/office_decoration_v1/office_sofa_2","particle":"glorious:item/office_decoration_v1/office_sofa_2"},"elements":[{"from":[-14,2,12],"to":[30,15,14],"faces":{"north":{"uv":[0,0,5.5,1.625],"texture":"#0"},"east":{"uv":[5.5,0.25,5.75,1.875],"texture":"#0"},"south":{"uv":[0,1.625,5.5,3.25],"texture":"#0"},"west":{"uv":[5.5,0.25,5.75,1.875],"texture":"#0"},"up":{"uv":[11,0.25,5.5,0],"texture":"#0"},"down":{"uv":[11,0,5.5,0.25],"texture":"#0"}}},{"from":[-14,2,2],"to":[30,9,12],"faces":{"north":{"uv":[5.75,0.25,11.25,1.125],"texture":"#0"},"up":{"uv":[5.5,4.5,0,3.25],"texture":"#0"},"down":{"uv":[5.5,4.5,0,5.75],"texture":"#0"}}},{"from":[30,2,2],"to":[32,12,14],"faces":{"north":{"uv":[5.5,1.875,5.75,3.125],"texture":"#0"},"east":{"uv":[5.75,1.125,7.25,2.375],"texture":"#0"},"south":{"uv":[5.5,1.875,5.75,3.125],"texture":"#0"},"west":{"uv":[5.75,2.375,7.25,3.625],"texture":"#0"},"up":{"uv":[5.75,4.625,5.5,3.125],"texture":"#0"},"down":{"uv":[5.75,3.125,5.5,4.625],"texture":"#0"}}},{"from":[-16,2,2],"to":[-14,12,14],"rotation":{"angle":0,"axis":"y","origin":[16,0,0]},"faces":{"north":{"uv":[5.75,1.875,5.5,3.125],"texture":"#0"},"east":{"uv":[7.25,2.375,5.75,3.625],"texture":"#0"},"south":{"uv":[5.75,1.875,5.5,3.125],"texture":"#0"},"west":{"uv":[7.25,1.125,5.75,2.375],"texture":"#0"},"up":{"uv":[5.5,4.625,5.75,3.125],"texture":"#0"},"down":{"uv":[5.5,3.125,5.75,4.625],"texture":"#0"}}},{"from":[29,0,2.5],"to":[31,2,4.5],"rotation":{"angle":0,"axis":"y","origin":[16,0,0]},"faces":{"north":{"uv":[5.75,3.625,6,3.875],"texture":"#0"},"east":{"uv":[5.75,3.625,6,3.875],"texture":"#0"},"south":{"uv":[5.75,3.625,6,3.875],"texture":"#0"},"west":{"uv":[5.75,3.625,6,3.875],"texture":"#0"},"up":{"uv":[6,3.625,6.25,3.875],"texture":"#0"},"down":{"uv":[6,3.625,6.25,3.875],"texture":"#0"}}},{"from":[-15,0,2.5],"to":[-13,2,4.5],"faces":{"north":{"uv":[6,3.625,5.75,3.875],"texture":"#0"},"east":{"uv":[6,3.625,5.75,3.875],"texture":"#0"},"south":{"uv":[6,3.625,5.75,3.875],"texture":"#0"},"west":{"uv":[6,3.625,5.75,3.875],"texture":"#0"},"up":{"uv":[6.25,3.625,6,3.875],"texture":"#0"},"down":{"uv":[6.25,3.625,6,3.875],"texture":"#0"}}},{"from":[-15,0,11.5],"to":[-13,2,13.5],"rotation":{"angle":0,"axis":"y","origin":[0,0,16]},"faces":{"north":{"uv":[5.75,3.625,6,3.875],"texture":"#0"},"east":{"uv":[5.75,3.625,6,3.875],"texture":"#0"},"south":{"uv":[5.75,3.625,6,3.875],"texture":"#0"},"west":{"uv":[5.75,3.625,6,3.875],"texture":"#0"},"up":{"uv":[6.25,3.875,6,3.625],"texture":"#0"},"down":{"uv":[6.25,3.875,6,3.625],"texture":"#0"}}},{"from":[29,0,11.5],"to":[31,2,13.5],"rotation":{"angle":0,"axis":"y","origin":[16,0,16]},"faces":{"north":{"uv":[6,3.625,5.75,3.875],"texture":"#0"},"east":{"uv":[6,3.625,5.75,3.875],"texture":"#0"},"south":{"uv":[6,3.625,5.75,3.875],"texture":"#0"},"west":{"uv":[6,3.625,5.75,3.875],"texture":"#0"},"up":{"uv":[6,3.875,6.25,3.625],"texture":"#0"},"down":{"uv":[6,3.875,6.25,3.625],"texture":"#0"}}},{"from":[7,0,11.5],"to":[9,2,13.5],"rotation":{"angle":0,"axis":"y","origin":[16,0,16]},"faces":{"north":{"uv":[6,3.625,5.75,3.875],"texture":"#0"},"east":{"uv":[6,3.625,5.75,3.875],"texture":"#0"},"south":{"uv":[6,3.625,5.75,3.875],"texture":"#0"},"west":{"uv":[6,3.625,5.75,3.875],"texture":"#0"},"up":{"uv":[6,3.875,6.25,3.625],"texture":"#0"},"down":{"uv":[6,3.875,6.25,3.625],"texture":"#0"}}},{"from":[7,0,2.5],"to":[9,2,4.5],"rotation":{"angle":0,"axis":"y","origin":[16,0,0]},"faces":{"north":{"uv":[5.75,3.625,6,3.875],"texture":"#0"},"east":{"uv":[5.75,3.625,6,3.875],"texture":"#0"},"south":{"uv":[5.75,3.625,6,3.875],"texture":"#0"},"west":{"uv":[5.75,3.625,6,3.875],"texture":"#0"},"up":{"uv":[6,3.625,6.25,3.875],"texture":"#0"},"down":{"uv":[6,3.625,6.25,3.875],"texture":"#0"}}}],"gui_light":"front","display":{"thirdperson_righthand":{"rotation":[67.5,0,0],"translation":[0,1.25,0.5],"scale":[0.24992,0.24992,0.24992]},"thirdperson_lefthand":{"rotation":[67.5,0,0],"translation":[0,1.25,0.5],"scale":[0.24992,0.24992,0.24992]},"firstperson_righthand":{"translation":[1,4,1.5],"scale":[0.34047,0.34047,0.34047]},"firstperson_lefthand":{"translation":[1,4,1.5],"scale":[0.34047,0.34047,0.34047]},"ground":{"translation":[0.75,5.25,0],"scale":[0.42383,0.42383,0.42383]},"gui":{"rotation":[30,225,0],"translation":[0,0.25,0],"scale":[0.31148,0.31148,0.31148]},"head":{"rotation":[0,180,0],"translation":[0,-27.25,0],"scale":[0,0,0]},"fixed":{"rotation":[-90,0,0],"translation":[0,0,-16],"scale":[2,2,2]}}}