{"groups":[{"name":"knife_1","origin":[12.19344,1,2.2088],"color":0,"children":[0,1,2,3,4,5]}],"texture_size":[32,32],"textures":{"4":"custom/blocks/rizaan/village/cooking_knives"},"elements":[{"from":[1.94893,0.52,9.32514],"to":[3.90893,1.48,11.28514],"rotation":{"angle":22.5,"axis":"y","origin":[10,1,4.64829]},"faces":{"north":{"uv":[8,8,9,8.5],"texture":"#4"},"east":{"uv":[9,1.5,10,2],"texture":"#4"},"south":{"uv":[2,9,3,9.5],"texture":"#4"},"west":{"uv":[8,8.5,9,9],"texture":"#4"},"up":{"uv":[3,9,2,8],"texture":"#4"},"down":{"uv":[3,8,2,9],"texture":"#4"}}},{"from":[3.90474,0.52,7.36933],"to":[5.86474,1.48,9.32933],"rotation":{"angle":22.5,"axis":"y","origin":[10,1,4.64829]},"faces":{"north":{"uv":[8,8,9,8.5],"texture":"#4"},"east":{"uv":[9,0,10,0.5],"texture":"#4"},"south":{"uv":[9,0.5,10,1],"texture":"#4"},"west":{"uv":[8,8.5,9,9],"texture":"#4"},"up":{"uv":[3,9,2,8],"texture":"#4"},"down":{"uv":[3,8,2,9],"texture":"#4"}}},{"from":[5.86054,0.52,5.41353],"to":[7.82054,1.48,7.37353],"rotation":{"angle":22.5,"axis":"y","origin":[10,1,4.64829]},"faces":{"north":{"uv":[8,8,9,8.5],"texture":"#4"},"east":{"uv":[0,8.5,1,9],"texture":"#4"},"south":{"uv":[1,8.5,2,9],"texture":"#4"},"west":{"uv":[8,8.5,9,9],"texture":"#4"},"up":{"uv":[3,9,2,8],"texture":"#4"},"down":{"uv":[3,8,2,9],"texture":"#4"}}},{"from":[9.01,0.51,6.0725],"to":[10.99,1.49,15.0525],"rotation":{"angle":-22.5,"axis":"y","origin":[10,1,4.64829]},"faces":{"north":{"uv":[8,7,9,7.5],"texture":"#4"},"east":{"uv":[2,4,6.5,4.5],"texture":"#4"},"south":{"uv":[8,7.5,9,8],"texture":"#4"},"west":{"uv":[2,4.5,6.5,5],"texture":"#4"},"up":{"uv":[1,8.5,0,4],"texture":"#4"},"down":{"uv":[1,4,0,8.5],"texture":"#4"}}},{"from":[9,0,2.75],"to":[11,2,6.75],"rotation":{"angle":-22.5,"axis":"y","origin":[10,1,4.64829]},"faces":{"north":{"uv":[7,0,8,1],"texture":"#4"},"east":{"uv":[5,5,7,6],"texture":"#4"},"south":{"uv":[7,1,8,2],"texture":"#4"},"west":{"uv":[5,1,7,2],"texture":"#4"},"up":{"uv":[6,2,7,4],"texture":"#4"},"down":{"uv":[6,2,5,4],"texture":"#4"}}},{"from":[9.66032,0.01,1.28718],"to":[11.64032,1.99,3.26718],"rotation":{"angle":0,"axis":"y","origin":[10,1,4.64829]},"faces":{"north":{"uv":[2,7,3,8],"texture":"#4"},"east":{"uv":[7,2,8,3],"texture":"#4"},"south":{"uv":[7,3,8,4],"texture":"#4"},"west":{"uv":[8,3,9,4],"texture":"#4"},"up":{"uv":[8,5,9,6],"texture":"#4"},"down":{"uv":[8,5,7,6],"texture":"#4"}}}],"gui_light":"front","display":{"thirdperson_righthand":{"rotation":[75,45,0],"translation":[0,2.5,3],"scale":[0.375,0.375,0.375]},"thirdperson_lefthand":{"rotation":[75,45,0],"translation":[0,2.5,3],"scale":[0.375,0.375,0.375]},"firstperson_righthand":{"rotation":[65,45,0],"translation":[3.75,5.75,0],"scale":[0.7,0.7,0.7]},"firstperson_lefthand":{"rotation":[65,-50,0],"translation":[3.75,5.75,0],"scale":[0.7,0.7,0.7]},"ground":{"translation":[0,5.25,0]},"gui":{"rotation":[90,158,0],"translation":[0,-0.25,0],"scale":[1.2,1.2,1.2]},"fixed":{"rotation":[-90,0,0],"translation":[0,0,-15],"scale":[2,2,2]}}}