{"display":{"thirdperson_righthand":{"rotation":[75,45,0],"translation":[0,2.5,0],"scale":[0.375,0.375,0.375]},"thirdperson_lefthand":{"rotation":[75,45,0],"translation":[0,2.5,0],"scale":[0.375,0.375,0.375]},"firstperson_righthand":{"rotation":[0,45,0],"translation":[0,3,0],"scale":[0.4,0.4,0.4]},"firstperson_lefthand":{"rotation":[0,225,0],"translation":[0,3,0],"scale":[0.4,0.4,0.4]},"ground":{"translation":[0,0.75,0],"scale":[0.5,0.5,0.5]},"gui":{"rotation":[30,225,0],"scale":[0.625,0.625,0.625]},"fixed":{"translation":[0,0,16],"scale":[2,2,2]}},"texture_size":[64,64],"textures":{"1":"custom/blocks/rizaan/village/furniture_table_1"},"elements":[{"from":[0,11,0],"to":[16,16,16],"faces":{"north":{"uv":[0,8,8,10.5],"texture":"#1"},"east":{"uv":[0,11,8,13.5],"texture":"#1"},"south":{"uv":[8,8,0,10.5],"texture":"#1"},"west":{"uv":[8,11,0,13.5],"texture":"#1"},"up":{"uv":[8,0,0,8],"texture":"#1"},"down":{"uv":[8,0,0,8],"texture":"#1"}}},{"from":[12,0,1],"to":[15,15,4],"faces":{"north":{"uv":[14.5,8.5,16,16],"texture":"#1"},"east":{"uv":[16,8.5,14.5,16],"texture":"#1"},"south":{"uv":[14.5,8.5,16,16],"texture":"#1"},"west":{"uv":[16,8.5,14.5,16],"texture":"#1"},"up":{"uv":[14.75,0,15.75,7.5],"texture":"#1"},"down":{"uv":[13,14.5,14.5,16],"texture":"#1"}}},{"from":[12,0,12],"to":[15,15,15],"faces":{"north":{"uv":[16,8.5,14.5,16],"texture":"#1"},"east":{"uv":[14.5,8.5,16,16],"texture":"#1"},"south":{"uv":[16,8.5,14.5,16],"texture":"#1"},"west":{"uv":[14.5,8.5,16,16],"texture":"#1"},"up":{"uv":[14.75,0,15.75,7.5],"texture":"#1"},"down":{"uv":[13,14.5,14.5,16],"texture":"#1"}}},{"from":[12.5,5.5,4],"to":[14.5,8.5,12],"faces":{"north":{"uv":[14.25,0,15.75,7.5],"texture":"#1"},"east":{"uv":[8.75,13.25,12.75,14.75],"texture":"#1"},"south":{"uv":[14.25,0,15.75,7.5],"texture":"#1"},"west":{"uv":[8.75,13.25,12.75,14.75],"texture":"#1"},"up":{"uv":[8.75,12,12.75,13],"rotation":90,"texture":"#1"},"down":{"uv":[12.75,13,8.75,12],"rotation":90,"texture":"#1"}}},{"from":[-0.67121,8.21875,12.49131],"to":[12.32874,10.21875,14.49131],"rotation":{"angle":-22.5,"axis":"z","origin":[6.92879,7,-3.40869]},"faces":{"north":{"uv":[0,13.75,6.5,14.75],"texture":"#1"},"east":{"uv":[9,9.5,13,11],"texture":"#1"},"south":{"uv":[6.5,13.75,0,14.75],"texture":"#1"},"west":{"uv":[6.5,13.75,7.5,14.75],"texture":"#1"},"up":{"uv":[6.5,15,13,16],"texture":"#1"},"down":{"uv":[0,15,6.5,16],"texture":"#1"}}},{"from":[-0.67121,8.21875,1.49131],"to":[12.32874,10.21875,3.49131],"rotation":{"angle":-22.5,"axis":"z","origin":[6.92879,7,-3.40869]},"faces":{"north":{"uv":[0,13.75,6.5,14.75],"texture":"#1"},"east":{"uv":[9,9.5,13,11],"texture":"#1"},"south":{"uv":[6.5,13.75,0,14.75],"texture":"#1"},"west":{"uv":[6.5,13.75,7.5,14.75],"texture":"#1"},"up":{"uv":[6.5,15,13,16],"texture":"#1"},"down":{"uv":[0,15,6.5,16],"texture":"#1"}}}]}