{
	"credit": "Made with Blockbench",
	"textures": {
		"2": "block/stripped_oak_log",
		"4": "block/oak_log",
		"particle": "block/oak_log_top"
	},
	"elements": [
		{
			"from": [10, 0, 4],
			"to": [12, 7, 6],
			"rotation": {"angle": 0, "axis": "y", "origin": [11, 0, 5]},
			"faces": {
				"north": {"uv": [2, 0, 4, 7], "texture": "#4"},
				"east": {"uv": [2, 0, 4, 7], "texture": "#4"},
				"south": {"uv": [2, 0, 4, 7], "texture": "#4"},
				"west": {"uv": [2, 0, 4, 7], "texture": "#4"},
				"up": {"uv": [2, 0, 4, 2], "rotation": 90, "texture": "#4"},
				"down": {"uv": [2, 0, 4, 2], "rotation": 90, "texture": "#4"}
			}
		},
		{
			"from": [10, 0, 10],
			"to": [12, 7, 12],
			"rotation": {"angle": 0, "axis": "y", "origin": [11, 0, 5]},
			"faces": {
				"north": {"uv": [7, 0, 9, 7], "texture": "#4"},
				"east": {"uv": [7, 0, 9, 7], "texture": "#4"},
				"south": {"uv": [7, 0, 9, 7], "texture": "#4"},
				"west": {"uv": [7, 0, 9, 7], "texture": "#4"},
				"up": {"uv": [7, 0, 9, 2], "rotation": 90, "texture": "#4"},
				"down": {"uv": [7, 0, 9, 2], "rotation": 90, "texture": "#4"}
			}
		},
		{
			"from": [4, 0, 10],
			"to": [6, 7, 12],
			"rotation": {"angle": 0, "axis": "y", "origin": [11, 0, 5]},
			"faces": {
				"north": {"uv": [3, 0, 5, 7], "texture": "#4"},
				"east": {"uv": [3, 0, 5, 7], "texture": "#4"},
				"south": {"uv": [3, 0, 5, 7], "texture": "#4"},
				"west": {"uv": [3, 0, 5, 7], "texture": "#4"},
				"up": {"uv": [3, 0, 5, 2], "rotation": 90, "texture": "#4"},
				"down": {"uv": [3, 0, 5, 2], "rotation": 90, "texture": "#4"}
			}
		},
		{
			"from": [4, 0, 4],
			"to": [6, 7, 6],
			"rotation": {"angle": 0, "axis": "y", "origin": [11, 0, 5]},
			"faces": {
				"north": {"uv": [4, 0, 6, 7], "texture": "#4"},
				"east": {"uv": [4, 0, 6, 7], "texture": "#4"},
				"south": {"uv": [4, 0, 6, 7], "texture": "#4"},
				"west": {"uv": [4, 0, 6, 7], "texture": "#4"},
				"up": {"uv": [4, 0, 6, 2], "rotation": 90, "texture": "#4"},
				"down": {"uv": [4, 0, 6, 2], "rotation": 90, "texture": "#4"}
			}
		},
		{
			"from": [6, 4, 4],
			"to": [10, 6, 6],
			"rotation": {"angle": 0, "axis": "y", "origin": [11, 0, 5]},
			"faces": {
				"north": {"uv": [4, 0, 6, 4], "rotation": 90, "texture": "#4"},
				"east": {"uv": [4, 0, 6, 2], "rotation": 90, "texture": "#4"},
				"south": {"uv": [4, 0, 6, 4], "rotation": 90, "texture": "#4"},
				"west": {"uv": [4, 0, 6, 2], "rotation": 90, "texture": "#4"},
				"up": {"uv": [4, 0, 6, 4], "rotation": 90, "texture": "#4"},
				"down": {"uv": [4, 0, 6, 4], "rotation": 90, "texture": "#4"}
			}
		},
		{
			"from": [6, 4, 10],
			"to": [10, 6, 12],
			"rotation": {"angle": 0, "axis": "y", "origin": [11, 0, 5]},
			"faces": {
				"north": {"uv": [1, 0, 3, 4], "rotation": 90, "texture": "#4"},
				"east": {"uv": [1, 0, 3, 2], "rotation": 90, "texture": "#4"},
				"south": {"uv": [1, 0, 3, 4], "rotation": 90, "texture": "#4"},
				"west": {"uv": [1, 0, 3, 2], "rotation": 90, "texture": "#4"},
				"up": {"uv": [1, 0, 3, 4], "rotation": 90, "texture": "#4"},
				"down": {"uv": [1, 0, 3, 4], "rotation": 90, "texture": "#4"}
			}
		},
		{
			"from": [4, 4, 6],
			"to": [6, 6, 10],
			"rotation": {"angle": 0, "axis": "y", "origin": [11, 0, 5]},
			"faces": {
				"north": {"uv": [3, 0, 5, 2], "rotation": 90, "texture": "#4"},
				"east": {"uv": [3, 0, 5, 4], "rotation": 90, "texture": "#4"},
				"south": {"uv": [3, 0, 5, 2], "rotation": 90, "texture": "#4"},
				"west": {"uv": [3, 0, 5, 4], "rotation": 90, "texture": "#4"},
				"up": {"uv": [3, 0, 5, 4], "rotation": 180, "texture": "#4"},
				"down": {"uv": [3, 0, 5, 4], "rotation": 180, "texture": "#4"}
			}
		},
		{
			"from": [10, 4, 6],
			"to": [12, 6, 10],
			"rotation": {"angle": 0, "axis": "y", "origin": [11, 0, 5]},
			"faces": {
				"north": {"uv": [6, 0, 8, 2], "rotation": 90, "texture": "#4"},
				"east": {"uv": [6, 0, 8, 4], "rotation": 90, "texture": "#4"},
				"south": {"uv": [6, 0, 8, 2], "rotation": 90, "texture": "#4"},
				"west": {"uv": [6, 0, 8, 4], "rotation": 90, "texture": "#4"},
				"up": {"uv": [6, 0, 8, 4], "rotation": 180, "texture": "#4"},
				"down": {"uv": [6, 0, 8, 4], "texture": "#4"}
			}
		},
		{
			"from": [3, 7, 3],
			"to": [13, 9, 13],
			"rotation": {"angle": 0, "axis": "y", "origin": [2, 9, 14]},
			"faces": {
				"north": {"uv": [2, 5, 4, 15], "rotation": 90, "texture": "#2"},
				"east": {"uv": [2, 5, 12, 7], "texture": "#2"},
				"south": {"uv": [2, 5, 12, 7], "texture": "#2"},
				"west": {"uv": [2, 5, 12, 7], "texture": "#2"},
				"up": {"uv": [2, 5, 12, 15], "rotation": 270, "texture": "#2"},
				"down": {"uv": [6, 5, 16, 15], "rotation": 270, "texture": "#2"}
			}
		}
	],
	"display": {
		"thirdperson_righthand": {
			"scale": [0.5, 0.5, 0.5]
		},
		"thirdperson_lefthand": {
			"scale": [0.5, 0.5, 0.5]
		},
		"firstperson_righthand": {
			"rotation": [0, 16, 0],
			"scale": [0.5, 0.5, 0.5]
		},
		"firstperson_lefthand": {
			"rotation": [0, 16, 0],
			"scale": [0.5, 0.5, 0.5]
		},
		"ground": {
			"translation": [0, 2.25, 0],
			"scale": [0.5, 0.5, 0.5]
		},
		"gui": {
			"rotation": [15, 145, 0],
			"translation": [0, -2.25, 0],
			"scale": [0.5, 0.5, 0.5]
		},
		"head": {
			"translation": [0, 10.5, 0],
			"scale": [0.5, 0.5, 0.5]
		},
		"fixed": {
			"rotation": [-90, 0, 0],
			"translation": [0, 0, -16],
			"scale": [2, 2, 2]
		}
	}
}