{"textures":{"particle":"glorious:item/mc/gfx_flat_screen_tv"},"elements":[{"from":[-4,0,14],"to":[20,16,16],"rotation":{"angle":0,"axis":"y","origin":[8,9,22]},"faces":{"north":{"uv":[0.75,0.75,6.75,4.75],"texture":"#particle"},"east":{"uv":[0.25,0.75,0.75,4.75],"texture":"#particle"},"south":{"uv":[7.25,0.75,13.25,4.75],"texture":"#particle"},"west":{"uv":[6.75,0.75,7.25,4.75],"texture":"#particle"},"up":{"uv":[6.75,0.75,0.75,0.25],"texture":"#particle"},"down":{"uv":[6.75,5.25,0.75,4.75],"texture":"#particle"}}}],"display":{"thirdperson_righthand":{"rotation":[75,45,0],"translation":[-2,3,0],"scale":[0.375,0.375,0.375]},"thirdperson_lefthand":{"rotation":[75,45,0],"translation":[-2,3,0],"scale":[0.375,0.375,0.375]},"firstperson_righthand":{"rotation":[0,135,0],"scale":[0.4,0.4,0.4]},"firstperson_lefthand":{"rotation":[0,135,0],"scale":[0.4,0.4,0.4]},"ground":{"translation":[0,1,-3],"scale":[0.5,0.5,0.5]},"gui":{"rotation":[30,225,0],"translation":[3,-1.5,0],"scale":[0.625,0.625,0.625]},"head":{"translation":[0,-32.4,0],"scale":[1.6,1.6,1.6]},"fixed":{"translation":[0,0,-16],"scale":[2,2,2]}}}