{
	"credit": "Made with Blockbench",
	"texture_size": [64, 64],
	"textures": {
		"1": "glorious:item/messy_room/messy_chair_1"
	},
	"elements": [
		{
			"from": [3, 0, 3],
			"to": [5, 6, 5],
			"faces": {
				"north": {"uv": [5.5, 1.5, 6, 3], "texture": "#1"},
				"east": {"uv": [5.5, 4.75, 6, 6.25], "texture": "#1"},
				"south": {"uv": [2.75, 5.75, 3.25, 7.25], "texture": "#1"},
				"west": {"uv": [3.25, 5.75, 3.75, 7.25], "texture": "#1"},
				"up": {"uv": [7.75, 3.75, 7.25, 3.25], "texture": "#1"},
				"down": {"uv": [7.75, 3.75, 7.25, 4.25], "texture": "#1"}
			}
		},
		{
			"from": [11, 0, 3],
			"to": [13, 6, 5],
			"rotation": {"angle": 0, "axis": "y", "origin": [16, 0, 0]},
			"faces": {
				"north": {"uv": [4.75, 5.75, 5.25, 7.25], "texture": "#1"},
				"east": {"uv": [0, 6, 0.5, 7.5], "texture": "#1"},
				"south": {"uv": [0.5, 6, 1, 7.5], "texture": "#1"},
				"west": {"uv": [1, 6, 1.5, 7.5], "texture": "#1"},
				"up": {"uv": [4.75, 7.75, 4.25, 7.25], "texture": "#1"},
				"down": {"uv": [5.25, 7.25, 4.75, 7.75], "texture": "#1"}
			}
		},
		{
			"from": [11, 0, 11],
			"to": [13, 6, 13],
			"rotation": {"angle": 0, "axis": "y", "origin": [16, 0, 16]},
			"faces": {
				"north": {"uv": [6.25, 3, 6.75, 4.5], "texture": "#1"},
				"east": {"uv": [5.25, 6.25, 5.75, 7.75], "texture": "#1"},
				"south": {"uv": [5.75, 6.25, 6.25, 7.75], "texture": "#1"},
				"west": {"uv": [6.25, 6.25, 6.75, 7.75], "texture": "#1"},
				"up": {"uv": [7.75, 7, 7.25, 6.5], "texture": "#1"},
				"down": {"uv": [7.75, 7, 7.25, 7.5], "texture": "#1"}
			}
		},
		{
			"from": [3, 0, 11],
			"to": [5, 6, 13],
			"rotation": {"angle": 0, "axis": "y", "origin": [0, 0, 16]},
			"faces": {
				"north": {"uv": [1.5, 6, 2, 7.5], "texture": "#1"},
				"east": {"uv": [6, 1.5, 6.5, 3], "texture": "#1"},
				"south": {"uv": [2, 6, 2.5, 7.5], "texture": "#1"},
				"west": {"uv": [6, 4.75, 6.5, 6.25], "texture": "#1"},
				"up": {"uv": [7.75, 6, 7.25, 5.5], "texture": "#1"},
				"down": {"uv": [7.75, 6, 7.25, 6.5], "texture": "#1"}
			}
		},
		{
			"from": [11, 8, 11],
			"to": [13, 12, 13],
			"rotation": {"angle": 0, "axis": "y", "origin": [16, 0, 16]},
			"faces": {
				"north": {"uv": [6.75, 5.5, 7.25, 6.5], "texture": "#1"},
				"east": {"uv": [6.75, 6.5, 7.25, 7.5], "texture": "#1"},
				"south": {"uv": [7, 1.5, 7.5, 2.5], "texture": "#1"},
				"west": {"uv": [7, 4.5, 7.5, 5.5], "texture": "#1"},
				"up": {"uv": [1.5, 8, 1, 7.5], "texture": "#1"},
				"down": {"uv": [2, 7.5, 1.5, 8], "texture": "#1"}
			}
		},
		{
			"from": [3, 8, 11],
			"to": [5, 12, 13],
			"rotation": {"angle": 0, "axis": "y", "origin": [0, 0, 16]},
			"faces": {
				"north": {"uv": [6.5, 1.5, 7, 2.5], "texture": "#1"},
				"east": {"uv": [6.5, 4.5, 7, 5.5], "texture": "#1"},
				"south": {"uv": [6.75, 2.5, 7.25, 3.5], "texture": "#1"},
				"west": {"uv": [6.75, 3.5, 7.25, 4.5], "texture": "#1"},
				"up": {"uv": [0.5, 8, 0, 7.5], "texture": "#1"},
				"down": {"uv": [1, 7.5, 0.5, 8], "texture": "#1"}
			}
		},
		{
			"from": [2.5, 12, 11],
			"to": [13.5, 18, 13],
			"faces": {
				"north": {"uv": [2.75, 0, 5.5, 1.5], "texture": "#1"},
				"east": {"uv": [3.75, 5.75, 4.25, 7.25], "texture": "#1"},
				"south": {"uv": [2.75, 1.5, 5.5, 3], "texture": "#1"},
				"west": {"uv": [4.25, 5.75, 4.75, 7.25], "texture": "#1"},
				"up": {"uv": [8.25, 1, 5.5, 0.5], "texture": "#1"},
				"down": {"uv": [8.25, 1, 5.5, 1.5], "texture": "#1"}
			}
		},
		{
			"from": [2.5, 6, 2.5],
			"to": [13.5, 8, 13.5],
			"faces": {
				"north": {"uv": [2.75, 4.75, 5.5, 5.25], "texture": "#1"},
				"east": {"uv": [2.75, 5.25, 5.5, 5.75], "texture": "#1"},
				"south": {"uv": [0, 5.5, 2.75, 6], "texture": "#1"},
				"west": {"uv": [5.5, 0, 8.25, 0.5], "texture": "#1"},
				"up": {"uv": [2.75, 2.75, 0, 0], "texture": "#1"},
				"down": {"uv": [2.75, 2.75, 0, 5.5], "texture": "#1"}
			}
		},
		{
			"from": [4.5, 5, 4.5],
			"to": [11.5, 6, 11.5],
			"faces": {
				"north": {"uv": [2.5, 7.25, 4.25, 7.5], "texture": "#1"},
				"east": {"uv": [7.25, 2.5, 9, 2.75], "texture": "#1"},
				"south": {"uv": [7.25, 2.75, 9, 3], "texture": "#1"},
				"west": {"uv": [7.25, 3, 9, 3.25], "texture": "#1"},
				"up": {"uv": [4.5, 4.75, 2.75, 3], "texture": "#1"},
				"down": {"uv": [6.25, 3, 4.5, 4.75], "texture": "#1"}
			}
		}
	],
	"display": {
		"thirdperson_righthand": {
			"rotation": [75, 45, 0],
			"translation": [0, 2.5, 0],
			"scale": [0.375, 0.375, 0.375]
		},
		"thirdperson_lefthand": {
			"rotation": [75, 45, 0],
			"translation": [0, 2.5, 0],
			"scale": [0.375, 0.375, 0.375]
		},
		"firstperson_righthand": {
			"rotation": [0, 45, 0],
			"scale": [0.4, 0.4, 0.4]
		},
		"firstperson_lefthand": {
			"rotation": [0, 225, 0],
			"scale": [0.4, 0.4, 0.4]
		},
		"ground": {
			"translation": [0, 3, 0],
			"scale": [0.25, 0.25, 0.25]
		},
		"gui": {
			"rotation": [30, 225, 0],
			"scale": [0.625, 0.625, 0.625]
		},
		"fixed": {
			"rotation": [-90, 0, 0],
			"translation": [0, 0, -16],
			"scale": [2, 2, 2]
		}
	}
}