{
	"credit": "Made with Blockbench",
	"texture_size": [32, 32],
	"textures": {
		"2": "glorious:item/messy_room/trash_bag_pile",
		"particle": "glorious:item/messy_room/trash_bag_pile"
	},
	"elements": [
		{
			"from": [1, 6, 0],
			"to": [9, 9, 8],
			"rotation": {"angle": -22.5, "axis": "x", "origin": [5, 6, 5]},
			"faces": {
				"north": {"uv": [10, 8, 14, 9.5], "texture": "#2"},
				"east": {"uv": [10, 9.5, 14, 11], "texture": "#2"},
				"south": {"uv": [5, 10.5, 9, 12], "texture": "#2"},
				"west": {"uv": [9, 11, 13, 12.5], "texture": "#2"},
				"up": {"uv": [14, 4, 10, 0], "texture": "#2"},
				"down": {"uv": [14, 4, 10, 8], "texture": "#2"}
			}
		},
		{
			"from": [0, -1, -1],
			"to": [10, 6, 9],
			"rotation": {"angle": -22.5, "axis": "x", "origin": [5, 6, 5]},
			"faces": {
				"north": {"uv": [5, 0, 10, 3.5], "texture": "#2"},
				"east": {"uv": [5, 3.5, 10, 7], "texture": "#2"},
				"south": {"uv": [5, 7, 10, 10.5], "texture": "#2"},
				"west": {"uv": [0, 10, 5, 13.5], "texture": "#2"},
				"up": {"uv": [5, 5, 0, 0], "texture": "#2"},
				"down": {"uv": [5, 5, 0, 10], "texture": "#2"}
			}
		},
		{
			"from": [3, 14, 1],
			"to": [11, 17, 9],
			"rotation": {"angle": -22.5, "axis": "x", "origin": [7, 13.8647, 5]},
			"faces": {
				"north": {"uv": [9, 11, 13, 12.5], "texture": "#2"},
				"east": {"uv": [10, 8, 14, 9.5], "texture": "#2"},
				"south": {"uv": [10, 9.5, 14, 11], "texture": "#2"},
				"west": {"uv": [5, 10.5, 9, 12], "texture": "#2"},
				"up": {"uv": [14, 4, 10, 0], "rotation": 90, "texture": "#2"},
				"down": {"uv": [14, 4, 10, 8], "rotation": 270, "texture": "#2"}
			}
		},
		{
			"from": [2, 7, 0],
			"to": [12, 14, 10],
			"rotation": {"angle": -22.5, "axis": "x", "origin": [7, 13.8647, 5]},
			"faces": {
				"north": {"uv": [0, 10, 5, 13.5], "texture": "#2"},
				"east": {"uv": [5, 0, 10, 3.5], "texture": "#2"},
				"south": {"uv": [5, 3.5, 10, 7], "texture": "#2"},
				"west": {"uv": [5, 7, 10, 10.5], "texture": "#2"},
				"up": {"uv": [5, 5, 0, 0], "rotation": 90, "texture": "#2"},
				"down": {"uv": [5, 5, 0, 10], "rotation": 270, "texture": "#2"}
			}
		},
		{
			"from": [6, 15.08169, 1.78301],
			"to": [8, 17.08169, 3.78301],
			"rotation": {"angle": 22.5, "axis": "x", "origin": [7, 13.8647, 5]},
			"faces": {
				"north": {"uv": [8, 14, 7, 13], "rotation": 270, "texture": "#2"},
				"east": {"uv": [11, 12.5, 12, 13.5], "rotation": 90, "texture": "#2"},
				"south": {"uv": [14, 11, 13, 12], "rotation": 270, "texture": "#2"},
				"west": {"uv": [5, 13, 6, 14], "rotation": 270, "texture": "#2"},
				"up": {"uv": [12, 12.5, 13, 13.5], "texture": "#2"},
				"down": {"uv": [6, 13, 7, 14], "rotation": 180, "texture": "#2"}
			}
		},
		{
			"from": [6.5, 15.3406, 0.68495],
			"to": [7.5, 17.3406, 3.68495],
			"rotation": {"angle": 0, "axis": "y", "origin": [7, 13.8647, 5]},
			"faces": {
				"north": {"uv": [2, 13.5, 2.5, 14.5], "texture": "#2"},
				"east": {"uv": [5, 12, 6.5, 13], "texture": "#2"},
				"south": {"uv": [1.5, 13.5, 2, 14.5], "texture": "#2"},
				"west": {"uv": [6.5, 12, 8, 13], "texture": "#2"},
				"up": {"uv": [14.5, 12.5, 13, 12], "rotation": 90, "texture": "#2"},
				"down": {"uv": [14.5, 12.5, 13, 13], "rotation": 270, "texture": "#2"}
			}
		},
		{
			"from": [6.5, 15.3406, 6.31505],
			"to": [7.5, 17.3406, 9.31505],
			"rotation": {"angle": -45, "axis": "x", "origin": [7, 13.8647, 5]},
			"faces": {
				"north": {"uv": [3, 13.5, 3.5, 14.5], "texture": "#2"},
				"east": {"uv": [8, 12.5, 9.5, 13.5], "texture": "#2"},
				"south": {"uv": [2.5, 13.5, 3, 14.5], "texture": "#2"},
				"west": {"uv": [9.5, 12.5, 11, 13.5], "texture": "#2"},
				"up": {"uv": [14.5, 13.5, 13, 13], "rotation": 90, "texture": "#2"},
				"down": {"uv": [1.5, 13.5, 0, 14], "rotation": 270, "texture": "#2"}
			}
		},
		{
			"from": [-0.47589, 7.17975, 11.5],
			"to": [1.52411, 10.17975, 12.5],
			"rotation": {"angle": -45, "axis": "z", "origin": [3, 5.8647, 12]},
			"faces": {
				"north": {"uv": [8, 12.5, 9.5, 13.5], "rotation": 90, "texture": "#2"},
				"east": {"uv": [1.5, 13.5, 0, 14], "rotation": 270, "texture": "#2"},
				"south": {"uv": [9.5, 12.5, 11, 13.5], "rotation": 270, "texture": "#2"},
				"west": {"uv": [14.5, 13.5, 13, 13], "rotation": 270, "texture": "#2"},
				"up": {"uv": [2.5, 13.5, 3, 14.5], "rotation": 270, "texture": "#2"},
				"down": {"uv": [3, 13.5, 3.5, 14.5], "rotation": 270, "texture": "#2"}
			}
		},
		{
			"from": [-1.31505, 7.3406, 11.5],
			"to": [1.68495, 9.3406, 12.5],
			"rotation": {"angle": 0, "axis": "y", "origin": [3, 5.8647, 12]},
			"faces": {
				"north": {"uv": [5, 12, 6.5, 13], "texture": "#2"},
				"east": {"uv": [1.5, 13.5, 2, 14.5], "texture": "#2"},
				"south": {"uv": [6.5, 12, 8, 13], "texture": "#2"},
				"west": {"uv": [2, 13.5, 2.5, 14.5], "texture": "#2"},
				"up": {"uv": [14.5, 12.5, 13, 12], "texture": "#2"},
				"down": {"uv": [14.5, 12.5, 13, 13], "texture": "#2"}
			}
		},
		{
			"from": [-0.21699, 7.08169, 11],
			"to": [1.78301, 9.08169, 13],
			"rotation": {"angle": -22.5, "axis": "z", "origin": [3, 5.8647, 12]},
			"faces": {
				"north": {"uv": [11, 12.5, 12, 13.5], "rotation": 90, "texture": "#2"},
				"east": {"uv": [14, 11, 13, 12], "rotation": 270, "texture": "#2"},
				"south": {"uv": [5, 13, 6, 14], "rotation": 270, "texture": "#2"},
				"west": {"uv": [8, 14, 7, 13], "rotation": 270, "texture": "#2"},
				"up": {"uv": [12, 12.5, 13, 13.5], "rotation": 270, "texture": "#2"},
				"down": {"uv": [6, 13, 7, 14], "rotation": 270, "texture": "#2"}
			}
		},
		{
			"from": [-2, -1, 7],
			"to": [8, 6, 17],
			"rotation": {"angle": 22.5, "axis": "z", "origin": [3, 5.8647, 12]},
			"faces": {
				"north": {"uv": [5, 0, 10, 3.5], "texture": "#2"},
				"east": {"uv": [5, 3.5, 10, 7], "texture": "#2"},
				"south": {"uv": [5, 7, 10, 10.5], "texture": "#2"},
				"west": {"uv": [0, 10, 5, 13.5], "texture": "#2"},
				"up": {"uv": [5, 5, 0, 0], "texture": "#2"},
				"down": {"uv": [5, 5, 0, 10], "texture": "#2"}
			}
		},
		{
			"from": [-1, 6, 8],
			"to": [7, 9, 16],
			"rotation": {"angle": 22.5, "axis": "z", "origin": [3, 5.8647, 12]},
			"faces": {
				"north": {"uv": [10, 8, 14, 9.5], "texture": "#2"},
				"east": {"uv": [10, 9.5, 14, 11], "texture": "#2"},
				"south": {"uv": [5, 10.5, 9, 12], "texture": "#2"},
				"west": {"uv": [9, 11, 13, 12.5], "texture": "#2"},
				"up": {"uv": [14, 4, 10, 0], "texture": "#2"},
				"down": {"uv": [14, 4, 10, 8], "texture": "#2"}
			}
		},
		{
			"from": [13, 9, 10.5],
			"to": [16, 11, 11.5],
			"rotation": {"angle": 22.5, "axis": "z", "origin": [14, 10.5, 11]},
			"faces": {
				"north": {"uv": [8, 12.5, 9.5, 13.5], "texture": "#2"},
				"east": {"uv": [2.5, 13.5, 3, 14.5], "texture": "#2"},
				"south": {"uv": [9.5, 12.5, 11, 13.5], "texture": "#2"},
				"west": {"uv": [3, 13.5, 3.5, 14.5], "texture": "#2"},
				"up": {"uv": [14.5, 13.5, 13, 13], "texture": "#2"},
				"down": {"uv": [1.5, 13.5, 0, 14], "texture": "#2"}
			}
		},
		{
			"from": [10, 9, 10.5],
			"to": [13, 11, 11.5],
			"rotation": {"angle": -22.5, "axis": "z", "origin": [12, 10.5, 11]},
			"faces": {
				"north": {"uv": [5, 12, 6.5, 13], "texture": "#2"},
				"east": {"uv": [1.5, 13.5, 2, 14.5], "texture": "#2"},
				"south": {"uv": [6.5, 12, 8, 13], "texture": "#2"},
				"west": {"uv": [2, 13.5, 2.5, 14.5], "texture": "#2"},
				"up": {"uv": [14.5, 12.5, 13, 12], "texture": "#2"},
				"down": {"uv": [14.5, 12.5, 13, 13], "texture": "#2"}
			}
		},
		{
			"from": [12, 9, 10],
			"to": [14, 11, 12],
			"rotation": {"angle": 45, "axis": "z", "origin": [13, 10, 11]},
			"faces": {
				"north": {"uv": [11, 12.5, 12, 13.5], "texture": "#2"},
				"east": {"uv": [12, 12.5, 13, 13.5], "texture": "#2"},
				"south": {"uv": [5, 13, 6, 14], "texture": "#2"},
				"west": {"uv": [6, 13, 7, 14], "texture": "#2"},
				"up": {"uv": [8, 14, 7, 13], "texture": "#2"},
				"down": {"uv": [14, 11, 13, 12], "texture": "#2"}
			}
		},
		{
			"from": [8, 0, 6],
			"to": [18, 7, 16],
			"rotation": {"angle": 0, "axis": "y", "origin": [5, 0, 3]},
			"faces": {
				"north": {"uv": [5, 0, 10, 3.5], "texture": "#2"},
				"east": {"uv": [5, 3.5, 10, 7], "texture": "#2"},
				"south": {"uv": [5, 7, 10, 10.5], "texture": "#2"},
				"west": {"uv": [0, 10, 5, 13.5], "texture": "#2"},
				"up": {"uv": [5, 5, 0, 0], "texture": "#2"},
				"down": {"uv": [5, 5, 0, 10], "texture": "#2"}
			}
		},
		{
			"from": [9, 7, 7],
			"to": [17, 10, 15],
			"rotation": {"angle": 0, "axis": "y", "origin": [5, 0, 3]},
			"faces": {
				"north": {"uv": [10, 8, 14, 9.5], "texture": "#2"},
				"east": {"uv": [10, 9.5, 14, 11], "texture": "#2"},
				"south": {"uv": [5, 10.5, 9, 12], "texture": "#2"},
				"west": {"uv": [9, 11, 13, 12.5], "texture": "#2"},
				"up": {"uv": [14, 4, 10, 0], "texture": "#2"},
				"down": {"uv": [14, 4, 10, 8], "texture": "#2"}
			}
		}
	],
	"display": {
		"thirdperson_righthand": {
			"rotation": [75, 45, 0],
			"translation": [0, 2.5, 0],
			"scale": [0.375, 0.375, 0.375]
		},
		"thirdperson_lefthand": {
			"rotation": [75, 45, 0],
			"translation": [0, 2.5, 0],
			"scale": [0.375, 0.375, 0.375]
		},
		"firstperson_righthand": {
			"rotation": [0, 45, 0],
			"scale": [0.4, 0.4, 0.4]
		},
		"firstperson_lefthand": {
			"rotation": [0, 225, 0],
			"scale": [0.4, 0.4, 0.4]
		},
		"ground": {
			"translation": [0, 3, 0],
			"scale": [0.25, 0.25, 0.25]
		},
		"gui": {
			"rotation": [30, 225, 0],
			"scale": [0.625, 0.625, 0.625]
		},
		"fixed": {
			"rotation": [-90, 0, 0],
			"translation": [0, 0, -16],
			"scale": [2, 2, 2]
		}
	}
}