{
	"credit": "Made with Blockbench",
	"texture_size": [64, 64],
	"textures": {
		"1": "glorious:item/furniture/project_table",
		"particle": "glorious:item/furniture/project_table"
	},
	"elements": [
		{
			"from": [1, 0, 1],
			"to": [3, 11, 3],
			"faces": {
				"north": {"uv": [7, 12.5, 7.5, 15.25], "texture": "#1"},
				"east": {"uv": [7.5, 12.5, 8, 15.25], "texture": "#1"},
				"south": {"uv": [8, 12.5, 8.5, 15.25], "texture": "#1"},
				"west": {"uv": [8.5, 12.5, 9, 15.25], "texture": "#1"},
				"up": {"uv": [8, 8.5, 7.5, 8], "texture": "#1"},
				"down": {"uv": [8, 8.5, 7.5, 9], "texture": "#1"}
			}
		},
		{
			"from": [29, 0, 1],
			"to": [31, 11, 3],
			"faces": {
				"north": {"uv": [9, 12.5, 9.5, 15.25], "texture": "#1"},
				"east": {"uv": [9.5, 12.5, 10, 15.25], "texture": "#1"},
				"south": {"uv": [10, 12.5, 10.5, 15.25], "texture": "#1"},
				"west": {"uv": [10.5, 12.5, 11, 15.25], "texture": "#1"},
				"up": {"uv": [8, 9.5, 7.5, 9], "texture": "#1"},
				"down": {"uv": [5.5, 12.75, 5, 13.25], "texture": "#1"}
			}
		},
		{
			"from": [1, 0, 13],
			"to": [3, 11, 15],
			"faces": {
				"north": {"uv": [0, 12.75, 0.5, 15.5], "texture": "#1"},
				"east": {"uv": [0.5, 12.75, 1, 15.5], "texture": "#1"},
				"south": {"uv": [1, 12.75, 1.5, 15.5], "texture": "#1"},
				"west": {"uv": [1.5, 12.75, 2, 15.5], "texture": "#1"},
				"up": {"uv": [7, 13.25, 6.5, 12.75], "texture": "#1"},
				"down": {"uv": [13.5, 12.5, 13, 13], "texture": "#1"}
			}
		},
		{
			"from": [29, 0, 13],
			"to": [31, 11, 15],
			"faces": {
				"north": {"uv": [11, 12.5, 11.5, 15.25], "texture": "#1"},
				"east": {"uv": [11.5, 12.5, 12, 15.25], "texture": "#1"},
				"south": {"uv": [12, 12.5, 12.5, 15.25], "texture": "#1"},
				"west": {"uv": [12.5, 12.5, 13, 15.25], "texture": "#1"},
				"up": {"uv": [6, 13.25, 5.5, 12.75], "texture": "#1"},
				"down": {"uv": [6.5, 12.75, 6, 13.25], "texture": "#1"}
			}
		},
		{
			"from": [2, 3, 2],
			"to": [30, 4, 14],
			"faces": {
				"north": {"uv": [8, 12.25, 15, 12.5], "texture": "#1"},
				"east": {"uv": [2, 12.75, 5, 13], "texture": "#1"},
				"south": {"uv": [0, 12.5, 7, 12.75], "texture": "#1"},
				"west": {"uv": [2, 13, 5, 13.25], "texture": "#1"},
				"up": {"uv": [15, 6.5, 8, 3.5], "texture": "#1"},
				"down": {"uv": [15, 6.5, 8, 9.5], "texture": "#1"}
			}
		},
		{
			"from": [1, 11, 1],
			"to": [31, 14, 15],
			"faces": {
				"north": {"uv": [7.5, 9.5, 15, 10.25], "texture": "#1"},
				"east": {"uv": [8, 11.5, 11.5, 12.25], "texture": "#1"},
				"south": {"uv": [7.5, 10.25, 15, 11], "texture": "#1"},
				"west": {"uv": [11.5, 11.5, 15, 12.25], "texture": "#1"},
				"up": {"uv": [7.5, 11.5, 0, 8], "texture": "#1"},
				"down": {"uv": [15.5, 0, 8, 3.5], "texture": "#1"}
			}
		},
		{
			"from": [0, 14, 0],
			"to": [32, 16, 16],
			"faces": {
				"north": {"uv": [7.5, 11, 15.5, 11.5], "texture": "#1"},
				"east": {"uv": [0, 12, 4, 12.5], "texture": "#1"},
				"south": {"uv": [0, 11.5, 8, 12], "texture": "#1"},
				"west": {"uv": [4, 12, 8, 12.5], "texture": "#1"},
				"up": {"uv": [8, 4, 0, 0], "texture": "#1"},
				"down": {"uv": [8, 4, 0, 8], "texture": "#1"}
			}
		}
	],
	"display": {
		"thirdperson_righthand": {
			"rotation": [75, 45, 0],
			"translation": [0, 2.5, 0],
			"scale": [0.375, 0.375, 0.375]
		},
		"thirdperson_lefthand": {
			"rotation": [75, 45, 0],
			"translation": [0, 2.5, 0],
			"scale": [0.375, 0.375, 0.375]
		},
		"firstperson_righthand": {
			"rotation": [0, 45, 0],
			"scale": [0.4, 0.4, 0.4]
		},
		"firstperson_lefthand": {
			"rotation": [0, 225, 0],
			"scale": [0.4, 0.4, 0.4]
		},
		"ground": {
			"translation": [0, 3, 0],
			"scale": [0.25, 0.25, 0.25]
		},
		"gui": {
			"rotation": [30, 225, 0],
			"translation": [2, 0, 0],
			"scale": [0.3, 0.3, 0.3]
		},
		"fixed": {
			"rotation": [-91, 0, 0],
			"translation": [0, 0, -15.5],
			"scale": [2, 2, 2]
		}
	}
}