{"textures":{"particle":"glorious:item/mc/gfx_computer"},"elements":[{"name":"dyeable","from":[5.5,2,2],"to":[10.5,11,12],"faces":{"north":{"uv":[12.5,6,15,10.5],"texture":"#particle","tintindex":0},"east":{"uv":[7.5,6,12.5,10.5],"texture":"#particle","tintindex":0}}},{"from":[5.5,2,2],"to":[10.5,11,12],"faces":{"north":{"uv":[5.5,0.5,8,5],"texture":"#particle"},"east":{"uv":[0.5,0.5,5.5,5],"texture":"#particle"},"south":{"uv":[13,0.5,15.5,5],"texture":"#particle"},"west":{"uv":[8,0.5,13,5],"texture":"#particle"},"up":{"uv":[3,11,0.5,6],"texture":"#particle"},"down":{"uv":[6.5,11,4,6],"texture":"#particle"}}}],"display":{"thirdperson_righthand":{"rotation":[75,45,0],"translation":[-0.75,1.25,0.5],"scale":[0.375,0.375,0.375]},"firstperson_righthand":{"rotation":[0,45,0],"scale":[0.4,0.4,0.4]},"ground":{"translation":[-5.5,0,0],"scale":[0.5,0.5,0.5]},"gui":{"rotation":[30,225,0],"translation":[-0.5,1.25,0],"scale":[0.625,0.625,0.625]},"head":{"translation":[0,-32.4,0],"scale":[1.6,1.6,1.6]},"fixed":{"rotation":[-90,0,0],"translation":[0,5.75,-10.5],"scale":[2,2,2]}}}