{"textures":{"particle":"glorious:item/hats/astro"},"elements":[{"rotation":{"origin":[7,16,7],"angle":0,"axis":"y"},"from":[3,8,3],"to":[13,9.25,13],"faces":{"east":{"uv":[6,5.75,8.5,6],"texture":"#particle"},"south":{"uv":[7,7,9.5,7.25],"texture":"#particle"},"north":{"uv":[4.75,4.5,7.25,4.75],"texture":"#particle"},"west":{"uv":[7,3.5,9.5,3.75],"texture":"#particle"},"up":{"uv":[2.5,2.5,0,0],"texture":"#particle"},"down":{"uv":[2.5,2.5,0,5],"texture":"#particle"}}},{"rotation":{"origin":[9,17,8],"angle":0,"axis":"y"},"from":[5,9,4],"to":[7,10,14],"faces":{"east":{"uv":[7,4.25,9.5,4.5],"texture":"#particle"},"south":{"uv":[7.5,7.25,8,7.5],"texture":"#particle"},"north":{"uv":[4,5.5,4.5,5.75],"texture":"#particle"},"west":{"uv":[7,4.75,9.5,5],"texture":"#particle"},"up":{"uv":[1.5,7.5,1,5],"texture":"#particle"},"down":{"uv":[2,5,1.5,7.5],"texture":"#particle"}}},{"rotation":{"origin":[13,17,8],"angle":0,"axis":"y"},"from":[9,9,4],"to":[11,10,14],"faces":{"east":{"uv":[7,3.75,9.5,4],"texture":"#particle"},"south":{"uv":[2,5.25,2.5,5.5],"texture":"#particle"},"north":{"uv":[2,5,2.5,5.25],"texture":"#particle"},"west":{"uv":[7,4,9.5,4.25],"texture":"#particle"},"up":{"uv":[0.5,7.5,0,5],"texture":"#particle"},"down":{"uv":[1,5,0.5,7.5],"texture":"#particle"}}},{"rotation":{"origin":[9,12,17],"angle":0,"axis":"y"},"from":[5,4,13],"to":[7,9,14],"faces":{"east":{"uv":[4.5,8.25,4.75,9.5],"texture":"#particle"},"south":{"uv":[3.5,7,4,8.25],"texture":"#particle"},"north":{"uv":[3,7,3.5,8.25],"texture":"#particle"},"west":{"uv":[4.75,8.25,5,9.5],"texture":"#particle"},"up":{"uv":[8.5,6.25,8,6],"texture":"#particle"},"down":{"uv":[8.5,6.25,8,6.5],"texture":"#particle"}}},{"rotation":{"origin":[13,12,17],"angle":0,"axis":"y"},"from":[9,4,13],"to":[11,9,14],"faces":{"east":{"uv":[5,8.25,5.25,9.5],"texture":"#particle"},"south":{"uv":[0,7.5,0.5,8.75],"texture":"#particle"},"north":{"uv":[7,7.25,7.5,8.5],"texture":"#particle"},"west":{"uv":[5.25,8.25,5.5,9.5],"texture":"#particle"},"up":{"uv":[9,8.25,8.5,8],"texture":"#particle"},"down":{"uv":[9,8.25,8.5,8.5],"texture":"#particle"}}},{"rotation":{"origin":[8,4,13],"angle":0,"axis":"y"},"from":[6,2,13],"to":[10,6,15],"faces":{"east":{"uv":[7.5,0.5,8,1.5],"texture":"#particle"},"south":{"uv":[5,2.5,6,3.5],"texture":"#particle"},"north":{"uv":[5,1.5,6,2.5],"texture":"#particle"},"west":{"uv":[4,7.75,4.5,8.75],"texture":"#particle"},"up":{"uv":[5.5,8.25,4.5,7.75],"texture":"#particle"},"down":{"uv":[3,8,2,8.5],"texture":"#particle"}}},{"rotation":{"origin":[7,8,16],"angle":0,"axis":"y"},"from":[3,0,12],"to":[13,8,13],"faces":{"east":{"uv":[6.75,7.5,7,9.5],"texture":"#particle"},"south":{"uv":[2.5,0,5,2],"texture":"#particle"},"north":{"uv":[2.5,2.5,5,4.5],"texture":"#particle"},"west":{"uv":[5.5,7.75,5.75,9.75],"texture":"#particle"},"up":{"uv":[9.5,5.25,7,5],"texture":"#particle"},"down":{"uv":[9.5,5.25,7,5.5],"texture":"#particle"}}},{"rotation":{"origin":[7,8,8],"angle":0,"axis":"y"},"from":[3,0,4],"to":[4,2,12],"faces":{"east":{"uv":[5,3.5,7,4],"texture":"#particle"},"south":{"uv":[4,8.75,4.25,9.25],"texture":"#particle"},"north":{"uv":[0.25,8.75,0.5,9.25],"texture":"#particle"},"west":{"uv":[5,4,7,4.5],"texture":"#particle"},"up":{"uv":[6,9.75,5.75,7.75],"texture":"#particle"},"down":{"uv":[8.25,0.5,8,2.5],"texture":"#particle"}}},{"rotation":{"origin":[7,10,12],"angle":0,"axis":"y"},"from":[3,2,8],"to":[4,6,12],"faces":{"east":{"uv":[2,5.5,3,6.5],"texture":"#particle"},"south":{"uv":[6,8.25,6.25,9.25],"texture":"#particle"},"north":{"uv":[8,2.5,8.25,3.5],"texture":"#particle"},"west":{"uv":[3,5.5,4,6.5],"texture":"#particle"},"up":{"uv":[6.5,9.25,6.25,8.25],"texture":"#particle"},"down":{"uv":[6.75,8.25,6.5,9.25],"texture":"#particle"}}},{"rotation":{"origin":[16,10,12],"angle":0,"axis":"y"},"from":[12,2,8],"to":[13,6,12],"faces":{"east":{"uv":[4,5.75,5,6.75],"texture":"#particle"},"south":{"uv":[7.75,8.25,8,9.25],"texture":"#particle"},"north":{"uv":[7.5,8.25,7.75,9.25],"texture":"#particle"},"west":{"uv":[5,5.75,6,6.75],"texture":"#particle"},"up":{"uv":[8.25,9.25,8,8.25],"texture":"#particle"},"down":{"uv":[8.5,8.25,8.25,9.25],"texture":"#particle"}}},{"rotation":{"origin":[7,14,8],"angle":0,"axis":"y"},"from":[3,6,4],"to":[4,8,12],"faces":{"east":{"uv":[6,6,8,6.5],"texture":"#particle"},"south":{"uv":[8.75,8.75,9,9.25],"texture":"#particle"},"north":{"uv":[4.25,8.75,4.5,9.25],"texture":"#particle"},"west":{"uv":[6,1.5,8,2],"texture":"#particle"},"up":{"uv":[0.75,10.25,0.5,8.25],"texture":"#particle"},"down":{"uv":[1,8.25,0.75,10.25],"texture":"#particle"}}},{"rotation":{"origin":[16,8,8],"angle":0,"axis":"y"},"from":[12,0,4],"to":[13,2,12],"faces":{"east":{"uv":[6,2,8,2.5],"texture":"#particle"},"south":{"uv":[8.75,1,9,1.5],"texture":"#particle"},"north":{"uv":[8.75,0.5,9,1],"texture":"#particle"},"west":{"uv":[6,2.5,8,3],"texture":"#particle"},"up":{"uv":[1.25,10.25,1,8.25],"texture":"#particle"},"down":{"uv":[1.5,8.25,1.25,10.25],"texture":"#particle"}}},{"rotation":{"origin":[16,14,8],"angle":0,"axis":"y"},"from":[12,6,4],"to":[13,8,12],"faces":{"east":{"uv":[6,3,8,3.5],"texture":"#particle"},"south":{"uv":[8.75,2,9,2.5],"texture":"#particle"},"north":{"uv":[8.75,1.5,9,2],"texture":"#particle"},"west":{"uv":[2,6.5,4,7],"texture":"#particle"},"up":{"uv":[1.75,10.25,1.5,8.25],"texture":"#particle"},"down":{"uv":[2,8.25,1.75,10.25],"texture":"#particle"}}},{"rotation":{"origin":[7,8,7],"angle":0,"axis":"y"},"from":[3,0,3],"to":[13,2,4],"faces":{"east":{"uv":[8.75,2.5,9,3],"texture":"#particle"},"south":{"uv":[5,0,7.5,0.5],"texture":"#particle"},"north":{"uv":[2.5,2,5,2.5],"texture":"#particle"},"west":{"uv":[8.75,3,9,3.5],"texture":"#particle"},"up":{"uv":[9.5,5.75,7,5.5],"texture":"#particle"},"down":{"uv":[9.5,6.5,7,6.75],"texture":"#particle"}}},{"rotation":{"origin":[9,8.5,6.5],"angle":0,"axis":"y"},"from":[5,0.5,2.5],"to":[6,1.5,3],"faces":{"east":{"uv":[8,7.25,8.25,7.5],"texture":"#particle"},"south":{"uv":[8.75,6.25,9,6.5],"texture":"#particle"},"north":{"uv":[4.5,5.5,4.75,5.75],"texture":"#particle"},"west":{"uv":[8.75,7.75,9,8],"texture":"#particle"},"up":{"uv":[9,8.75,8.75,8.5],"texture":"#particle"},"down":{"uv":[9.25,9,9,9.25],"texture":"#particle"}}},{"rotation":{"origin":[14,8.5,6.5],"angle":0,"axis":"y"},"from":[10,0.5,2.5],"to":[11,1.5,3],"faces":{"east":{"uv":[9,0.75,9.25,1],"texture":"#particle"},"south":{"uv":[9,1,9.25,1.25],"texture":"#particle"},"north":{"uv":[9,0.5,9.25,0.75],"texture":"#particle"},"west":{"uv":[9,1.25,9.25,1.5],"texture":"#particle"},"up":{"uv":[9.25,1.75,9,1.5],"texture":"#particle"},"down":{"uv":[9.25,1.75,9,2],"texture":"#particle"}}},{"rotation":{"origin":[7,14,7],"angle":0,"axis":"y"},"from":[3,6,3],"to":[13,8,4],"faces":{"east":{"uv":[8.75,5.75,9,6.25],"texture":"#particle"},"south":{"uv":[5,1,7.5,1.5],"texture":"#particle"},"north":{"uv":[5,0.5,7.5,1],"texture":"#particle"},"west":{"uv":[8.75,7.25,9,7.75],"texture":"#particle"},"up":{"uv":[9.5,7,7,6.75],"texture":"#particle"},"down":{"uv":[9.75,4.5,7.25,4.75],"texture":"#particle"}}},{"rotation":{"origin":[3,4,8.5],"angle":22.5,"axis":"x"},"from":[2.5,2.5,7],"to":[3.5,5.5,10],"faces":{"east":{"uv":[0.5,7.5,1.25,8.25],"texture":"#particle"},"south":{"uv":[8.5,0.5,8.75,1.25],"texture":"#particle"},"north":{"uv":[8.5,8.5,8.75,9.25],"texture":"#particle"},"west":{"uv":[1.25,7.5,2,8.25],"texture":"#particle"},"up":{"uv":[8.75,2,8.5,1.25],"texture":"#particle"},"down":{"uv":[8.75,2,8.5,2.75],"texture":"#particle"}}},{"rotation":{"origin":[2.5,4.5,8.5],"angle":22.5,"axis":"x"},"from":[1.5,3.5,8.25],"to":[2.5,10.5,9.25],"faces":{"east":{"uv":[3.25,8.25,3.5,10],"texture":"#particle"},"south":{"uv":[3.5,8.25,3.75,10],"texture":"#particle"},"north":{"uv":[3,8.25,3.25,10],"texture":"#particle"},"west":{"uv":[3.75,8.25,4,10],"texture":"#particle"},"up":{"uv":[9.25,2.25,9,2],"texture":"#particle"},"down":{"uv":[9.25,2.25,9,2.5],"texture":"#particle"}}},{"rotation":{"origin":[13,4,8.5],"angle":22.5,"axis":"x"},"from":[12.5,2.5,7],"to":[13.5,5.5,10],"faces":{"east":{"uv":[6,7.5,6.75,8.25],"texture":"#particle"},"south":{"uv":[8.5,5.75,8.75,6.5],"texture":"#particle"},"north":{"uv":[8.5,2.75,8.75,3.5],"texture":"#particle"},"west":{"uv":[7.5,7.5,8.25,8.25],"texture":"#particle"},"up":{"uv":[8.75,8,8.5,7.25],"texture":"#particle"},"down":{"uv":[0.25,8.75,0,9.5],"texture":"#particle"}}},{"rotation":{"origin":[7.5,10,7.5],"angle":0,"axis":"y"},"from":[3.25,2,3.25],"to":[12.75,6,4],"faces":{"east":{"uv":[8.25,0.5,8.5,1.5],"texture":"#particle"},"south":{"uv":[4.75,4.75,7,5.75],"texture":"#particle"},"north":{"uv":[2.5,4.5,4.75,5.5],"texture":"#particle"},"west":{"uv":[8.25,1.5,8.5,2.5],"texture":"#particle"},"up":{"uv":[9.75,0.25,7.5,0],"texture":"#particle"},"down":{"uv":[9.75,0.25,7.5,0.5],"texture":"#particle"}}},{"rotation":{"origin":[7.5,10,8],"angle":0,"axis":"y"},"from":[3.25,2,4],"to":[4,6,8],"faces":{"east":{"uv":[6,6.5,7,7.5],"texture":"#particle"},"south":{"uv":[8.25,7.25,8.5,8.25],"texture":"#particle"},"north":{"uv":[8.25,2.5,8.5,3.5],"texture":"#particle"},"west":{"uv":[4,6.75,5,7.75],"texture":"#particle"},"up":{"uv":[2.25,9.5,2,8.5],"texture":"#particle"},"down":{"uv":[2.5,8.5,2.25,9.5],"texture":"#particle"}}},{"rotation":{"origin":[16,10,8],"angle":0,"axis":"y"},"from":[12,2,4],"to":[12.75,6,8],"faces":{"east":{"uv":[5,6.75,6,7.75],"texture":"#particle"},"south":{"uv":[2.75,8.5,3,9.5],"texture":"#particle"},"north":{"uv":[2.5,8.5,2.75,9.5],"texture":"#particle"},"west":{"uv":[2,7,3,8],"texture":"#particle"},"up":{"uv":[7.25,9.5,7,8.5],"texture":"#particle"},"down":{"uv":[7.5,8.5,7.25,9.5],"texture":"#particle"}}},{"from":[4,0,4],"to":[12,1,12],"faces":{"east":{"uv":[0,0,2,0.25],"texture":"#particle"},"south":{"uv":[0,0,2,0.25],"texture":"#particle"},"north":{"uv":[0,0,2,0.25],"texture":"#particle"},"west":{"uv":[0,0,2,0.25],"texture":"#particle"},"up":{"uv":[0,0,2,2],"texture":"#particle"},"down":{"uv":[0.25,2.75,2.25,4.75],"texture":"#particle"}}}],"display":{"head":{"translation":[0,5.25,-0.75],"scale":[1.61,1.61,1.61]},"firstperson_righthand":{"rotation":[0,45,0],"translation":[1,3.75,0.5],"scale":[0.4,0.4,0.4]},"thirdperson_righthand":{"rotation":[75,45,0],"translation":[-0.75,2.5,0.75],"scale":[0.55,0.55,0.55]},"ground":{"translation":[0,5.25,0]},"gui":{"rotation":[30,225,0],"translation":[0,2,0],"scale":[0.8,0.8,0.8]},"fixed":{"rotation":[0,90,0],"translation":[0,-3,0]}}}