{
	"credit": "Made with Blockbench",
	"textures": {
		"0": "glorious:item/misc/000000000",
		"2": "glorious:item/misc/032032032",
		"4": "glorious:item/misc/064064064",
		"5": "glorious:item/misc/096096096",
		"12": "glorious:item/misc/160160160"
	},
	"elements": [
		{
			"from": [6.6, 1.78, 7.87],
			"to": [6.73, 1.9, 8],
			"faces": {
				"north": {"uv": [6.5, 1.75, 6.625, 1.875], "texture": "#12"},
				"east": {"uv": [7.75, 1.75, 7.875, 1.875], "texture": "#12"},
				"south": {"uv": [6.5, 1.75, 6.625, 1.875], "texture": "#12"},
				"west": {"uv": [7.75, 1.75, 7.875, 1.875], "texture": "#12"},
				"up": {"uv": [6.5, 7.75, 6.625, 7.875], "texture": "#12"},
				"down": {"uv": [6.5, 7.75, 6.625, 7.875], "texture": "#12"}
			}
		},
		{
			"from": [6.6, 1.9, 7.75],
			"to": [6.73, 2.03, 7.87],
			"faces": {
				"north": {"uv": [6.5, 1.875, 6.625, 2], "texture": "#12"},
				"east": {"uv": [7.625, 1.875, 7.75, 2], "texture": "#12"},
				"south": {"uv": [6.5, 1.875, 6.625, 2], "texture": "#12"},
				"west": {"uv": [7.625, 1.875, 7.75, 2], "texture": "#12"},
				"up": {"uv": [6.5, 7.625, 6.625, 7.75], "texture": "#12"},
				"down": {"uv": [6.5, 7.625, 6.625, 7.75], "texture": "#12"}
			}
		},
		{
			"from": [6.6, 1.9, 8],
			"to": [6.73, 2.03, 8.13],
			"faces": {
				"north": {"uv": [6.5, 1.875, 6.625, 2], "texture": "#12"},
				"east": {"uv": [7.875, 1.875, 8, 2], "texture": "#12"},
				"south": {"uv": [6.5, 1.875, 6.625, 2], "texture": "#12"},
				"west": {"uv": [7.875, 1.875, 8, 2], "texture": "#12"},
				"up": {"uv": [6.5, 7.875, 6.625, 8], "texture": "#12"},
				"down": {"uv": [6.5, 7.875, 6.625, 8], "texture": "#12"}
			}
		},
		{
			"from": [6.6, 2.03, 7.87],
			"to": [6.73, 2.16, 8],
			"faces": {
				"north": {"uv": [6.5, 2, 6.625, 2.125], "texture": "#12"},
				"east": {"uv": [7.75, 2, 7.875, 2.125], "texture": "#12"},
				"south": {"uv": [6.5, 2, 6.625, 2.125], "texture": "#12"},
				"west": {"uv": [7.75, 2, 7.875, 2.125], "texture": "#12"},
				"up": {"uv": [6.5, 7.75, 6.625, 7.875], "texture": "#12"},
				"down": {"uv": [6.5, 7.75, 6.625, 7.875], "texture": "#12"}
			}
		},
		{
			"from": [6.73, 1.65, 7.87],
			"to": [8.38, 1.78, 8],
			"faces": {
				"north": {"uv": [6.625, 1.625, 8.25, 1.75], "texture": "#5"},
				"east": {"uv": [7.75, 1.625, 7.875, 1.75], "texture": "#5"},
				"south": {"uv": [6.625, 1.625, 8.25, 1.75], "texture": "#5"},
				"west": {"uv": [7.75, 1.625, 7.875, 1.75], "texture": "#5"},
				"up": {"uv": [6.625, 7.75, 8.25, 7.875], "texture": "#5"},
				"down": {"uv": [6.625, 7.75, 8.25, 7.875], "texture": "#5"}
			}
		},
		{
			"from": [6.73, 1.78, 7.75],
			"to": [8.25, 2.03, 7.87],
			"faces": {
				"north": {"uv": [6.625, 1.75, 8.125, 2], "texture": "#4"},
				"east": {"uv": [7.625, 1.75, 7.75, 2], "texture": "#4"},
				"south": {"uv": [6.625, 1.75, 8.125, 2], "texture": "#4"},
				"west": {"uv": [7.625, 1.75, 7.75, 2], "texture": "#4"},
				"up": {"uv": [6.625, 7.625, 8.125, 7.75], "texture": "#4"},
				"down": {"uv": [6.625, 7.625, 8.125, 7.75], "texture": "#4"}
			}
		},
		{
			"from": [6.73, 1.78, 7.87],
			"to": [8.25, 1.9, 8.13],
			"faces": {
				"north": {"uv": [6.625, 1.75, 8.125, 1.875], "texture": "#4"},
				"east": {"uv": [7.75, 1.75, 8, 1.875], "texture": "#4"},
				"south": {"uv": [6.625, 1.75, 8.125, 1.875], "texture": "#4"},
				"west": {"uv": [7.75, 1.75, 8, 1.875], "texture": "#4"},
				"up": {"uv": [6.625, 7.75, 8.125, 8], "texture": "#4"},
				"down": {"uv": [6.625, 7.75, 8.125, 8], "texture": "#4"}
			}
		},
		{
			"from": [6.73, 1.9, 8],
			"to": [8.38, 2.03, 8.13],
			"faces": {
				"north": {"uv": [6.625, 1.875, 8.25, 2], "texture": "#4"},
				"east": {"uv": [7.875, 1.875, 8, 2], "texture": "#4"},
				"south": {"uv": [6.625, 1.875, 8.25, 2], "texture": "#4"},
				"west": {"uv": [7.875, 1.875, 8, 2], "texture": "#4"},
				"up": {"uv": [6.625, 7.875, 8.25, 8], "texture": "#4"},
				"down": {"uv": [6.625, 7.875, 8.25, 8], "texture": "#4"}
			}
		},
		{
			"from": [6.73, 2.03, 7.75],
			"to": [7.11, 2.16, 8.13],
			"faces": {
				"north": {"uv": [6.625, 2, 7, 2.125], "texture": "#4"},
				"east": {"uv": [7.625, 2, 8, 2.125], "texture": "#4"},
				"south": {"uv": [6.625, 2, 7, 2.125], "texture": "#4"},
				"west": {"uv": [7.625, 2, 8, 2.125], "texture": "#4"},
				"up": {"uv": [6.625, 7.625, 7, 8], "texture": "#4"},
				"down": {"uv": [6.625, 7.625, 7, 8], "texture": "#4"}
			}
		},
		{
			"from": [6.86, 2.16, 7.87],
			"to": [6.98, 2.29, 8],
			"faces": {
				"north": {"uv": [6.75, 2.125, 6.875, 2.25], "texture": "#4"},
				"east": {"uv": [7.75, 2.125, 7.875, 2.25], "texture": "#4"},
				"south": {"uv": [6.75, 2.125, 6.875, 2.25], "texture": "#4"},
				"west": {"uv": [7.75, 2.125, 7.875, 2.25], "texture": "#4"},
				"up": {"uv": [6.75, 7.75, 6.875, 7.875], "texture": "#4"},
				"down": {"uv": [6.75, 7.75, 6.875, 7.875], "texture": "#4"}
			}
		},
		{
			"from": [6.98, 1.52, 7.87],
			"to": [8.38, 1.65, 8],
			"faces": {
				"north": {"uv": [6.875, 1.5, 8.25, 1.625], "texture": "#5"},
				"east": {"uv": [7.75, 1.5, 7.875, 1.625], "texture": "#5"},
				"south": {"uv": [6.875, 1.5, 8.25, 1.625], "texture": "#5"},
				"west": {"uv": [7.75, 1.5, 7.875, 1.625], "texture": "#5"},
				"up": {"uv": [6.875, 7.75, 8.25, 7.875], "texture": "#5"},
				"down": {"uv": [6.875, 7.75, 8.25, 7.875], "texture": "#5"}
			}
		},
		{
			"from": [6.98, 1.65, 7.75],
			"to": [8.38, 1.78, 7.87],
			"faces": {
				"north": {"uv": [6.875, 1.625, 8.25, 1.75], "texture": "#5"},
				"east": {"uv": [7.625, 1.625, 7.75, 1.75], "texture": "#5"},
				"south": {"uv": [6.875, 1.625, 8.25, 1.75], "texture": "#5"},
				"west": {"uv": [7.625, 1.625, 7.75, 1.75], "texture": "#5"},
				"up": {"uv": [6.875, 7.625, 8.25, 7.75], "texture": "#5"},
				"down": {"uv": [6.875, 7.625, 8.25, 7.75], "texture": "#5"}
			}
		},
		{
			"from": [6.98, 1.65, 8],
			"to": [8.38, 1.78, 8.13],
			"faces": {
				"north": {"uv": [6.875, 1.625, 8.25, 1.75], "texture": "#5"},
				"east": {"uv": [7.875, 1.625, 8, 1.75], "texture": "#5"},
				"south": {"uv": [6.875, 1.625, 8.25, 1.75], "texture": "#5"},
				"west": {"uv": [7.875, 1.625, 8, 1.75], "texture": "#5"},
				"up": {"uv": [6.875, 7.875, 8.25, 8], "texture": "#5"},
				"down": {"uv": [6.875, 7.875, 8.25, 8], "texture": "#5"}
			}
		},
		{
			"from": [7.11, 2.03, 7.87],
			"to": [9.14, 2.16, 8],
			"faces": {
				"north": {"uv": [7, 2, 9, 2.125], "texture": "#4"},
				"east": {"uv": [7.75, 2, 7.875, 2.125], "texture": "#4"},
				"south": {"uv": [7, 2, 9, 2.125], "texture": "#4"},
				"west": {"uv": [7.75, 2, 7.875, 2.125], "texture": "#4"},
				"up": {"uv": [7, 7.75, 9, 7.875], "texture": "#4"},
				"down": {"uv": [7, 7.75, 9, 7.875], "texture": "#4"}
			}
		},
		{
			"from": [7.49, 1.52, 7.75],
			"to": [8.38, 1.65, 7.87],
			"faces": {
				"north": {"uv": [7.375, 1.5, 8.25, 1.625], "texture": "#5"},
				"east": {"uv": [7.625, 1.5, 7.75, 1.625], "texture": "#5"},
				"south": {"uv": [7.375, 1.5, 8.25, 1.625], "texture": "#5"},
				"west": {"uv": [7.625, 1.5, 7.75, 1.625], "texture": "#5"},
				"up": {"uv": [7.375, 7.625, 8.25, 7.75], "texture": "#5"},
				"down": {"uv": [7.375, 7.625, 8.25, 7.75], "texture": "#5"}
			}
		},
		{
			"from": [7.49, 1.52, 8],
			"to": [8.38, 1.65, 8.13],
			"faces": {
				"north": {"uv": [7.375, 1.5, 8.25, 1.625], "texture": "#5"},
				"east": {"uv": [7.875, 1.5, 8, 1.625], "texture": "#5"},
				"south": {"uv": [7.375, 1.5, 8.25, 1.625], "texture": "#5"},
				"west": {"uv": [7.875, 1.5, 8, 1.625], "texture": "#5"},
				"up": {"uv": [7.375, 7.875, 8.25, 8], "texture": "#5"},
				"down": {"uv": [7.375, 7.875, 8.25, 8], "texture": "#5"}
			}
		},
		{
			"from": [7.75, 1.02, 7.87],
			"to": [8.63, 1.14, 8],
			"faces": {
				"north": {"uv": [7.625, 1, 8.5, 1.125], "texture": "#5"},
				"east": {"uv": [7.75, 1, 7.875, 1.125], "texture": "#5"},
				"south": {"uv": [7.625, 1, 8.5, 1.125], "texture": "#5"},
				"west": {"uv": [7.75, 1, 7.875, 1.125], "texture": "#5"},
				"up": {"uv": [7.625, 7.75, 8.5, 7.875], "texture": "#5"},
				"down": {"uv": [7.625, 7.75, 8.5, 7.875], "texture": "#5"}
			}
		},
		{
			"from": [7.75, 1.14, 7.87],
			"to": [7.87, 1.52, 8],
			"faces": {
				"north": {"uv": [7.625, 1.125, 7.75, 1.5], "texture": "#5"},
				"east": {"uv": [7.75, 1.125, 7.875, 1.5], "texture": "#5"},
				"south": {"uv": [7.625, 1.125, 7.75, 1.5], "texture": "#5"},
				"west": {"uv": [7.75, 1.125, 7.875, 1.5], "texture": "#5"},
				"up": {"uv": [7.625, 7.75, 7.75, 7.875], "texture": "#5"},
				"down": {"uv": [7.625, 7.75, 7.75, 7.875], "texture": "#5"}
			}
		},
		{
			"from": [8, 2.03, 7.75],
			"to": [9.02, 2.16, 7.87],
			"faces": {
				"north": {"uv": [7.875, 2, 8.875, 2.125], "texture": "#4"},
				"east": {"uv": [7.625, 2, 7.75, 2.125], "texture": "#4"},
				"south": {"uv": [7.875, 2, 8.875, 2.125], "texture": "#4"},
				"west": {"uv": [7.625, 2, 7.75, 2.125], "texture": "#4"},
				"up": {"uv": [7.875, 7.625, 8.875, 7.75], "texture": "#4"},
				"down": {"uv": [7.875, 7.625, 8.875, 7.75], "texture": "#4"}
			}
		},
		{
			"from": [8, 2.03, 8],
			"to": [9.02, 2.16, 8.13],
			"faces": {
				"north": {"uv": [7.875, 2, 8.875, 2.125], "texture": "#4"},
				"east": {"uv": [7.875, 2, 8, 2.125], "texture": "#4"},
				"south": {"uv": [7.875, 2, 8.875, 2.125], "texture": "#4"},
				"west": {"uv": [7.875, 2, 8, 2.125], "texture": "#4"},
				"up": {"uv": [7.875, 7.875, 8.875, 8], "texture": "#4"},
				"down": {"uv": [7.875, 7.875, 8.875, 8], "texture": "#4"}
			}
		},
		{
			"from": [8.13, 1.27, 7.87],
			"to": [8.25, 1.52, 8],
			"faces": {
				"north": {"uv": [8, 1.25, 8.125, 1.5], "texture": "#12"},
				"east": {"uv": [7.75, 1.25, 7.875, 1.5], "texture": "#12"},
				"south": {"uv": [8, 1.25, 8.125, 1.5], "texture": "#12"},
				"west": {"uv": [7.75, 1.25, 7.875, 1.5], "texture": "#12"},
				"up": {"uv": [8, 7.75, 8.125, 7.875], "texture": "#12"},
				"down": {"uv": [8, 7.75, 8.125, 7.875], "texture": "#12"}
			}
		},
		{
			"from": [8.25, 1.78, 7.75],
			"to": [8.38, 1.9, 8.13],
			"faces": {
				"north": {"uv": [8.125, 1.75, 8.25, 1.875], "texture": "#0"},
				"east": {"uv": [7.625, 1.75, 8, 1.875], "texture": "#0"},
				"south": {"uv": [8.125, 1.75, 8.25, 1.875], "texture": "#0"},
				"west": {"uv": [7.625, 1.75, 8, 1.875], "texture": "#0"},
				"up": {"uv": [8.125, 7.625, 8.25, 8], "texture": "#0"},
				"down": {"uv": [8.125, 7.625, 8.25, 8], "texture": "#0"}
			}
		},
		{
			"from": [8.25, 1.9, 7.75],
			"to": [8.38, 2.03, 7.87],
			"faces": {
				"north": {"uv": [8.125, 1.875, 8.25, 2], "texture": "#4"},
				"east": {"uv": [7.625, 1.875, 7.75, 2], "texture": "#4"},
				"south": {"uv": [8.125, 1.875, 8.25, 2], "texture": "#4"},
				"west": {"uv": [7.625, 1.875, 7.75, 2], "texture": "#4"},
				"up": {"uv": [8.125, 7.625, 8.25, 7.75], "texture": "#4"},
				"down": {"uv": [8.125, 7.625, 8.25, 7.75], "texture": "#4"}
			}
		},
		{
			"from": [8.38, 1.14, 7.87],
			"to": [8.51, 1.52, 8],
			"faces": {
				"north": {"uv": [8.25, 1.125, 8.375, 1.5], "texture": "#5"},
				"east": {"uv": [7.75, 1.125, 7.875, 1.5], "texture": "#5"},
				"south": {"uv": [8.25, 1.125, 8.375, 1.5], "texture": "#5"},
				"west": {"uv": [7.75, 1.125, 7.875, 1.5], "texture": "#5"},
				"up": {"uv": [8.25, 7.75, 8.375, 7.875], "texture": "#5"},
				"down": {"uv": [8.25, 7.75, 8.375, 7.875], "texture": "#5"}
			}
		},
		{
			"from": [8.38, 1.52, 7.75],
			"to": [8.89, 1.78, 8.13],
			"faces": {
				"north": {"uv": [8.25, 1.5, 8.75, 1.75], "texture": "#2"},
				"east": {"uv": [7.625, 1.5, 8, 1.75], "texture": "#2"},
				"south": {"uv": [8.25, 1.5, 8.75, 1.75], "texture": "#2"},
				"west": {"uv": [7.625, 1.5, 8, 1.75], "texture": "#2"},
				"up": {"uv": [8.25, 7.625, 8.75, 8], "texture": "#2"},
				"down": {"uv": [8.25, 7.625, 8.75, 8], "texture": "#2"}
			}
		},
		{
			"from": [8.38, 1.78, 7.75],
			"to": [8.51, 1.9, 8.13],
			"faces": {
				"north": {"uv": [8.25, 1.75, 8.375, 1.875], "texture": "#4"},
				"east": {"uv": [7.625, 1.75, 8, 1.875], "texture": "#4"},
				"south": {"uv": [8.25, 1.75, 8.375, 1.875], "texture": "#4"},
				"west": {"uv": [7.625, 1.75, 8, 1.875], "texture": "#4"},
				"up": {"uv": [8.25, 7.625, 8.375, 8], "texture": "#4"},
				"down": {"uv": [8.25, 7.625, 8.375, 8], "texture": "#4"}
			}
		},
		{
			"from": [8.38, 1.9, 7.75],
			"to": [8.51, 2.03, 7.87],
			"faces": {
				"north": {"uv": [8.25, 1.875, 8.375, 2], "texture": "#0"},
				"east": {"uv": [7.625, 1.875, 7.75, 2], "texture": "#0"},
				"south": {"uv": [8.25, 1.875, 8.375, 2], "texture": "#0"},
				"west": {"uv": [7.625, 1.875, 7.75, 2], "texture": "#0"},
				"up": {"uv": [8.25, 7.625, 8.375, 7.75], "texture": "#0"},
				"down": {"uv": [8.25, 7.625, 8.375, 7.75], "texture": "#0"}
			}
		},
		{
			"from": [8.38, 1.9, 8],
			"to": [8.51, 2.03, 8.13],
			"faces": {
				"north": {"uv": [8.25, 1.875, 8.375, 2], "texture": "#0"},
				"east": {"uv": [7.875, 1.875, 8, 2], "texture": "#0"},
				"south": {"uv": [8.25, 1.875, 8.375, 2], "texture": "#0"},
				"west": {"uv": [7.875, 1.875, 8, 2], "texture": "#0"},
				"up": {"uv": [8.25, 7.875, 8.375, 8], "texture": "#0"},
				"down": {"uv": [8.25, 7.875, 8.375, 8], "texture": "#0"}
			}
		},
		{
			"from": [8.51, 0.25, 7.87],
			"to": [9.14, 0.38, 8],
			"faces": {
				"north": {"uv": [8.375, 0.25, 9, 0.375], "texture": "#12"},
				"east": {"uv": [7.75, 0.25, 7.875, 0.375], "texture": "#12"},
				"south": {"uv": [8.375, 0.25, 9, 0.375], "texture": "#12"},
				"west": {"uv": [7.75, 0.25, 7.875, 0.375], "texture": "#12"},
				"up": {"uv": [8.375, 7.75, 9, 7.875], "texture": "#12"},
				"down": {"uv": [8.375, 7.75, 9, 7.875], "texture": "#12"}
			}
		},
		{
			"from": [8.51, 0.76, 7.87],
			"to": [8.63, 1.02, 8],
			"faces": {
				"north": {"uv": [8.375, 0.75, 8.5, 1], "texture": "#5"},
				"east": {"uv": [7.75, 0.75, 7.875, 1], "texture": "#5"},
				"south": {"uv": [8.375, 0.75, 8.5, 1], "texture": "#5"},
				"west": {"uv": [7.75, 0.75, 7.875, 1], "texture": "#5"},
				"up": {"uv": [8.375, 7.75, 8.5, 7.875], "texture": "#5"},
				"down": {"uv": [8.375, 7.75, 8.5, 7.875], "texture": "#5"}
			}
		},
		{
			"from": [8.51, 1.14, 7.75],
			"to": [9.02, 1.52, 8.13],
			"faces": {
				"north": {"uv": [8.375, 1.125, 8.875, 1.5], "texture": "#2"},
				"east": {"uv": [7.625, 1.125, 8, 1.5], "texture": "#2"},
				"south": {"uv": [8.375, 1.125, 8.875, 1.5], "texture": "#2"},
				"west": {"uv": [7.625, 1.125, 8, 1.5], "texture": "#2"},
				"up": {"uv": [8.375, 7.625, 8.875, 8], "texture": "#2"},
				"down": {"uv": [8.375, 7.625, 8.875, 8], "texture": "#2"}
			}
		},
		{
			"from": [8.51, 1.78, 7.75],
			"to": [8.63, 1.9, 8.13],
			"faces": {
				"north": {"uv": [8.375, 1.75, 8.5, 1.875], "texture": "#0"},
				"east": {"uv": [7.625, 1.75, 8, 1.875], "texture": "#0"},
				"south": {"uv": [8.375, 1.75, 8.5, 1.875], "texture": "#0"},
				"west": {"uv": [7.625, 1.75, 8, 1.875], "texture": "#0"},
				"up": {"uv": [8.375, 7.625, 8.5, 8], "texture": "#0"},
				"down": {"uv": [8.375, 7.625, 8.5, 8], "texture": "#0"}
			}
		},
		{
			"from": [8.51, 1.9, 7.75],
			"to": [8.63, 2.03, 8.13],
			"faces": {
				"north": {"uv": [8.375, 1.875, 8.5, 2], "texture": "#4"},
				"east": {"uv": [7.625, 1.875, 8, 2], "texture": "#4"},
				"south": {"uv": [8.375, 1.875, 8.5, 2], "texture": "#4"},
				"west": {"uv": [7.625, 1.875, 8, 2], "texture": "#4"},
				"up": {"uv": [8.375, 7.625, 8.5, 8], "texture": "#4"},
				"down": {"uv": [8.375, 7.625, 8.5, 8], "texture": "#4"}
			}
		},
		{
			"from": [8.63, 0.38, 7.87],
			"to": [8.76, 0.76, 8],
			"faces": {
				"north": {"uv": [8.5, 0.375, 8.625, 0.75], "texture": "#5"},
				"east": {"uv": [7.75, 0.375, 7.875, 0.75], "texture": "#5"},
				"south": {"uv": [8.5, 0.375, 8.625, 0.75], "texture": "#5"},
				"west": {"uv": [7.75, 0.375, 7.875, 0.75], "texture": "#5"},
				"up": {"uv": [8.5, 7.75, 8.625, 7.875], "texture": "#5"},
				"down": {"uv": [8.5, 7.75, 8.625, 7.875], "texture": "#5"}
			}
		},
		{
			"from": [8.63, 0.76, 7.75],
			"to": [9.14, 1.14, 8.13],
			"faces": {
				"north": {"uv": [8.5, 0.75, 9, 1.125], "texture": "#2"},
				"east": {"uv": [7.625, 0.75, 8, 1.125], "texture": "#2"},
				"south": {"uv": [8.5, 0.75, 9, 1.125], "texture": "#2"},
				"west": {"uv": [7.625, 0.75, 8, 1.125], "texture": "#2"},
				"up": {"uv": [8.5, 7.625, 9, 8], "texture": "#2"},
				"down": {"uv": [8.5, 7.625, 9, 8], "texture": "#2"}
			}
		},
		{
			"from": [8.63, 1.78, 7.75],
			"to": [8.76, 1.9, 8.13],
			"faces": {
				"north": {"uv": [8.5, 1.75, 8.625, 1.875], "texture": "#4"},
				"east": {"uv": [7.625, 1.75, 8, 1.875], "texture": "#4"},
				"south": {"uv": [8.5, 1.75, 8.625, 1.875], "texture": "#4"},
				"west": {"uv": [7.625, 1.75, 8, 1.875], "texture": "#4"},
				"up": {"uv": [8.5, 7.625, 8.625, 8], "texture": "#4"},
				"down": {"uv": [8.5, 7.625, 8.625, 8], "texture": "#4"}
			}
		},
		{
			"from": [8.63, 1.9, 7.75],
			"to": [8.76, 2.03, 8.13],
			"faces": {
				"north": {"uv": [8.5, 1.875, 8.625, 2], "texture": "#0"},
				"east": {"uv": [7.625, 1.875, 8, 2], "texture": "#0"},
				"south": {"uv": [8.5, 1.875, 8.625, 2], "texture": "#0"},
				"west": {"uv": [7.625, 1.875, 8, 2], "texture": "#0"},
				"up": {"uv": [8.5, 7.625, 8.625, 8], "texture": "#0"},
				"down": {"uv": [8.5, 7.625, 8.625, 8], "texture": "#0"}
			}
		},
		{
			"from": [8.76, 0.38, 7.75],
			"to": [9.27, 0.76, 8.13],
			"faces": {
				"north": {"uv": [8.625, 0.375, 9.125, 0.75], "texture": "#2"},
				"east": {"uv": [7.625, 0.375, 8, 0.75], "texture": "#2"},
				"south": {"uv": [8.625, 0.375, 9.125, 0.75], "texture": "#2"},
				"west": {"uv": [7.625, 0.375, 8, 0.75], "texture": "#2"},
				"up": {"uv": [8.625, 7.625, 9.125, 8], "texture": "#2"},
				"down": {"uv": [8.625, 7.625, 9.125, 8], "texture": "#2"}
			}
		},
		{
			"from": [8.76, 1.78, 7.75],
			"to": [8.89, 1.9, 8.13],
			"faces": {
				"north": {"uv": [8.625, 1.75, 8.75, 1.875], "texture": "#0"},
				"east": {"uv": [7.625, 1.75, 8, 1.875], "texture": "#0"},
				"south": {"uv": [8.625, 1.75, 8.75, 1.875], "texture": "#0"},
				"west": {"uv": [7.625, 1.75, 8, 1.875], "texture": "#0"},
				"up": {"uv": [8.625, 7.625, 8.75, 8], "texture": "#0"},
				"down": {"uv": [8.625, 7.625, 8.75, 8], "texture": "#0"}
			}
		},
		{
			"from": [8.76, 1.9, 7.75],
			"to": [8.89, 2.03, 8.13],
			"faces": {
				"north": {"uv": [8.625, 1.875, 8.75, 2], "texture": "#4"},
				"east": {"uv": [7.625, 1.875, 8, 2], "texture": "#4"},
				"south": {"uv": [8.625, 1.875, 8.75, 2], "texture": "#4"},
				"west": {"uv": [7.625, 1.875, 8, 2], "texture": "#4"},
				"up": {"uv": [8.625, 7.625, 8.75, 8], "texture": "#4"},
				"down": {"uv": [8.625, 7.625, 8.75, 8], "texture": "#4"}
			}
		},
		{
			"from": [8.76, 2.16, 7.75],
			"to": [8.89, 2.29, 7.87],
			"faces": {
				"north": {"uv": [8.625, 2.125, 8.75, 2.25], "texture": "#12"},
				"east": {"uv": [7.625, 2.125, 7.75, 2.25], "texture": "#12"},
				"south": {"uv": [8.625, 2.125, 8.75, 2.25], "texture": "#12"},
				"west": {"uv": [7.625, 2.125, 7.75, 2.25], "texture": "#12"},
				"up": {"uv": [8.625, 7.625, 8.75, 7.75], "texture": "#12"},
				"down": {"uv": [8.625, 7.625, 8.75, 7.75], "texture": "#12"}
			}
		},
		{
			"from": [8.76, 2.16, 8],
			"to": [8.89, 2.29, 8.13],
			"faces": {
				"north": {"uv": [8.625, 2.125, 8.75, 2.25], "texture": "#12"},
				"east": {"uv": [7.875, 2.125, 8, 2.25], "texture": "#12"},
				"south": {"uv": [8.625, 2.125, 8.75, 2.25], "texture": "#12"},
				"west": {"uv": [7.875, 2.125, 8, 2.25], "texture": "#12"},
				"up": {"uv": [8.625, 7.875, 8.75, 8], "texture": "#12"},
				"down": {"uv": [8.625, 7.875, 8.75, 8], "texture": "#12"}
			}
		},
		{
			"from": [8.89, 1.52, 7.75],
			"to": [9.4, 1.65, 8.13],
			"faces": {
				"north": {"uv": [8.75, 1.5, 9.25, 1.625], "texture": "#5"},
				"east": {"uv": [7.625, 1.5, 8, 1.625], "texture": "#5"},
				"south": {"uv": [8.75, 1.5, 9.25, 1.625], "texture": "#5"},
				"west": {"uv": [7.625, 1.5, 8, 1.625], "texture": "#5"},
				"up": {"uv": [8.75, 7.625, 9.25, 8], "texture": "#5"},
				"down": {"uv": [8.75, 7.625, 9.25, 8], "texture": "#5"}
			}
		},
		{
			"from": [8.89, 1.65, 7.75],
			"to": [9.27, 1.78, 8.13],
			"faces": {
				"north": {"uv": [8.75, 1.625, 9.125, 1.75], "texture": "#5"},
				"east": {"uv": [7.625, 1.625, 8, 1.75], "texture": "#5"},
				"south": {"uv": [8.75, 1.625, 9.125, 1.75], "texture": "#5"},
				"west": {"uv": [7.625, 1.625, 8, 1.75], "texture": "#5"},
				"up": {"uv": [8.75, 7.625, 9.125, 8], "texture": "#5"},
				"down": {"uv": [8.75, 7.625, 9.125, 8], "texture": "#5"}
			}
		},
		{
			"from": [8.89, 1.78, 7.75],
			"to": [9.14, 1.9, 8.13],
			"faces": {
				"north": {"uv": [8.75, 1.75, 9, 1.875], "texture": "#4"},
				"east": {"uv": [7.625, 1.75, 8, 1.875], "texture": "#4"},
				"south": {"uv": [8.75, 1.75, 9, 1.875], "texture": "#4"},
				"west": {"uv": [7.625, 1.75, 8, 1.875], "texture": "#4"},
				"up": {"uv": [8.75, 7.625, 9, 8], "texture": "#4"},
				"down": {"uv": [8.75, 7.625, 9, 8], "texture": "#4"}
			}
		},
		{
			"from": [8.89, 1.9, 7.75],
			"to": [9.02, 2.03, 8.13],
			"faces": {
				"north": {"uv": [8.75, 1.875, 8.875, 2], "texture": "#0"},
				"east": {"uv": [7.625, 1.875, 8, 2], "texture": "#0"},
				"south": {"uv": [8.75, 1.875, 8.875, 2], "texture": "#0"},
				"west": {"uv": [7.625, 1.875, 8, 2], "texture": "#0"},
				"up": {"uv": [8.75, 7.625, 8.875, 8], "texture": "#0"},
				"down": {"uv": [8.75, 7.625, 8.875, 8], "texture": "#0"}
			}
		},
		{
			"from": [9.02, 1.14, 7.87],
			"to": [9.14, 1.4, 8],
			"faces": {
				"north": {"uv": [8.875, 1.125, 9, 1.375], "texture": "#2"},
				"east": {"uv": [7.75, 1.125, 7.875, 1.375], "texture": "#2"},
				"south": {"uv": [8.875, 1.125, 9, 1.375], "texture": "#2"},
				"west": {"uv": [7.75, 1.125, 7.875, 1.375], "texture": "#2"},
				"up": {"uv": [8.875, 7.75, 9, 7.875], "texture": "#2"},
				"down": {"uv": [8.875, 7.75, 9, 7.875], "texture": "#2"}
			}
		},
		{
			"from": [9.02, 1.4, 7.75],
			"to": [9.14, 1.52, 8.13],
			"faces": {
				"north": {"uv": [8.875, 1.375, 9, 1.5], "texture": "#5"},
				"east": {"uv": [7.625, 1.375, 8, 1.5], "texture": "#5"},
				"south": {"uv": [8.875, 1.375, 9, 1.5], "texture": "#5"},
				"west": {"uv": [7.625, 1.375, 8, 1.5], "texture": "#5"},
				"up": {"uv": [8.875, 7.625, 9, 8], "texture": "#5"},
				"down": {"uv": [8.875, 7.625, 9, 8], "texture": "#5"}
			}
		},
		{
			"from": [9.02, 1.9, 7.75],
			"to": [9.14, 2.03, 8.13],
			"faces": {
				"north": {"uv": [8.875, 1.875, 9, 2], "texture": "#4"},
				"east": {"uv": [7.625, 1.875, 8, 2], "texture": "#4"},
				"south": {"uv": [8.875, 1.875, 9, 2], "texture": "#4"},
				"west": {"uv": [7.625, 1.875, 8, 2], "texture": "#4"},
				"up": {"uv": [8.875, 7.625, 9, 8], "texture": "#4"},
				"down": {"uv": [8.875, 7.625, 9, 8], "texture": "#4"}
			}
		},
		{
			"from": [9.14, 0.76, 7.87],
			"to": [9.27, 1.14, 8],
			"faces": {
				"north": {"uv": [9, 0.75, 9.125, 1.125], "texture": "#2"},
				"east": {"uv": [7.75, 0.75, 7.875, 1.125], "texture": "#2"},
				"south": {"uv": [9, 0.75, 9.125, 1.125], "texture": "#2"},
				"west": {"uv": [7.75, 0.75, 7.875, 1.125], "texture": "#2"},
				"up": {"uv": [9, 7.75, 9.125, 7.875], "texture": "#2"},
				"down": {"uv": [9, 7.75, 9.125, 7.875], "texture": "#2"}
			}
		},
		{
			"from": [9.14, 1.78, 7.87],
			"to": [9.27, 1.9, 8],
			"faces": {
				"north": {"uv": [9, 1.75, 9.125, 1.875], "texture": "#12"},
				"east": {"uv": [7.75, 1.75, 7.875, 1.875], "texture": "#12"},
				"south": {"uv": [9, 1.75, 9.125, 1.875], "texture": "#12"},
				"west": {"uv": [7.75, 1.75, 7.875, 1.875], "texture": "#12"},
				"up": {"uv": [9, 7.75, 9.125, 7.875], "texture": "#12"},
				"down": {"uv": [9, 7.75, 9.125, 7.875], "texture": "#12"}
			}
		},
		{
			"from": [9.27, 0.38, 7.87],
			"to": [9.4, 0.76, 8],
			"faces": {
				"north": {"uv": [9.125, 0.375, 9.25, 0.75], "texture": "#2"},
				"east": {"uv": [7.75, 0.375, 7.875, 0.75], "texture": "#2"},
				"south": {"uv": [9.125, 0.375, 9.25, 0.75], "texture": "#2"},
				"west": {"uv": [7.75, 0.375, 7.875, 0.75], "texture": "#2"},
				"up": {"uv": [9.125, 7.75, 9.25, 7.875], "texture": "#2"},
				"down": {"uv": [9.125, 7.75, 9.25, 7.875], "texture": "#2"}
			}
		},
		{
			"from": [9.27, 1.9, 7.87],
			"to": [9.4, 2.03, 8],
			"faces": {
				"north": {"uv": [9.125, 1.875, 9.25, 2], "texture": "#12"},
				"east": {"uv": [7.75, 1.875, 7.875, 2], "texture": "#12"},
				"south": {"uv": [9.125, 1.875, 9.25, 2], "texture": "#12"},
				"west": {"uv": [7.75, 1.875, 7.875, 2], "texture": "#12"},
				"up": {"uv": [9.125, 7.75, 9.25, 7.875], "texture": "#12"},
				"down": {"uv": [9.125, 7.75, 9.25, 7.875], "texture": "#12"}
			}
		}
	],
	"gui_light": "front",
	"display": {
		"thirdperson_righthand": {
			"rotation": [0, -90, 0],
			"translation": [0, 17.584, -1.8],
			"scale": [2.7, 2.7, 2.7]
		},
		"thirdperson_lefthand": {
			"rotation": [0, 90, 0],
			"translation": [0, 18.084, -1.8],
			"scale": [2.7, 2.7, 2.7]
		},
		"firstperson_righthand": {
			"rotation": [0, -90, 0],
			"translation": [0, 23.5, 0],
			"scale": [3, 3, 3]
		},
		"firstperson_lefthand": {
			"rotation": [0, 90, 0],
			"translation": [0, 21.564, 0],
			"scale": [2.7, 2.7, 2.7]
		},
		"ground": {
			"translation": [0, 8.3478, 0],
			"scale": [2, 2, 2]
		},
		"gui": {
			"rotation": [0, -180, -45],
			"translation": [-11.27, 12.912, 0],
			"scale": [2.7, 2.7, 2.7]
		},
		"fixed": {
			"rotation": [0, -180, -45],
			"translation": [-12.52, 13.216, 0.6956],
			"scale": [2.7, 2.7, 2.7]
		}
	}
}