{
	"credit": "Made with Blockbench",
	"texture_size": [64, 64],
	"textures": {
		"1": "glorious:item/misc/spot",
		"particle": "glorious:item/misc/spot"
	},
	"elements": [
		{
			"from": [3.04, 0, 21.44],
			"to": [12.96, 1.24, 22.68],
			"rotation": {"angle": -22.5, "axis": "x", "origin": [8, 0.62, 22.06]},
			"faces": {
				"north": {"uv": [6.5, 3, 8.5, 3.25], "texture": "#1"},
				"east": {"uv": [6.5, 8.25, 6.75, 8.5], "texture": "#1"},
				"south": {"uv": [6.5, 3.25, 8.5, 3.5], "texture": "#1"},
				"west": {"uv": [6.75, 8.25, 7, 8.5], "texture": "#1"},
				"up": {"uv": [9, 5.75, 7, 5.5], "texture": "#1"},
				"down": {"uv": [9, 5.75, 7, 6], "texture": "#1"}
			}
		},
		{
			"from": [3.164, 1.03105, 20.64093],
			"to": [3.97, 14.91905, 21.88093],
			"rotation": {"angle": -45, "axis": "x", "origin": [3.784, 1.65105, 21.63293]},
			"faces": {
				"north": {"uv": [6.5, 5.5, 6.75, 8.25], "texture": "#1"},
				"east": {"uv": [5, 6.75, 5.25, 9.5], "texture": "#1"},
				"south": {"uv": [5.25, 6.75, 5.5, 9.5], "texture": "#1"},
				"west": {"uv": [5.5, 6.75, 5.75, 9.5], "texture": "#1"},
				"up": {"uv": [7.25, 8.5, 7, 8.25], "texture": "#1"},
				"down": {"uv": [8.5, 7, 8.25, 7.25], "texture": "#1"}
			}
		},
		{
			"from": [12.03, 1.03105, 20.64093],
			"to": [12.836, 14.17505, 21.88093],
			"rotation": {"angle": -45, "axis": "x", "origin": [12.216, 1.65105, 21.63293]},
			"faces": {
				"north": {"uv": [6.75, 5.5, 7, 8.25], "texture": "#1"},
				"east": {"uv": [5.75, 6.75, 6, 9.5], "texture": "#1"},
				"south": {"uv": [6, 6.75, 6.25, 9.5], "texture": "#1"},
				"west": {"uv": [6.25, 6.75, 6.5, 9.5], "texture": "#1"},
				"up": {"uv": [7.5, 8.5, 7.25, 8.25], "texture": "#1"},
				"down": {"uv": [8.5, 7.25, 8.25, 7.5], "texture": "#1"}
			}
		},
		{
			"from": [3.04, 0, 7.8],
			"to": [12.96, 1.24, 9.04],
			"rotation": {"angle": 0, "axis": "y", "origin": [8, 0.62, 3.46]},
			"faces": {
				"north": {"uv": [7, 6, 9, 6.25], "texture": "#1"},
				"east": {"uv": [8.25, 7.5, 8.5, 7.75], "texture": "#1"},
				"south": {"uv": [7, 6.25, 9, 6.5], "texture": "#1"},
				"west": {"uv": [8.25, 7.75, 8.5, 8], "texture": "#1"},
				"up": {"uv": [9, 6.75, 7, 6.5], "texture": "#1"},
				"down": {"uv": [9, 6.75, 7, 7], "texture": "#1"}
			}
		},
		{
			"from": [11.906, 0.88471, 9.90882],
			"to": [12.712, 12.16871, 11.14882],
			"rotation": {"angle": 22.5, "axis": "x", "origin": [12.309, 5.59671, 8.35882]},
			"faces": {
				"north": {"uv": [7, 0.75, 7.25, 3], "texture": "#1"},
				"east": {"uv": [1, 7, 1.25, 9.25], "texture": "#1"},
				"south": {"uv": [1.25, 7, 1.5, 9.25], "texture": "#1"},
				"west": {"uv": [1.5, 7, 1.75, 9.25], "texture": "#1"},
				"up": {"uv": [8.25, 8.5, 8, 8.25], "texture": "#1"},
				"down": {"uv": [8.5, 8, 8.25, 8.25], "texture": "#1"}
			}
		},
		{
			"from": [3.288, 0.88471, 9.90882],
			"to": [4.094, 12.16871, 11.14882],
			"rotation": {"angle": 22.5, "axis": "x", "origin": [3.691, 5.59671, 8.35882]},
			"faces": {
				"north": {"uv": [1.75, 7, 2, 9.25], "texture": "#1"},
				"east": {"uv": [2, 7, 2.25, 9.25], "texture": "#1"},
				"south": {"uv": [3, 7, 3.25, 9.25], "texture": "#1"},
				"west": {"uv": [3.25, 7, 3.5, 9.25], "texture": "#1"},
				"up": {"uv": [8.5, 8.5, 8.25, 8.25], "texture": "#1"},
				"down": {"uv": [8.75, 0, 8.5, 0.25], "texture": "#1"}
			}
		},
		{
			"from": [5.644, 10.50744, 15.37446],
			"to": [10.294, 14.22744, 16.61446],
			"rotation": {"angle": 45, "axis": "x", "origin": [7.969, 9.32458, 9.0317]},
			"faces": {
				"north": {"uv": [3, 6.25, 4, 7], "texture": "#1"},
				"east": {"uv": [7.5, 1.75, 7.75, 2.5], "texture": "#1"},
				"south": {"uv": [4, 6.25, 5, 7], "texture": "#1"},
				"west": {"uv": [4.5, 7.5, 4.75, 8.25], "texture": "#1"},
				"up": {"uv": [1, 7.5, 0, 7.25], "texture": "#1"},
				"down": {"uv": [8.25, 1.5, 7.25, 1.75], "texture": "#1"}
			}
		},
		{
			"from": [4.404, 9.26744, 11.34446],
			"to": [11.534, 15.46744, 15.37446],
			"rotation": {"angle": 45, "axis": "x", "origin": [7.969, 9.32458, 9.0317]},
			"faces": {
				"north": {"uv": [3, 3.5, 4.5, 4.75], "texture": "#1"},
				"east": {"uv": [2.25, 6, 3, 7.25], "texture": "#1"},
				"south": {"uv": [4.5, 3.5, 6, 4.75], "texture": "#1"},
				"west": {"uv": [6.25, 0.75, 7, 2], "texture": "#1"},
				"up": {"uv": [6.5, 6.75, 5, 6], "texture": "#1"},
				"down": {"uv": [7.75, 0, 6.25, 0.75], "texture": "#1"}
			}
		},
		{
			"from": [-0.85445, 8.43968, 10.16051],
			"to": [4.10555, 14.01968, 10.47051],
			"rotation": {"angle": -22.5, "axis": "y", "origin": [2.78244, 14.0911, 9.06551]},
			"faces": {
				"north": {"uv": [5, 4.75, 6, 6], "texture": "#1"},
				"east": {"uv": [3.75, 7, 4, 8.25], "texture": "#1"},
				"south": {"uv": [5.25, 0, 6.25, 1.25], "texture": "#1"},
				"west": {"uv": [3.5, 7, 3.75, 8.25], "texture": "#1"},
				"up": {"uv": [6.75, 3, 6.5, 2], "rotation": 270, "texture": "#1"},
				"down": {"uv": [7, 2, 6.75, 3], "rotation": 90, "texture": "#1"}
			}
		},
		{
			"from": [4.094, 5.22211, 6.6716],
			"to": [11.844, 12.04211, 11.9416],
			"rotation": {"angle": 45, "axis": "x", "origin": [7.845, 6.00674, 13.19384]},
			"faces": {
				"north": {"uv": [0, 3.5, 1.5, 5], "texture": "#1"},
				"east": {"uv": [3, 4.75, 4, 6.25], "texture": "#1"},
				"south": {"uv": [1.5, 3.5, 3, 5], "texture": "#1"},
				"west": {"uv": [4, 4.75, 5, 6.25], "texture": "#1"},
				"up": {"uv": [1.5, 6, 0, 5], "texture": "#1"},
				"down": {"uv": [3, 5, 1.5, 6], "texture": "#1"}
			}
		},
		{
			"from": [3.85433, 10.52252, 10.28451],
			"to": [6.02433, 12.38252, 10.34651],
			"rotation": {"angle": -22.5, "axis": "y", "origin": [2.78244, 14.0911, 9.06551]},
			"faces": {
				"north": {"uv": [6, 5.5, 6.5, 6], "texture": "#1"},
				"east": {"uv": [8.25, 0, 8.5, 0.5], "texture": "#1"},
				"south": {"uv": [4.5, 7, 5, 7.5], "texture": "#1"},
				"west": {"uv": [0, 8.25, 0.25, 8.75], "texture": "#1"},
				"up": {"uv": [0.5, 8.75, 0.25, 8.25], "rotation": 270, "texture": "#1"},
				"down": {"uv": [8.5, 1.5, 8.25, 2], "rotation": 90, "texture": "#1"}
			}
		},
		{
			"from": [11.89445, 8.43968, 10.16051],
			"to": [16.85445, 14.01968, 10.47051],
			"rotation": {"angle": 22.5, "axis": "y", "origin": [13.21756, 14.0911, 9.06551]},
			"faces": {
				"north": {"uv": [6, 4.75, 5, 6], "texture": "#1"},
				"east": {"uv": [3.75, 7, 3.5, 8.25], "texture": "#1"},
				"south": {"uv": [6.25, 0, 5.25, 1.25], "texture": "#1"},
				"west": {"uv": [4, 7, 3.75, 8.25], "texture": "#1"},
				"up": {"uv": [6.75, 2, 6.5, 3], "rotation": 270, "texture": "#1"},
				"down": {"uv": [7, 3, 6.75, 2], "rotation": 90, "texture": "#1"}
			}
		},
		{
			"from": [9.97567, 10.52252, 10.28451],
			"to": [12.14567, 12.38252, 10.34651],
			"rotation": {"angle": 22.5, "axis": "y", "origin": [13.21756, 14.0911, 9.06551]},
			"faces": {
				"north": {"uv": [6.5, 5.5, 6, 6], "texture": "#1"},
				"east": {"uv": [0.25, 8.25, 0, 8.75], "texture": "#1"},
				"south": {"uv": [5, 7, 4.5, 7.5], "texture": "#1"},
				"west": {"uv": [8.5, 0, 8.25, 0.5], "texture": "#1"},
				"up": {"uv": [0.5, 8.25, 0.25, 8.75], "rotation": 270, "texture": "#1"},
				"down": {"uv": [8.5, 2, 8.25, 1.5], "rotation": 90, "texture": "#1"}
			}
		},
		{
			"from": [5.33152, 15.38707, 12.97405],
			"to": [10.91152, 20.34707, 13.28405],
			"rotation": {"angle": 0, "axis": "y", "origin": [8.12152, 13.29957, 5.62905]},
			"faces": {
				"north": {"uv": [2.25, 6, 1, 7], "rotation": 180, "texture": "#1"},
				"east": {"uv": [7.25, 2.75, 8.25, 3], "rotation": 270, "texture": "#1"},
				"south": {"uv": [6.5, 3.5, 5.25, 2.5], "texture": "#1"},
				"west": {"uv": [7.25, 4, 8.25, 4.25], "rotation": 90, "texture": "#1"},
				"up": {"uv": [7, 7, 8.25, 7.25], "rotation": 180, "texture": "#1"},
				"down": {"uv": [7.25, 0.75, 8.5, 1], "texture": "#1"}
			}
		},
		{
			"from": [7.19152, 14.14707, 13.09805],
			"to": [9.05152, 16.31707, 13.16005],
			"rotation": {"angle": 0, "axis": "y", "origin": [8.12152, 13.29957, 5.62905]},
			"faces": {
				"north": {"uv": [7.75, 4.75, 7.25, 5.25], "rotation": 180, "texture": "#1"},
				"east": {"uv": [8.25, 2.75, 8.75, 3], "rotation": 270, "texture": "#1"},
				"south": {"uv": [7.75, 4.75, 7.25, 4.25], "texture": "#1"},
				"west": {"uv": [8.25, 3.5, 8.75, 3.75], "rotation": 90, "texture": "#1"},
				"up": {"uv": [8.25, 0.5, 8.75, 0.75], "rotation": 180, "texture": "#1"},
				"down": {"uv": [3.5, 8.25, 4, 8.5], "texture": "#1"}
			}
		},
		{
			"from": [7.19152, 7.42314, 9.08561],
			"to": [9.05152, 7.48514, 11.25561],
			"rotation": {"angle": -22.5, "axis": "x", "origin": [8.12152, 2.86835, 4.4389]},
			"faces": {
				"north": {"uv": [8.75, 4.25, 8.25, 4.5], "rotation": 180, "texture": "#1"},
				"east": {"uv": [8.25, 3.75, 8.5, 4.25], "rotation": 270, "texture": "#1"},
				"south": {"uv": [4.75, 8.5, 4.25, 8.25], "texture": "#1"},
				"west": {"uv": [4, 8.25, 4.25, 8.75], "rotation": 90, "texture": "#1"},
				"up": {"uv": [7, 7.25, 7.5, 7.75], "rotation": 180, "texture": "#1"},
				"down": {"uv": [0, 7.5, 0.5, 8], "texture": "#1"}
			}
		},
		{
			"from": [5.33152, 7.29914, 5.05561],
			"to": [10.91152, 7.60914, 10.01561],
			"rotation": {"angle": -22.5, "axis": "x", "origin": [8.12152, 2.86835, 4.4389]},
			"faces": {
				"north": {"uv": [8.5, 1.25, 7.25, 1.5], "rotation": 180, "texture": "#1"},
				"east": {"uv": [0.5, 7.5, 0.75, 8.5], "rotation": 270, "texture": "#1"},
				"south": {"uv": [8.5, 1.25, 7.25, 1], "texture": "#1"},
				"west": {"uv": [0.75, 7.5, 1, 8.5], "rotation": 90, "texture": "#1"},
				"up": {"uv": [6, 3.5, 7.25, 4.5], "rotation": 180, "texture": "#1"},
				"down": {"uv": [6, 4.5, 7.25, 5.5], "texture": "#1"}
			}
		},
		{
			"from": [4.77479, 21.84211, -16],
			"to": [4.77479, 27.42211, 10.04],
			"rotation": {"angle": 45, "axis": "x", "origin": [0.72479, 15.63211, -5.92656]},
			"faces": {
				"north": {"uv": [0, 0, 0, 1.75], "texture": "#1"},
				"east": {"uv": [0, 0, 5.25, 1.75], "texture": "#1"},
				"south": {"uv": [0, 0, 0, 1.75], "texture": "#1"},
				"west": {"uv": [5.25, 0, 0, 1.75], "texture": "#1"},
				"up": {"uv": [0, 5.25, 0, 0], "texture": "#1"},
				"down": {"uv": [0, 0, 0, 5.25], "texture": "#1"}
			}
		},
		{
			"from": [11.11311, 17.84211, -15],
			"to": [11.11311, 23.42211, 11.04],
			"rotation": {"angle": 45, "axis": "x", "origin": [11.751, 14.86674, 0.32884]},
			"faces": {
				"north": {"uv": [0, 0, 0, 1.75], "texture": "#1"},
				"east": {"uv": [0, 0, 5.25, 1.75], "texture": "#1"},
				"south": {"uv": [0, 0, 0, 1.75], "texture": "#1"},
				"west": {"uv": [5.25, 0, 0, 1.75], "texture": "#1"},
				"up": {"uv": [0, 5.25, 0, 0], "texture": "#1"},
				"down": {"uv": [0, 0, 0, 5.25], "texture": "#1"}
			}
		},
		{
			"from": [5.19563, 23.47885, -15],
			"to": [10.77563, 23.47885, 11.04],
			"rotation": {"angle": 45, "axis": "x", "origin": [11.751, 14.86674, 0.32884]},
			"faces": {
				"north": {"uv": [0, 0, 0, 1.75], "rotation": 90, "texture": "#1"},
				"east": {"uv": [0, 0, 0, 5.25], "rotation": 270, "texture": "#1"},
				"south": {"uv": [0, 0, 0, 1.75], "rotation": 270, "texture": "#1"},
				"west": {"uv": [0, 5.25, 0, 0], "rotation": 270, "texture": "#1"},
				"up": {"uv": [0, 0, 5.25, 1.75], "rotation": 270, "texture": "#1"},
				"down": {"uv": [5.25, 0, 0, 1.75], "rotation": 270, "texture": "#1"}
			}
		},
		{
			"from": [5.19563, 17.72885, -15],
			"to": [10.77563, 17.72885, 11.04],
			"rotation": {"angle": 45, "axis": "x", "origin": [11.751, 14.86674, 0.32884]},
			"faces": {
				"north": {"uv": [0, 0, 0, 1.75], "rotation": 90, "texture": "#1"},
				"east": {"uv": [0, 0, 0, 5.25], "rotation": 270, "texture": "#1"},
				"south": {"uv": [0, 0, 0, 1.75], "rotation": 270, "texture": "#1"},
				"west": {"uv": [0, 5.25, 0, 0], "rotation": 270, "texture": "#1"},
				"up": {"uv": [0, 0, 5.25, 1.75], "rotation": 270, "texture": "#1"},
				"down": {"uv": [5.25, 0, 0, 1.75], "rotation": 270, "texture": "#1"}
			}
		}
	],
	"display": {
		"fixed": {
			"rotation": [-90, 0, 0],
			"translation": [0, -13, -14],
			"scale": [2, 2, 2]
		}
	},
	"groups": [
		0,
		1,
		2,
		3,
		4,
		5,
		{
			"name": "bone",
			"origin": [0.05613, 9.59352, -4.47242],
			"color": 0,
			"children": [6, 7, 8, 9, 10, 11, 12, 13, 14, 15, 16, 17, 18, 19, 20]
		}
	]
}