{"credit":"MadewithBlockbench","texture_size":[64,64],"textures":{"0":"glorious:item/office_decoration_v1/office_short_tongue","particle":"glorious:item/office_decoration_v1/office_short_tongue"},"elements":[{"from":[0,0,0],"to":[16,32,16],"faces":{"north":{"uv":[0,0,4,8],"texture":"#0"},"east":{"uv":[4,0,8,8],"texture":"#0"},"south":{"uv":[0,8,4,16],"texture":"#0"},"west":{"uv":[4,0,8,8],"texture":"#0"},"up":{"uv":[8,12,4,8],"texture":"#0"},"down":{"uv":[8,12,4,16],"texture":"#0"}}},{"from":[2,2,-1],"to":[14,11,0],"faces":{"north":{"uv":[8,0,11,2.25],"texture":"#0"},"east":{"uv":[11,0,11.25,2.25],"texture":"#0"},"west":{"uv":[11.25,0,11,2.25],"texture":"#0"},"up":{"uv":[11,2.5,8,2.25],"texture":"#0"},"down":{"uv":[11,2.25,8,2.5],"texture":"#0"}}},{"from":[2,12,-1],"to":[14,21,0],"faces":{"north":{"uv":[8,0,11,2.25],"texture":"#0"},"east":{"uv":[11,0,11.25,2.25],"texture":"#0"},"west":{"uv":[11.25,0,11,2.25],"texture":"#0"},"up":{"uv":[11,2.5,8,2.25],"texture":"#0"},"down":{"uv":[11,2.25,8,2.5],"texture":"#0"}}},{"from":[2,22,-1],"to":[14,31,0],"faces":{"north":{"uv":[8,0,11,2.25],"texture":"#0"},"east":{"uv":[11,0,11.25,2.25],"texture":"#0"},"west":{"uv":[11.25,0,11,2.25],"texture":"#0"},"up":{"uv":[11,2.5,8,2.25],"texture":"#0"},"down":{"uv":[11,2.25,8,2.5],"texture":"#0"}}}],"gui_light":"front","display":{"thirdperson_righthand":{"rotation":[67.5,0,0],"translation":[0,1.75,-0.75],"scale":[0.24797,0.24797,0.24797]},"thirdperson_lefthand":{"rotation":[67.5,0,0],"translation":[0,1.75,-0.75],"scale":[0.24797,0.24797,0.24797]},"firstperson_righthand":{"translation":[-0.25,1.25,1.5],"scale":[0.28914,0.28914,0.28914]},"firstperson_lefthand":{"translation":[-0.25,1.25,1.5],"scale":[0.28914,0.28914,0.28914]},"ground":{"translation":[0.75,4.75,0],"scale":[0.4082,0.4082,0.4082]},"gui":{"rotation":[30,225,0],"translation":[0,-2.75,0],"scale":[0.35367,0.35367,0.35367]},"head":{"rotation":[0,180,0],"translation":[0,-30.25,0],"scale":[0,0,0]},"fixed":{"rotation":[-90,0,0],"translation":[0,0,-16],"scale":[2,2,2]}}}