{"groups":[{"name":"apples","origin":[5.5,7,4],"color":0,"children":[0,1,2,3]}],"texture_size":[64,64],"textures":{"1":"custom/blocks/rizaan/village/food_crate_1_default"},"elements":[{"from":[8,0,8.5],"to":[12,4,12.5],"rotation":{"angle":22.5,"axis":"y","origin":[10,2,10.5]},"faces":{"north":{"uv":[1.25,6.125,2.25,7.125],"texture":"#1"},"east":{"uv":[1.25,7.25,2.25,8.25],"texture":"#1"},"south":{"uv":[1.25,6.125,2.25,7.125],"texture":"#1"},"west":{"uv":[1.25,8.375,2.25,9.375],"texture":"#1"},"up":{"uv":[1.25,6.125,2.25,7.125],"texture":"#1"},"down":{"uv":[1.25,6.125,2.25,7.125],"texture":"#1"}}},{"from":[2.5,-1,10],"to":[6.5,3,14],"rotation":{"angle":45,"axis":"x","origin":[5.5,2,12]},"faces":{"north":{"uv":[0.125,6.125,1.125,7.125],"rotation":270,"texture":"#1"},"east":{"uv":[0.125,6.125,1.125,7.125],"rotation":270,"texture":"#1"},"south":{"uv":[0.125,6.125,1.125,7.125],"rotation":270,"texture":"#1"},"west":{"uv":[0.125,6.125,1.125,7.125],"rotation":270,"texture":"#1"},"up":{"uv":[0.125,7.25,1.125,8.25],"rotation":270,"texture":"#1"},"down":{"uv":[0.125,8.375,1.125,9.375],"rotation":270,"texture":"#1"}}},{"from":[3.5,0,3.625],"to":[7.5,4,7.625],"rotation":{"angle":22.5,"axis":"y","origin":[5.5,3,5.625]},"faces":{"north":{"uv":[0.125,6.125,1.125,7.125],"rotation":270,"texture":"#1"},"east":{"uv":[0.125,6.125,1.125,7.125],"rotation":270,"texture":"#1"},"south":{"uv":[0.125,6.125,1.125,7.125],"rotation":270,"texture":"#1"},"west":{"uv":[0.125,6.125,1.125,7.125],"rotation":270,"texture":"#1"},"up":{"uv":[0.125,7.25,1.125,8.25],"rotation":270,"texture":"#1"},"down":{"uv":[0.125,8.375,1.125,9.375],"rotation":270,"texture":"#1"}}},{"from":[9,0,2.5],"to":[13,4,6.5],"rotation":{"angle":22.5,"axis":"x","origin":[11,2,4.5]},"faces":{"north":{"uv":[1.25,6.125,2.25,7.125],"rotation":270,"texture":"#1"},"east":{"uv":[1.25,6.125,2.25,7.125],"rotation":270,"texture":"#1"},"south":{"uv":[1.25,6.125,2.25,7.125],"rotation":270,"texture":"#1"},"west":{"uv":[1.25,6.125,2.25,7.125],"rotation":270,"texture":"#1"},"up":{"uv":[1.25,7.25,2.25,8.25],"rotation":270,"texture":"#1"},"down":{"uv":[1.25,8.375,2.25,9.375],"rotation":270,"texture":"#1"}}}],"gui_light":"front","display":{"thirdperson_righthand":{"rotation":[75,45,0],"translation":[0,2.5,2.5],"scale":[0.375,0.375,0.375]},"thirdperson_lefthand":{"rotation":[75,45,0],"translation":[0,2.5,2.25],"scale":[0.375,0.375,0.375]},"firstperson_righthand":{"rotation":[0,45,0],"translation":[0,3,0],"scale":[0.4,0.4,0.4]},"firstperson_lefthand":{"rotation":[0,225,0],"translation":[0,3,0],"scale":[0.4,0.4,0.4]},"ground":{"translation":[0,0.75,0],"scale":[0.5,0.5,0.5]},"gui":{"rotation":[30,225,0],"translation":[0,4,0]},"fixed":{"rotation":[-90,0,0],"translation":[0,0,-15],"scale":[2,2,2]}}}