{
	"credit": "Made with Blockbench",
	"texture_size": [32, 32],
	"textures": {
		"2": "glorious:item/messy_room/trash_bag",
		"particle": "glorious:item/messy_room/trash_bag"
	},
	"elements": [
		{
			"from": [4, 7, 4],
			"to": [12, 10, 12],
			"faces": {
				"north": {"uv": [10, 8, 14, 9.5], "texture": "#2"},
				"east": {"uv": [10, 9.5, 14, 11], "texture": "#2"},
				"south": {"uv": [5, 10.5, 9, 12], "texture": "#2"},
				"west": {"uv": [9, 11, 13, 12.5], "texture": "#2"},
				"up": {"uv": [14, 4, 10, 0], "texture": "#2"},
				"down": {"uv": [14, 4, 10, 8], "texture": "#2"}
			}
		},
		{
			"from": [7, 9, 7],
			"to": [9, 11, 9],
			"rotation": {"angle": 45, "axis": "z", "origin": [8, 10, 8]},
			"faces": {
				"north": {"uv": [11, 12.5, 12, 13.5], "texture": "#2"},
				"east": {"uv": [12, 12.5, 13, 13.5], "texture": "#2"},
				"south": {"uv": [5, 13, 6, 14], "texture": "#2"},
				"west": {"uv": [6, 13, 7, 14], "texture": "#2"},
				"up": {"uv": [8, 14, 7, 13], "texture": "#2"},
				"down": {"uv": [14, 11, 13, 12], "texture": "#2"}
			}
		},
		{
			"from": [5, 9, 7.5],
			"to": [8, 11, 8.5],
			"rotation": {"angle": -22.5, "axis": "z", "origin": [7, 10.5, 8]},
			"faces": {
				"north": {"uv": [5, 12, 6.5, 13], "texture": "#2"},
				"east": {"uv": [1.5, 13.5, 2, 14.5], "texture": "#2"},
				"south": {"uv": [6.5, 12, 8, 13], "texture": "#2"},
				"west": {"uv": [2, 13.5, 2.5, 14.5], "texture": "#2"},
				"up": {"uv": [14.5, 12.5, 13, 12], "texture": "#2"},
				"down": {"uv": [14.5, 12.5, 13, 13], "texture": "#2"}
			}
		},
		{
			"from": [8, 9, 7.5],
			"to": [11, 11, 8.5],
			"rotation": {"angle": 22.5, "axis": "z", "origin": [9, 10.5, 8]},
			"faces": {
				"north": {"uv": [8, 12.5, 9.5, 13.5], "texture": "#2"},
				"east": {"uv": [2.5, 13.5, 3, 14.5], "texture": "#2"},
				"south": {"uv": [9.5, 12.5, 11, 13.5], "texture": "#2"},
				"west": {"uv": [3, 13.5, 3.5, 14.5], "texture": "#2"},
				"up": {"uv": [14.5, 13.5, 13, 13], "texture": "#2"},
				"down": {"uv": [1.5, 13.5, 0, 14], "texture": "#2"}
			}
		},
		{
			"from": [3, 0, 3],
			"to": [13, 7, 13],
			"faces": {
				"north": {"uv": [5, 0, 10, 3.5], "texture": "#2"},
				"east": {"uv": [5, 3.5, 10, 7], "texture": "#2"},
				"south": {"uv": [5, 7, 10, 10.5], "texture": "#2"},
				"west": {"uv": [0, 10, 5, 13.5], "texture": "#2"},
				"up": {"uv": [5, 5, 0, 0], "texture": "#2"},
				"down": {"uv": [5, 5, 0, 10], "texture": "#2"}
			}
		}
	],
	"display": {
		"thirdperson_righthand": {
			"rotation": [75, 45, 0],
			"translation": [0, 2.5, 0],
			"scale": [0.375, 0.375, 0.375]
		},
		"thirdperson_lefthand": {
			"rotation": [75, 45, 0],
			"translation": [0, 2.5, 0],
			"scale": [0.375, 0.375, 0.375]
		},
		"firstperson_righthand": {
			"rotation": [0, 45, 0],
			"scale": [0.4, 0.4, 0.4]
		},
		"firstperson_lefthand": {
			"rotation": [0, 225, 0],
			"scale": [0.4, 0.4, 0.4]
		},
		"ground": {
			"translation": [0, 3, 0],
			"scale": [0.25, 0.25, 0.25]
		},
		"gui": {
			"rotation": [30, 225, 0],
			"scale": [0.625, 0.625, 0.625]
		},
		"fixed": {
			"rotation": [-90, 0, 0],
			"translation": [0, 0, -16],
			"scale": [2, 2, 2]
		}
	}
}