{"textures":{"0":"glorious:entity/nocsy_cat1"},"elements":[{"from":[7.4,5.7726254,7.3454614],"to":[8.942857,8.45834,8.888319],"rotation":{"angle":0.0,"axis":"y","origin":[8.171429,6.342857,8.285714]},"faces":{"east":{"uv":[5.125,5.0,4.75,5.625],"rotation":0,"texture":"#0","tintindex":0},"south":{"uv":[4.625,5.0,4.25,5.625],"rotation":0,"texture":"#0","tintindex":0},"north":{"uv":[1.25,1.5,0.875,2.125],"rotation":0,"texture":"#0","tintindex":0},"west":{"uv":[1.25,5.0,0.875,5.625],"rotation":0,"texture":"#0","tintindex":0},"up":{"uv":[6.25,4.625,6.625,4.25],"rotation":0,"texture":"#0","tintindex":0},"down":{"uv":[5.5,6.25,5.875,6.625],"rotation":0,"texture":"#0","tintindex":0}}}],"display":{"head":{"translation":[0.0,-6.4,0.0],"scale":[4.0,4.0,4.0]}}}