{"textures":{"0":"glorious:entity/nocsy_cat2"},"elements":[{"from":[7.142857,7.0346484,7.2448263],"to":[8.857143,8.1775055,8.959112],"rotation":{"angle":0.0,"axis":"y","origin":[5.428571,5.2060766,10.159112]},"faces":{"east":{"uv":[11.25,9.25,12.0,9.75],"rotation":0,"texture":"#0","tintindex":0},"south":{"uv":[11.25,10.0,12.0,10.5],"rotation":0,"texture":"#0","tintindex":0},"north":{"uv":[11.25,8.5,12.0,9.0],"rotation":0,"texture":"#0","tintindex":0},"west":{"uv":[10.75,11.25,11.5,11.75],"rotation":0,"texture":"#0","tintindex":0},"up":{"uv":[11.0,9.5,10.25,8.75],"rotation":0,"texture":"#0","tintindex":0},"down":{"uv":[11.0,9.75,10.25,10.5],"rotation":0,"texture":"#0","tintindex":0}}}],"display":{"head":{"translation":[0.0,-6.4,0.0],"scale":[4.0,4.0,4.0]}}}