{"textures":{"0":"glorious:entity/nocsy_cat2"},"elements":[{"from":[7.0571427,6.572625,7.3973956],"to":[8.6,8.686912,8.940253],"rotation":{"angle":0.0,"axis":"y","origin":[7.8285713,7.142857,8.0]},"faces":{"east":{"uv":[6.5,9.25,7.25,10.25],"rotation":0,"texture":"#0","tintindex":0},"south":{"uv":[0.0,9.5,0.75,10.5],"rotation":0,"texture":"#0","tintindex":0},"north":{"uv":[9.25,5.0,10.0,6.0],"rotation":0,"texture":"#0","tintindex":0},"west":{"uv":[9.5,0.0,10.25,1.0],"rotation":0,"texture":"#0","tintindex":0},"up":{"uv":[11.0,5.75,10.25,5.0],"rotation":0,"texture":"#0","tintindex":0},"down":{"uv":[6.25,10.25,5.5,11.0],"rotation":0,"texture":"#0","tintindex":0}}}],"display":{"head":{"translation":[0.0,-6.4,0.0],"scale":[4.0,4.0,4.0]}}}