{
	"credit": "Made with Blockbench",
	"textures": {
		"0": "glorious:item/empowered_glorious_set/staff",
		"1": "glorious:item/empowered_glorious_set/eff_01",
		"particle": "glorious:item/empowered_glorious_set/staff"
	},
	"elements": [
		{
			"from": [7.5, -8.5, 7.5],
			"to": [8.5, 1.5, 8.5],
			"rotation": {"angle": 0, "axis": "y", "origin": [8, -4, 8]},
			"faces": {
				"north": {"uv": [7.5, 0, 8, 5], "texture": "#0"},
				"east": {"uv": [7.5, 5, 8, 10], "texture": "#0"},
				"south": {"uv": [8, 0, 8.5, 5], "texture": "#0"},
				"west": {"uv": [8, 5, 8.5, 10], "texture": "#0"},
				"up": {"uv": [10, 8, 9.5, 7.5], "texture": "#0"},
				"down": {"uv": [10.5, 8.5, 10, 9], "texture": "#0"}
			}
		},
		{
			"from": [7.5, 1.5, 7.5],
			"to": [8.5, 11.5, 8.5],
			"rotation": {"angle": 0, "axis": "y", "origin": [8, -4, 8]},
			"faces": {
				"north": {"uv": [7.5, 0, 8, 5], "texture": "#0"},
				"east": {"uv": [7.5, 5, 8, 10], "texture": "#0"},
				"south": {"uv": [8, 0, 8.5, 5], "texture": "#0"},
				"west": {"uv": [8, 5, 8.5, 10], "texture": "#0"},
				"up": {"uv": [10, 8, 9.5, 7.5], "texture": "#0"},
				"down": {"uv": [10.5, 8.5, 10, 9], "texture": "#0"}
			}
		},
		{
			"from": [8, 13.009, 3.31086],
			"to": [8, 28.009, 12.31086],
			"rotation": {"angle": -22.5, "axis": "x", "origin": [8, 19.29715, 6.26097]},
			"faces": {
				"north": {"uv": [0, 7.5, 0, 0], "texture": "#0"},
				"east": {"uv": [0, 4.5, 7.5, 9], "rotation": 90, "texture": "#0"},
				"south": {"uv": [0, 0, 0, 7.5], "rotation": 180, "texture": "#0"},
				"west": {"uv": [0, 0, 7.5, 4.5], "rotation": 270, "texture": "#0"},
				"up": {"uv": [0, 0, 0, 4.5], "texture": "#0"},
				"down": {"uv": [0, 0, 0, 4.5], "rotation": 180, "texture": "#0"}
			}
		},
		{
			"from": [7.505, 10.78033, 6.76256],
			"to": [8.495, 14.03033, 7.76256],
			"rotation": {"angle": -45, "axis": "x", "origin": [8.005, 12.03033, 7.26256]},
			"faces": {
				"north": {"uv": [8.5, 6, 9, 7.5], "texture": "#0"},
				"east": {"uv": [8.5, 7.5, 9, 9], "texture": "#0"},
				"south": {"uv": [0, 9, 0.5, 10.5], "texture": "#0"},
				"west": {"uv": [0.5, 9, 1, 10.5], "texture": "#0"},
				"up": {"uv": [6, 12, 5.5, 11.5], "texture": "#0"},
				"down": {"uv": [7, 11.5, 6.5, 12], "texture": "#0"}
			}
		},
		{
			"from": [7.5, 10.5, 8.7],
			"to": [8.5, 12.5, 9.7],
			"rotation": {"angle": 0, "axis": "y", "origin": [8, 12, 9.2]},
			"faces": {
				"north": {"uv": [4, 10.5, 4.5, 11.5], "texture": "#0"},
				"east": {"uv": [10.5, 4, 11, 5], "texture": "#0"},
				"south": {"uv": [4.5, 10.5, 5, 11.5], "texture": "#0"},
				"west": {"uv": [5, 10.5, 5.5, 11.5], "texture": "#0"},
				"up": {"uv": [7.5, 12, 7, 11.5], "texture": "#0"},
				"down": {"uv": [12, 7, 11.5, 7.5], "texture": "#0"}
			}
		},
		{
			"from": [7.5, 13.91421, 10.52843],
			"to": [8.5, 15.91421, 11.52843],
			"rotation": {"angle": 0, "axis": "y", "origin": [8, 15.41421, 11.02843]},
			"faces": {
				"north": {"uv": [5.5, 10.5, 6, 11.5], "texture": "#0"},
				"east": {"uv": [10.5, 6, 11, 7], "texture": "#0"},
				"south": {"uv": [6.5, 10.5, 7, 11.5], "texture": "#0"},
				"west": {"uv": [7, 10.5, 7.5, 11.5], "texture": "#0"},
				"up": {"uv": [8, 12, 7.5, 11.5], "texture": "#0"},
				"down": {"uv": [12, 7.5, 11.5, 8], "texture": "#0"}
			}
		},
		{
			"from": [7.505, 11.85355, 9.26066],
			"to": [8.495, 14.85355, 10.26066],
			"rotation": {"angle": 45, "axis": "x", "origin": [8.005, 12.85355, 9.76066]},
			"faces": {
				"north": {"uv": [1, 9, 1.5, 10.5], "texture": "#0"},
				"east": {"uv": [1.5, 9, 2, 10.5], "texture": "#0"},
				"south": {"uv": [2, 9, 2.5, 10.5], "texture": "#0"},
				"west": {"uv": [2.5, 9, 3, 10.5], "texture": "#0"},
				"up": {"uv": [8.5, 12, 8, 11.5], "texture": "#0"},
				"down": {"uv": [12, 8, 11.5, 8.5], "texture": "#0"}
			}
		},
		{
			"from": [7.505, 17.18112, 5.06543],
			"to": [8.495, 20.18112, 6.06543],
			"rotation": {"angle": -22.5, "axis": "x", "origin": [8, 19.29715, 6.26097]},
			"faces": {
				"north": {"uv": [7.5, 9, 7, 10.5], "rotation": 180, "texture": "#0"},
				"east": {"uv": [11, 5, 9.5, 5.5], "rotation": 90, "texture": "#0"},
				"south": {"uv": [6.5, 11, 6, 9.5], "texture": "#0"},
				"west": {"uv": [11, 5.5, 9.5, 6], "rotation": 270, "texture": "#0"},
				"up": {"uv": [5, 12.5, 5.5, 12], "rotation": 180, "texture": "#0"},
				"down": {"uv": [12, 5.5, 12.5, 5], "texture": "#0"}
			}
		},
		{
			"from": [7.5, 19.07683, 4.79054],
			"to": [8.5, 21.07683, 5.79054],
			"rotation": {"angle": 22.5, "axis": "x", "origin": [8, 19.29715, 6.26097]},
			"faces": {
				"north": {"uv": [10.5, 11, 10, 12], "rotation": 180, "texture": "#0"},
				"east": {"uv": [12, 10.5, 11, 11], "rotation": 90, "texture": "#0"},
				"south": {"uv": [0.5, 12.5, 0, 11.5], "texture": "#0"},
				"west": {"uv": [12, 11, 11, 11.5], "rotation": 270, "texture": "#0"},
				"up": {"uv": [12, 4.5, 12.5, 4], "rotation": 180, "texture": "#0"},
				"down": {"uv": [4.5, 12.5, 5, 12], "texture": "#0"}
			}
		},
		{
			"from": [7.5, 13.09099, 5.4948],
			"to": [8.5, 14.34099, 6.4948],
			"rotation": {"angle": 0, "axis": "y", "origin": [8, 13.59099, 5.9948]},
			"faces": {
				"north": {"uv": [11.5, 1.5, 12, 2.25], "texture": "#0"},
				"east": {"uv": [2, 11.5, 2.5, 12.25], "texture": "#0"},
				"south": {"uv": [2.5, 11.5, 3, 12.25], "texture": "#0"},
				"west": {"uv": [11.5, 2.5, 12, 3.25], "texture": "#0"},
				"up": {"uv": [12, 9, 11.5, 8.5], "texture": "#0"},
				"down": {"uv": [12, 9, 11.5, 9.5], "texture": "#0"}
			}
		},
		{
			"from": [7.505, 13.40165, 6.76256],
			"to": [8.495, 16.40165, 7.76256],
			"rotation": {"angle": 45, "axis": "x", "origin": [8.005, 15.40165, 7.26256]},
			"faces": {
				"north": {"uv": [3, 9, 3.5, 10.5], "texture": "#0"},
				"east": {"uv": [3.5, 9, 4, 10.5], "texture": "#0"},
				"south": {"uv": [4, 9, 4.5, 10.5], "texture": "#0"},
				"west": {"uv": [4.5, 9, 5, 10.5], "texture": "#0"},
				"up": {"uv": [12, 10, 11.5, 9.5], "texture": "#0"},
				"down": {"uv": [12, 10, 11.5, 10.5], "texture": "#0"}
			}
		},
		{
			"from": [7.5, 15.7552, 7.32322],
			"to": [8.5, 17.7552, 8.32322],
			"rotation": {"angle": 0, "axis": "y", "origin": [8, 16.2552, 7.82322]},
			"faces": {
				"north": {"uv": [10.5, 8.5, 11, 9.5], "texture": "#0"},
				"east": {"uv": [10.5, 9.5, 11, 10.5], "texture": "#0"},
				"south": {"uv": [10.5, 10.5, 11, 11.5], "texture": "#0"},
				"west": {"uv": [11, 4, 11.5, 5], "texture": "#0"},
				"up": {"uv": [11, 12, 10.5, 11.5], "texture": "#0"},
				"down": {"uv": [11.5, 11.5, 11, 12], "texture": "#0"}
			}
		},
		{
			"from": [7.55, -11.95876, 7.71612],
			"to": [8.45, -11.05876, 9.71612],
			"rotation": {"angle": 0, "axis": "y", "origin": [8.05, -10.45876, 7.21612]},
			"faces": {
				"north": {"uv": [11.5, 11.5, 12, 12], "texture": "#0"},
				"east": {"uv": [10.5, 7, 11.5, 7.5], "texture": "#0"},
				"south": {"uv": [0.5, 12, 1, 12.5], "texture": "#0"},
				"west": {"uv": [11, 5, 12, 5.5], "texture": "#0"},
				"up": {"uv": [11.5, 6.5, 11, 5.5], "texture": "#0"},
				"down": {"uv": [6.5, 11, 6, 12], "texture": "#0"}
			}
		},
		{
			"from": [7.605, -12.78302, 7.72617],
			"to": [8.395, -11.98302, 9.72617],
			"rotation": {"angle": -45, "axis": "x", "origin": [8.005, -12.38302, 8.72617]},
			"faces": {
				"north": {"uv": [12, 0.5, 12.5, 1], "texture": "#0"},
				"east": {"uv": [11, 6.5, 12, 7], "texture": "#0"},
				"south": {"uv": [1, 12, 1.5, 12.5], "texture": "#0"},
				"west": {"uv": [7.5, 11, 8.5, 11.5], "texture": "#0"},
				"up": {"uv": [11.5, 8.5, 11, 7.5], "texture": "#0"},
				"down": {"uv": [9, 11, 8.5, 12], "texture": "#0"}
			}
		},
		{
			"from": [7.6, -14.57809, 8.08845],
			"to": [8.4, -12.57809, 8.88845],
			"rotation": {"angle": -22.5, "axis": "x", "origin": [8, -13.57809, 8.48845]},
			"faces": {
				"north": {"uv": [11, 8.5, 11.5, 9.5], "texture": "#0"},
				"east": {"uv": [9, 11, 9.5, 12], "texture": "#0"},
				"south": {"uv": [9.5, 11, 10, 12], "texture": "#0"},
				"west": {"uv": [11, 9.5, 11.5, 10.5], "texture": "#0"},
				"up": {"uv": [12.5, 1.5, 12, 1], "texture": "#0"},
				"down": {"uv": [12.5, 1.5, 12, 2], "texture": "#0"}
			}
		},
		{
			"from": [7.45, -11.75165, 5.21612],
			"to": [8.55, -10.65165, 8.21612],
			"rotation": {"angle": 45, "axis": "x", "origin": [8.05, -11.25165, 7.71612]},
			"faces": {
				"north": {"uv": [12, 2, 12.5, 2.5], "texture": "#0"},
				"east": {"uv": [5, 9, 6.5, 9.5], "texture": "#0"},
				"south": {"uv": [12, 2.5, 12.5, 3], "texture": "#0"},
				"west": {"uv": [9, 6, 10.5, 6.5], "texture": "#0"},
				"up": {"uv": [7, 10.5, 6.5, 9], "texture": "#0"},
				"down": {"uv": [9.5, 6.5, 9, 8], "texture": "#0"}
			}
		},
		{
			"from": [7.375, -10.51421, 5.62868],
			"to": [8.625, -7.41421, 6.87868],
			"rotation": {"angle": 45, "axis": "x", "origin": [8.125, -9.91421, 6.37868]},
			"faces": {
				"north": {"uv": [8.5, 0, 9.25, 1.5], "texture": "#0"},
				"east": {"uv": [8.5, 1.5, 9.25, 3], "texture": "#0"},
				"south": {"uv": [8.5, 3, 9.25, 4.5], "texture": "#0"},
				"west": {"uv": [8.5, 4.5, 9.25, 6], "texture": "#0"},
				"up": {"uv": [9.25, 10.75, 8.5, 10], "texture": "#0"},
				"down": {"uv": [10.25, 10, 9.5, 10.75], "texture": "#0"}
			}
		},
		{
			"from": [7.375, -10.41421, 7.87868],
			"to": [8.625, -8.66421, 9.62868],
			"rotation": {"angle": 45, "axis": "x", "origin": [8.125, -9.81421, 8.37868]},
			"faces": {
				"north": {"uv": [9, 8, 9.75, 8.75], "texture": "#0"},
				"east": {"uv": [8.5, 9, 9.25, 9.75], "texture": "#0"},
				"south": {"uv": [9.5, 0, 10.25, 0.75], "texture": "#0"},
				"west": {"uv": [9.5, 1, 10.25, 1.75], "texture": "#0"},
				"up": {"uv": [0.75, 11.25, 0, 10.5], "texture": "#0"},
				"down": {"uv": [11.25, 0, 10.5, 0.75], "texture": "#0"}
			}
		},
		{
			"from": [7.375, 12.98579, 7.87868],
			"to": [8.625, 14.73579, 9.62868],
			"rotation": {"angle": 45, "axis": "x", "origin": [8.125, 14.58579, 8.37868]},
			"faces": {
				"north": {"uv": [9.5, 2, 10.25, 2.75], "texture": "#0"},
				"east": {"uv": [9.5, 3, 10.25, 3.75], "texture": "#0"},
				"south": {"uv": [9.5, 4, 10.25, 4.75], "texture": "#0"},
				"west": {"uv": [5, 9.5, 5.75, 10.25], "texture": "#0"},
				"up": {"uv": [1.75, 11.25, 1, 10.5], "texture": "#0"},
				"down": {"uv": [11.25, 1, 10.5, 1.75], "texture": "#0"}
			}
		},
		{
			"from": [7.375, 16.7193, 6.60639],
			"to": [8.625, 17.9693, 7.85639],
			"rotation": {"angle": 22.5, "axis": "x", "origin": [8, 19.29715, 6.26097]},
			"faces": {
				"north": {"uv": [3, 11.5, 3.5, 12.25], "texture": "#0"},
				"east": {"uv": [2, 10.5, 2.75, 11.25], "texture": "#0"},
				"south": {"uv": [3.5, 11.5, 4, 12.25], "texture": "#0"},
				"west": {"uv": [10.5, 2, 11.25, 2.75], "texture": "#0"},
				"up": {"uv": [12, 4.25, 11.5, 3.5], "texture": "#0"},
				"down": {"uv": [4.5, 11.5, 4, 12.25], "texture": "#0"}
			}
		},
		{
			"from": [7.375, 14.98579, 10.12868],
			"to": [8.625, 15.73579, 10.87868],
			"rotation": {"angle": 45, "axis": "x", "origin": [8.125, 16.58579, 9.62868]},
			"faces": {
				"north": {"uv": [4.5, 11.5, 5.25, 12], "texture": "#0"},
				"east": {"uv": [12, 3, 12.5, 3.5], "texture": "#0"},
				"south": {"uv": [11.5, 4.5, 12.25, 5], "texture": "#0"},
				"west": {"uv": [12, 3.5, 12.5, 4], "texture": "#0"},
				"up": {"uv": [12.25, 6, 11.5, 5.5], "texture": "#0"},
				"down": {"uv": [12.25, 6, 11.5, 6.5], "texture": "#0"}
			}
		},
		{
			"from": [8, 14.5, 5.25],
			"to": [8, 24.5, 15.25],
			"rotation": {"angle": 0, "axis": "y", "origin": [8, 18.25, 8.75]},
			"faces": {
				"north": {"uv": [0, 0, 0, 9], "texture": "#1"},
				"east": {"uv": [0, 0, 16, 16], "texture": "#1"},
				"south": {"uv": [0, 0, 0, 9], "texture": "#1"},
				"west": {"uv": [0, 0, 16, 16], "texture": "#1"},
				"up": {"uv": [0, 15, 0, 0], "texture": "#1"},
				"down": {"uv": [0, 0, 0, 15], "texture": "#1"}
			}
		},
		{
			"from": [8, 11.75, 5.25],
			"to": [8, 18.75, 12.25],
			"rotation": {"angle": -45, "axis": "x", "origin": [8, 15.25, 8.75]},
			"faces": {
				"north": {"uv": [0, 0, 0, 9], "texture": "#1"},
				"east": {"uv": [0, 0, 16, 16], "texture": "#1"},
				"south": {"uv": [0, 0, 0, 9], "texture": "#1"},
				"west": {"uv": [0, 0, 16, 16], "texture": "#1"},
				"up": {"uv": [0, 15, 0, 0], "texture": "#1"},
				"down": {"uv": [0, 0, 0, 15], "texture": "#1"}
			}
		}
	],
	"gui_light": "front",
	"display": {
		"thirdperson_righthand": {
			"rotation": [46, 30.74, 7.34],
			"translation": [0, 1.5, 4],
			"scale": [0.7707, 0.7707, 0.7707]
		},
		"thirdperson_lefthand": {
			"rotation": [46, 30.74, 7.34],
			"translation": [0, 1.5, 4],
			"scale": [0.7707, 0.7707, 0.7707]
		},
		"firstperson_righthand": {
			"rotation": [-5.64, -2.33, 5.8],
			"translation": [20.25, -5, -15.75],
			"scale": [1.8332, 1.8332, 1.8332]
		},
		"firstperson_lefthand": {
			"rotation": [-5.64, -2.33, 5.8],
			"translation": [20.25, -5, -15.75],
			"scale": [1.8332, 1.8332, 1.8332]
		},
		"ground": {
			"rotation": [21.14, -2.68, -82.96],
			"translation": [1.75, 0.75, 0],
			"scale": [0.87891, 0.87891, 0.87891]
		},
		"gui": {
			"rotation": [-90, -45, -90],
			"translation": [0, 0.5, 0],
			"scale": [0.44648, 0.44648, 0.44648]
		},
		"head": {
			"scale": [0, 0, 0]
		},
		"fixed": {
			"rotation": [-90, 90, 90],
			"translation": [-0.25, 4.75, -2.25],
			"scale": [1.6, 1.6, 1.6]
		}
	},
	"groups": [
		{
			"name": "staff",
			"origin": [8, 8.25, 8.75],
			"color": 0,
			"nbt": "{}",
			"armAnimationEnabled": false,
			"children": [0, 1, 2, 3, 4, 5, 6, 7, 8, 9, 10, 11, 12, 13, 14, 15, 16, 17, 18, 19, 20, 21, 22]
		}
	]
}