{"textures":{"0":"glorious:entity/nocsy_cat4"},"elements":[{"from":[7.4,5.7726254,7.3454614],"to":[8.942857,8.45834,8.888319],"rotation":{"angle":0.0,"axis":"y","origin":[8.171429,6.342857,8.285714]},"faces":{"east":{"uv":[2.0,9.75,2.75,11.0],"rotation":0,"texture":"#0","tintindex":0},"south":{"uv":[3.0,9.75,3.75,11.0],"rotation":0,"texture":"#0","tintindex":0},"north":{"uv":[1.0,9.75,1.75,11.0],"rotation":0,"texture":"#0","tintindex":0},"west":{"uv":[4.0,9.75,4.75,11.0],"rotation":0,"texture":"#0","tintindex":0},"up":{"uv":[12.25,8.25,11.5,7.5],"rotation":0,"texture":"#0","tintindex":0},"down":{"uv":[12.25,8.5,11.5,9.25],"rotation":0,"texture":"#0","tintindex":0}}}],"display":{"head":{"translation":[0.0,-6.4,0.0],"scale":[4.0,4.0,4.0]}}}