{"textures":{"0":"glorious:entity/nocsy_cat4"},"elements":[{"from":[7.0571427,6.572625,7.3973956],"to":[8.6,8.686912,8.940253],"rotation":{"angle":0.0,"axis":"y","origin":[7.8285713,7.142857,8.0]},"faces":{"east":{"uv":[0.0,10.0,0.75,11.0],"rotation":0,"texture":"#0","tintindex":0},"south":{"uv":[10.25,7.0,11.0,8.0],"rotation":0,"texture":"#0","tintindex":0},"north":{"uv":[5.0,9.75,5.75,10.75],"rotation":0,"texture":"#0","tintindex":0},"west":{"uv":[10.25,9.5,11.0,10.5],"rotation":0,"texture":"#0","tintindex":0},"up":{"uv":[0.75,12.0,0.0,11.25],"rotation":0,"texture":"#0","tintindex":0},"down":{"uv":[12.0,0.0,11.25,0.75],"rotation":0,"texture":"#0","tintindex":0}}}],"display":{"head":{"translation":[0.0,-6.4,0.0],"scale":[4.0,4.0,4.0]}}}