{"textures":{"0":"glorious:entity/nocsy_cat4"},"elements":[{"from":[7.142857,7.142857,7.428571],"to":[8.857143,8.857143,10.285714],"rotation":{"angle":0.0,"axis":"y","origin":[8.0,8.0,9.428572]},"faces":{"east":{"uv":[9.5,1.0,10.75,1.75],"rotation":0,"texture":"#0","tintindex":0},"south":{"uv":[7.0,11.0,7.75,11.75],"rotation":0,"texture":"#0","tintindex":0},"north":{"uv":[6.0,11.0,6.75,11.75],"rotation":0,"texture":"#0","tintindex":0},"west":{"uv":[9.5,3.0,10.75,3.75],"rotation":0,"texture":"#0","tintindex":0},"up":{"uv":[10.25,5.25,9.5,4.0],"rotation":0,"texture":"#0","tintindex":0},"down":{"uv":[10.25,5.5,9.5,6.75],"rotation":0,"texture":"#0","tintindex":0}}}],"display":{"head":{"translation":[0.0,-6.4,0.0],"scale":[4.0,4.0,4.0]}}}