{
	"credit": "Made with Blockbench",
	"textures": {
		"0": "block/oak_log",
		"1": "block/oak_log_top",
		"particle": "block/oak_log"
	},
	"elements": [
		{
			"from": [11, 0, 9],
			"to": [17, 1, 13],
			"rotation": {"angle": 0, "axis": "y", "origin": [-1, 0, 1]},
			"faces": {
				"north": {"uv": [0, 0, 4, 1], "texture": "#0"},
				"east": {"uv": [3, 1, 7, 2], "texture": "#1"},
				"south": {"uv": [0, 0, 4, 1], "texture": "#0"},
				"west": {"uv": [0, 0, 4, 1], "texture": "#1"},
				"up": {"uv": [0, 0, 4, 6], "rotation": 90, "texture": "#0"},
				"down": {"uv": [0, 0, 4, 6], "rotation": 90, "texture": "#0"}
			}
		},
		{
			"from": [-5, 0, 9],
			"to": [11, 1, 13],
			"rotation": {"angle": 0, "axis": "y", "origin": [-1, 0, 1]},
			"faces": {
				"north": {"uv": [1, 0, 2, 16], "rotation": 270, "texture": "#0"},
				"east": {"uv": [0, 0, 4, 1], "texture": "#1"},
				"south": {"uv": [1, 0, 2, 16], "rotation": 270, "texture": "#0"},
				"west": {"uv": [6, 1, 10, 2], "texture": "#1"},
				"up": {"uv": [0, 0, 4, 16], "rotation": 90, "texture": "#0"},
				"down": {"uv": [0, 0, 4, 16], "rotation": 90, "texture": "#0"}
			}
		},
		{
			"from": [14, 0, 4],
			"to": [20, 1, 8],
			"rotation": {"angle": 0, "axis": "y", "origin": [0, 0, 1]},
			"faces": {
				"north": {"uv": [12, 0, 16, 1], "texture": "#0"},
				"east": {"uv": [4, 6, 8, 7], "texture": "#1"},
				"south": {"uv": [12, 0, 16, 1], "texture": "#0"},
				"west": {"uv": [12, 0, 16, 1], "texture": "#1"},
				"up": {"uv": [12, 0, 16, 6], "rotation": 90, "texture": "#0"},
				"down": {"uv": [12, 0, 16, 6], "rotation": 90, "texture": "#0"}
			}
		},
		{
			"from": [-2, 0, 4],
			"to": [14, 1, 8],
			"rotation": {"angle": 0, "axis": "y", "origin": [0, 0, 1]},
			"faces": {
				"north": {"uv": [13, 0, 14, 16], "rotation": 270, "texture": "#0"},
				"east": {"uv": [12, 0, 16, 1], "texture": "#1"},
				"south": {"uv": [13, 0, 14, 16], "rotation": 270, "texture": "#0"},
				"west": {"uv": [7, 1, 11, 2], "texture": "#1"},
				"up": {"uv": [12, 0, 16, 16], "rotation": 90, "texture": "#0"},
				"down": {"uv": [12, 0, 16, 16], "rotation": 90, "texture": "#0"}
			}
		},
		{
			"from": [-4, 1, 0],
			"to": [2, 2, 4],
			"rotation": {"angle": 22.5, "axis": "y", "origin": [22, 0, 2]},
			"faces": {
				"north": {"uv": [16, 0, 12, 1], "texture": "#0"},
				"east": {"uv": [16, 0, 12, 1], "texture": "#1"},
				"south": {"uv": [16, 0, 12, 1], "texture": "#0"},
				"west": {"uv": [8, 6, 4, 7], "texture": "#1"},
				"up": {"uv": [12, 6, 16, 0], "rotation": 90, "texture": "#0"},
				"down": {"uv": [12, 6, 16, 0], "rotation": 90, "texture": "#0"}
			}
		},
		{
			"from": [2, 1, 0],
			"to": [18, 2, 4],
			"rotation": {"angle": 22.5, "axis": "y", "origin": [22, 0, 2]},
			"faces": {
				"north": {"uv": [13, 16, 14, 0], "rotation": 270, "texture": "#0"},
				"east": {"uv": [11, 1, 7, 2], "texture": "#1"},
				"south": {"uv": [13, 16, 14, 0], "rotation": 270, "texture": "#0"},
				"west": {"uv": [16, 0, 12, 1], "texture": "#1"},
				"up": {"uv": [12, 16, 16, 0], "rotation": 90, "texture": "#0"},
				"down": {"uv": [12, 16, 16, 0], "rotation": 90, "texture": "#0"}
			}
		}
	],
	"display": {
		"thirdperson_righthand": {
			"translation": [0.25, 4, 0],
			"scale": [0.5, 0.5, 0.5]
		},
		"thirdperson_lefthand": {
			"translation": [0.25, 4, 0],
			"scale": [0.5, 0.5, 0.5]
		},
		"firstperson_righthand": {
			"rotation": [0, -109, 0],
			"translation": [3.25, 9.25, 0]
		},
		"firstperson_lefthand": {
			"rotation": [0, -109, 0],
			"translation": [3.25, 9.25, 0]
		},
		"ground": {
			"translation": [0, 2.25, 0],
			"scale": [0.5, 0.5, 0.5]
		},
		"gui": {
			"rotation": [45, 145, 0],
			"scale": [0.5, 0.5, 0.5]
		},
		"head": {
			"translation": [2.25, 14.5, 0]
		},
		"fixed": {
			"rotation": [-90, 0, 0],
			"translation": [0, 0, -16],
			"scale": [2, 2, 2]
		}
	}
}