{
	"credit": "Made with Blockbench",
	"textures": {
		"0": "block/stripped_oak_log",
		"1": "block/oak_planks",
		"particle": "block/stripped_oak_log"
	},
	"elements": [
		{
			"from": [1, 1, 1],
			"to": [15, 15, 15],
			"rotation": {"angle": 0, "axis": "y", "origin": [5.20391, 0, 19]},
			"faces": {
				"north": {"uv": [2, 0, 16, 14], "texture": "#1"},
				"east": {"uv": [2, 0, 16, 14], "texture": "#1"},
				"south": {"uv": [2, 0, 16, 14], "texture": "#1"},
				"west": {"uv": [2, 0, 16, 14], "texture": "#1"},
				"up": {"uv": [0, 2, 14, 16], "texture": "#1"},
				"down": {"uv": [0, 2, 14, 16], "texture": "#1"}
			}
		},
		{
			"from": [14, 0, 14],
			"to": [16, 16, 16],
			"rotation": {"angle": 0, "axis": "y", "origin": [5.20391, 0, 19]},
			"faces": {
				"north": {"uv": [2, 0, 4, 16], "texture": "#0"},
				"east": {"uv": [2, 0, 4, 16], "texture": "#0"},
				"south": {"uv": [2, 0, 4, 16], "texture": "#0"},
				"west": {"uv": [2, 0, 4, 16], "texture": "#0"},
				"up": {"uv": [0, 2, 2, 4], "texture": "#0"},
				"down": {"uv": [0, 2, 2, 4], "texture": "#0"}
			}
		},
		{
			"from": [14, 0, 2],
			"to": [16, 2, 14],
			"rotation": {"angle": 0, "axis": "y", "origin": [5.20391, 0, 19]},
			"faces": {
				"north": {"uv": [2, 0, 0, 2], "texture": "#missing"},
				"east": {"uv": [0, 12, 2, 0], "rotation": 90, "texture": "#0"},
				"south": {"uv": [2, 0, 0, 2], "texture": "#missing"},
				"west": {"uv": [0, 12, 2, 0], "rotation": 90, "texture": "#0"},
				"up": {"uv": [0, 12, 2, 0], "texture": "#0"},
				"down": {"uv": [0, 12, 2, 0], "texture": "#0"}
			}
		},
		{
			"from": [14, 14, 2],
			"to": [16, 16, 14],
			"rotation": {"angle": 0, "axis": "y", "origin": [5.20391, 0, 19]},
			"faces": {
				"north": {"uv": [2, 0, 0, 2], "texture": "#missing"},
				"east": {"uv": [1, 12, 3, 0], "rotation": 90, "texture": "#0"},
				"south": {"uv": [2, 0, 0, 2], "texture": "#missing"},
				"west": {"uv": [3, 12, 5, 0], "rotation": 90, "texture": "#0"},
				"up": {"uv": [0, 12, 2, 0], "texture": "#0"},
				"down": {"uv": [0, 12, 2, 0], "texture": "#0"}
			}
		},
		{
			"from": [0.0, 14, 2],
			"to": [2, 16, 14],
			"rotation": {"angle": 0, "axis": "y", "origin": [5.20391, 0, 19]},
			"faces": {
				"north": {"uv": [2, 0, 0, 2], "texture": "#missing"},
				"east": {"uv": [2, 12, 4, 0], "rotation": 90, "texture": "#0"},
				"south": {"uv": [2, 0, 0, 2], "texture": "#missing"},
				"west": {"uv": [1, 12, 3, 0], "rotation": 90, "texture": "#0"},
				"up": {"uv": [0, 12, 2, 0], "texture": "#0"},
				"down": {"uv": [0, 12, 2, 0], "texture": "#0"}
			}
		},
		{
			"from": [0.0, 0, 2],
			"to": [2, 2, 14],
			"rotation": {"angle": 0, "axis": "y", "origin": [5.20391, 0, 19]},
			"faces": {
				"north": {"uv": [2, 0, 0, 2], "texture": "#missing"},
				"east": {"uv": [2, 12, 4, 0], "rotation": 90, "texture": "#0"},
				"south": {"uv": [2, 0, 0, 2], "texture": "#missing"},
				"west": {"uv": [1, 12, 3, 0], "rotation": 90, "texture": "#0"},
				"up": {"uv": [0, 12, 2, 0], "texture": "#0"},
				"down": {"uv": [0, 12, 2, 0], "texture": "#0"}
			}
		},
		{
			"from": [0.0, 0, 0],
			"to": [2, 16, 2],
			"rotation": {"angle": 0, "axis": "y", "origin": [5.20391, 0, 19]},
			"faces": {
				"north": {"uv": [2, 0, 0, 16], "texture": "#0"},
				"east": {"uv": [2, 0, 0, 16], "texture": "#0"},
				"south": {"uv": [2, 0, 0, 16], "texture": "#0"},
				"west": {"uv": [2, 0, 0, 16], "texture": "#0"},
				"up": {"uv": [1, 2, 3, 0], "texture": "#0"},
				"down": {"uv": [3, 2, 5, 0], "texture": "#0"}
			}
		},
		{
			"from": [2, 0, 0],
			"to": [14, 2, 2],
			"rotation": {"angle": 0, "axis": "y", "origin": [5.20391, 0, 19]},
			"faces": {
				"north": {"uv": [0, 12, 2, 0], "rotation": 90, "texture": "#0"},
				"east": {"uv": [2, 0, 0, 2], "texture": "#0"},
				"south": {"uv": [2, 12, 4, 0], "rotation": 90, "texture": "#0"},
				"west": {"uv": [2, 0, 0, 2], "texture": "#missing"},
				"up": {"uv": [3, 0, 1, 12], "rotation": 90, "texture": "#0"},
				"down": {"uv": [5, 0, 3, 12], "rotation": 90, "texture": "#0"}
			}
		},
		{
			"from": [2, 14, 0],
			"to": [14, 16, 2],
			"rotation": {"angle": 0, "axis": "y", "origin": [5.20391, 0, 19]},
			"faces": {
				"north": {"uv": [3, 12, 5, 0], "rotation": 90, "texture": "#0"},
				"east": {"uv": [2, 0, 0, 2], "texture": "#0"},
				"south": {"uv": [0, 12, 2, 0], "rotation": 90, "texture": "#0"},
				"west": {"uv": [2, 0, 0, 2], "texture": "#missing"},
				"up": {"uv": [3, 0, 1, 12], "rotation": 90, "texture": "#0"},
				"down": {"uv": [4, 0, 2, 12], "rotation": 90, "texture": "#0"}
			}
		},
		{
			"from": [2, 0, 14],
			"to": [14, 2, 16],
			"rotation": {"angle": 0, "axis": "y", "origin": [5.20391, 0, 19]},
			"faces": {
				"north": {"uv": [3, 12, 5, 0], "rotation": 90, "texture": "#0"},
				"east": {"uv": [2, 0, 0, 2], "texture": "#0"},
				"south": {"uv": [0, 12, 2, 0], "rotation": 90, "texture": "#0"},
				"west": {"uv": [2, 0, 0, 2], "texture": "#missing"},
				"up": {"uv": [2, 0, 0, 12], "rotation": 90, "texture": "#0"},
				"down": {"uv": [2, 0, 0, 12], "rotation": 90, "texture": "#0"}
			}
		},
		{
			"from": [2, 14, 14],
			"to": [14, 16, 16],
			"rotation": {"angle": 0, "axis": "y", "origin": [5.20391, 0, 19]},
			"faces": {
				"north": {"uv": [4, 12, 6, 0], "rotation": 90, "texture": "#0"},
				"east": {"uv": [2, 0, 0, 2], "texture": "#0"},
				"south": {"uv": [3, 12, 5, 0], "rotation": 90, "texture": "#0"},
				"west": {"uv": [2, 0, 0, 2], "texture": "#missing"},
				"up": {"uv": [4, 0, 2, 12], "rotation": 90, "texture": "#0"},
				"down": {"uv": [3, 0, 1, 12], "rotation": 90, "texture": "#0"}
			}
		},
		{
			"from": [14, 0, 0],
			"to": [16, 16, 2],
			"rotation": {"angle": 0, "axis": "y", "origin": [5.20391, 0, 19]},
			"faces": {
				"north": {"uv": [2, 0, 0, 16], "texture": "#0"},
				"east": {"uv": [2, 0, 0, 16], "texture": "#0"},
				"south": {"uv": [2, 0, 0, 16], "texture": "#0"},
				"west": {"uv": [3, 0, 1, 16], "texture": "#0"},
				"up": {"uv": [0, 2, 2, 0], "texture": "#0"},
				"down": {"uv": [2, 2, 4, 0], "texture": "#0"}
			}
		},
		{
			"from": [0.0, 0, 14],
			"to": [2, 16, 16],
			"rotation": {"angle": 0, "axis": "y", "origin": [5.20391, 0, 19]},
			"faces": {
				"north": {"uv": [2, 0, 0, 16], "texture": "#0"},
				"east": {"uv": [2, 0, 0, 16], "texture": "#0"},
				"south": {"uv": [2, 0, 0, 16], "texture": "#0"},
				"west": {"uv": [3, 0, 1, 16], "texture": "#0"},
				"up": {"uv": [2, 3, 4, 1], "texture": "#0"},
				"down": {"uv": [4, 2, 6, 0], "texture": "#0"}
			}
		}
	],
	"display": {
		"thirdperson_righthand": {
			"scale": [0.5, 0.5, 0.5]
		},
		"thirdperson_lefthand": {
			"scale": [0.5, 0.5, 0.5]
		},
		"firstperson_righthand": {
			"scale": [0.5, 0.5, 0.5]
		},
		"firstperson_lefthand": {
			"scale": [0.5, 0.5, 0.5]
		},
		"ground": {
			"translation": [0, 2.25, 0],
			"scale": [0.5, 0.5, 0.5]
		},
		"gui": {
			"rotation": [0, 145, 15],
			"scale": [0.5, 0.5, 0.5]
		},
		"fixed": {
			"rotation": [-90, 0, 0],
			"translation": [0, 0, -16],
			"scale": [2, 2, 2]
		}
	},
	"groups": [
		{
			"name": "crate1",
			"origin": [0, 0, 0],
			"color": 0,
			"children": [0, 1, 2, 3, 4, 5, 6, 7, 8, 9, 10, 11, 12]
		}
	]
}