{
	"credit": "Made with Blockbench",
	"texture_size": [64, 64],
	"textures": {
		"2": "glorious:item/furniture/push_cart",
		"particle": "glorious:item/furniture/push_cart"
	},
	"elements": [
		{
			"from": [2, 3, 0],
			"to": [14, 16, 16],
			"rotation": {"angle": 0, "axis": "y", "origin": [8, 8.40475, 9.67888]},
			"faces": {
				"north": {"uv": [0, 6.5, 3, 9.75], "texture": "#2"},
				"east": {"uv": [0, 0, 4, 3.25], "texture": "#2"},
				"south": {"uv": [7, 0, 10, 3.25], "texture": "#2"},
				"west": {"uv": [0, 3.25, 4, 6.5], "texture": "#2"},
				"up": {"uv": [7, 4, 4, 0], "texture": "#2"},
				"down": {"uv": [7, 4, 4, 8], "texture": "#2"}
			}
		},
		{
			"from": [3, 0, 1],
			"to": [6, 3, 4],
			"rotation": {"angle": 0, "axis": "y", "origin": [8, 8.40475, 9.67888]},
			"faces": {
				"north": {"uv": [3, 9, 3.75, 9.75], "texture": "#2"},
				"east": {"uv": [9, 4.75, 9.75, 5.5], "texture": "#2"},
				"south": {"uv": [9, 5.5, 9.75, 6.25], "texture": "#2"},
				"west": {"uv": [9.25, 8.5, 10, 9.25], "texture": "#2"},
				"up": {"uv": [10, 10, 9.25, 9.25], "texture": "#2"},
				"down": {"uv": [10.25, 6.25, 9.5, 7], "texture": "#2"}
			}
		},
		{
			"from": [10, 0, 1],
			"to": [13, 3, 4],
			"rotation": {"angle": 0, "axis": "y", "origin": [8, 8.40475, 9.67888]},
			"faces": {
				"north": {"uv": [1.5, 9.75, 2.25, 10.5], "texture": "#2"},
				"east": {"uv": [2.25, 9.75, 3, 10.5], "texture": "#2"},
				"south": {"uv": [3, 9.75, 3.75, 10.5], "texture": "#2"},
				"west": {"uv": [9.75, 4.75, 10.5, 5.5], "texture": "#2"},
				"up": {"uv": [6, 10.5, 5.25, 9.75], "texture": "#2"},
				"down": {"uv": [10.5, 5.5, 9.75, 6.25], "texture": "#2"}
			}
		},
		{
			"from": [3, 8.56881, -7.84669],
			"to": [6, 11.56881, -0.84669],
			"rotation": {"angle": 22.5, "axis": "x", "origin": [8, 8.40475, 9.67888]},
			"faces": {
				"north": {"uv": [0, 9.75, 0.75, 10.5], "texture": "#2"},
				"east": {"uv": [7.75, 7.75, 9.5, 8.5], "texture": "#2"},
				"south": {"uv": [0.75, 9.75, 1.5, 10.5], "texture": "#2"},
				"west": {"uv": [3.75, 8, 5.5, 8.75], "texture": "#2"},
				"up": {"uv": [6.25, 9.75, 5.5, 8], "texture": "#2"},
				"down": {"uv": [7, 8, 6.25, 9.75], "texture": "#2"}
			}
		},
		{
			"from": [10, 8.56881, -7.84669],
			"to": [13, 11.56881, -0.84669],
			"rotation": {"angle": 22.5, "axis": "x", "origin": [8, 8.40475, 9.67888]},
			"faces": {
				"north": {"uv": [6, 9.75, 6.75, 10.5], "texture": "#2"},
				"east": {"uv": [8.5, 3.25, 10.25, 4], "texture": "#2"},
				"south": {"uv": [10, 0, 10.75, 0.75], "texture": "#2"},
				"west": {"uv": [8.5, 4, 10.25, 4.75], "texture": "#2"},
				"up": {"uv": [8.5, 10.25, 7.75, 8.5], "texture": "#2"},
				"down": {"uv": [9.25, 8.5, 8.5, 10.25], "texture": "#2"}
			}
		},
		{
			"from": [6.5, 6.62964, 14.03641],
			"to": [9.5, 9.62964, 24.03641],
			"rotation": {"angle": 22.5, "axis": "x", "origin": [8, 8.40475, 9.67888]},
			"faces": {
				"north": {"uv": [9.5, 7.75, 10.25, 8.5], "texture": "#2"},
				"east": {"uv": [7, 6.25, 9.5, 7], "texture": "#2"},
				"south": {"uv": [9.5, 7.75, 10.25, 8.5], "texture": "#2"},
				"west": {"uv": [7, 7, 9.5, 7.75], "texture": "#2"},
				"up": {"uv": [3.75, 9, 3, 6.5], "texture": "#2"},
				"down": {"uv": [7.75, 7.75, 7, 10.25], "texture": "#2"}
			}
		},
		{
			"from": [7, 0, 19],
			"to": [9, 6, 25],
			"rotation": {"angle": 0, "axis": "y", "origin": [8, 8.40475, 9.67888]},
			"faces": {
				"north": {"uv": [8.5, 4.75, 9, 6.25], "texture": "#2"},
				"east": {"uv": [8.5, 3.25, 7, 4.75], "texture": "#2"},
				"south": {"uv": [3.75, 8.75, 4.25, 10.25], "texture": "#2"},
				"west": {"uv": [7, 4.75, 8.5, 6.25], "texture": "#2"},
				"up": {"uv": [4.75, 10.25, 4.25, 8.75], "texture": "#2"},
				"down": {"uv": [5.25, 8.75, 4.75, 10.25], "texture": "#2"}
			}
		}
	],
	"display": {
		"thirdperson_righthand": {
			"rotation": [75, 45, 0],
			"translation": [0, 2.5, 0],
			"scale": [0.375, 0.375, 0.375]
		},
		"thirdperson_lefthand": {
			"rotation": [75, 45, 0],
			"translation": [0, 2.5, 0],
			"scale": [0.375, 0.375, 0.375]
		},
		"firstperson_righthand": {
			"rotation": [0, 45, 0],
			"scale": [0.4, 0.4, 0.4]
		},
		"firstperson_lefthand": {
			"rotation": [0, 225, 0],
			"scale": [0.4, 0.4, 0.4]
		},
		"ground": {
			"translation": [0, 3, 0],
			"scale": [0.25, 0.25, 0.25]
		},
		"gui": {
			"rotation": [26.93, 41.74, -2.53],
			"scale": [0.4, 0.4, 0.4]
		},
		"fixed": {
			"rotation": [-90, 0, 0],
			"translation": [0, 0, -15.5],
			"scale": [2, 2, 2]
		}
	}
}