{"credit":"MadewithBlockbench","texture_size":[64,64],"textures":{"0":"glorious:item/bakery/chair","particle":"glorious:item/bakery/chair"},"elements":[{"from":[2,15,11],"to":[14,23,13],"faces":{"north":{"uv":[3.5,0,6.5,2],"texture":"#0"},"east":{"uv":[6.5,0,7,2],"texture":"#0"},"south":{"uv":[3.5,0,6.5,2],"texture":"#0"},"west":{"uv":[7,0,6.5,2],"texture":"#0"},"up":{"uv":[6.5,2.5,3.5,2],"texture":"#0"},"down":{"uv":[6.5,2,3.5,2.5],"texture":"#0"}}},{"from":[11,0,12],"to":[13,22,14],"faces":{"north":{"uv":[7.5,0,8,5.5],"texture":"#0"},"east":{"uv":[7.5,0,8,5.5],"texture":"#0"},"south":{"uv":[7.5,0,8,5.5],"texture":"#0"},"west":{"uv":[7.5,0,8,5.5],"texture":"#0"},"up":{"uv":[8,6,7.5,5.5],"texture":"#0"},"down":{"uv":[8,5.5,7.5,6],"texture":"#0"}}},{"from":[2,8,1],"to":[14,10,12],"faces":{"north":{"uv":[0,3.25,3,3.75],"texture":"#0"},"east":{"uv":[0,3.75,3.25,4.25],"texture":"#0"},"south":{"uv":[0,3.25,3,3.75],"texture":"#0"},"west":{"uv":[0,3.75,3.25,4.25],"texture":"#0"},"up":{"uv":[3.5,3.25,0,0],"texture":"#0"},"down":{"uv":[3.5,0,0,3.25],"texture":"#0"}}},{"from":[11,7,4],"to":[13,8,12],"faces":{"east":{"uv":[3.5,2.75,5.5,3],"texture":"#0"},"west":{"uv":[3.5,2.75,5.5,3],"texture":"#0"},"down":{"uv":[7.5,2.5,7,4.5],"texture":"#0"}}},{"from":[11,0,2],"to":[13,8,4],"faces":{"north":{"uv":[7,0,7.5,2],"texture":"#0"},"east":{"uv":[7,0,7.5,2],"texture":"#0"},"south":{"uv":[7,0,7.5,2],"texture":"#0"},"west":{"uv":[7,0,7.5,2],"texture":"#0"},"up":{"uv":[7.5,2.5,7,2],"texture":"#0"},"down":{"uv":[7.5,2,7,2.5],"texture":"#0"}}},{"from":[11,2,4],"to":[13,3,12],"faces":{"east":{"uv":[3.5,2.5,5.5,2.75],"texture":"#0"},"west":{"uv":[3.5,2.5,5.5,2.75],"texture":"#0"},"up":{"uv":[6.5,2,7,4],"texture":"#0"},"down":{"uv":[7,2,6.5,4],"texture":"#0"}}},{"from":[3,0,2],"to":[5,8,4],"rotation":{"angle":0,"axis":"y","origin":[16,0,0]},"faces":{"north":{"uv":[7.5,0,7,2],"texture":"#0"},"east":{"uv":[7.5,0,7,2],"texture":"#0"},"south":{"uv":[7.5,0,7,2],"texture":"#0"},"west":{"uv":[7.5,0,7,2],"texture":"#0"},"up":{"uv":[7,2.5,7.5,2],"texture":"#0"},"down":{"uv":[7,2,7.5,2.5],"texture":"#0"}}},{"from":[3,7,4],"to":[5,8,12],"rotation":{"angle":0,"axis":"y","origin":[16,0,0]},"faces":{"east":{"uv":[5.5,2.75,3.5,3],"texture":"#0"},"west":{"uv":[5.5,2.75,3.5,3],"texture":"#0"},"down":{"uv":[7,2.5,7.5,4.5],"texture":"#0"}}},{"from":[3,2,4],"to":[5,3,12],"rotation":{"angle":0,"axis":"y","origin":[16,0,0]},"faces":{"east":{"uv":[5.5,2.5,3.5,2.75],"texture":"#0"},"west":{"uv":[5.5,2.5,3.5,2.75],"texture":"#0"},"up":{"uv":[7,2,6.5,4],"texture":"#0"},"down":{"uv":[6.5,2,7,4],"texture":"#0"}}},{"from":[3,0,12],"to":[5,22,14],"rotation":{"angle":0,"axis":"y","origin":[16,0,0]},"faces":{"north":{"uv":[8,0,7.5,5.5],"texture":"#0"},"east":{"uv":[8,0,7.5,5.5],"texture":"#0"},"south":{"uv":[8,0,7.5,5.5],"texture":"#0"},"west":{"uv":[8,0,7.5,5.5],"texture":"#0"},"up":{"uv":[7.5,6,8,5.5],"texture":"#0"},"down":{"uv":[7.5,5.5,8,6],"texture":"#0"}}}],"gui_light":"front","display":{"thirdperson_righthand":{"rotation":[67.5,0,0],"translation":[0,2.25,0],"scale":[0.375,0.375,0.375]},"thirdperson_lefthand":{"rotation":[67.5,0,0],"translation":[0,2.25,0],"scale":[0.375,0.375,0.375]},"firstperson_righthand":{"translation":[0,2,0],"scale":[0.54453,0.54453,0.54453]},"firstperson_lefthand":{"translation":[0,2,0],"scale":[0.54453,0.54453,0.54453]},"ground":{"translation":[0,3,0],"scale":[0.5,0.5,0.5]},"gui":{"rotation":[30,225,0],"translation":[0,-1.5,0],"scale":[0.47,0.47,0.47]},"head":{"rotation":[0,-180,0],"translation":[0,-30.5,0],"scale":[0,0,0]},"fixed":{"rotation":[-90,0,0],"translation":[0,0,-16],"scale":[2,2,2]}},"groups":[{"name":"group","origin":[0,0,0],"color":0,"children":[0,1,2,3,4,5,6,7,8,9]}]}