{"credit":"MadewithBlockbench","texture_size":[32,32],"textures":{"0":"glorious:item/bakery/shelf_3","particle":"glorious:item/bakery/shelf_3"},"elements":[{"from":[0,15,6],"to":[16,16,16],"rotation":{"angle":0,"axis":"y","origin":[8,8,15.5]},"faces":{"north":{"uv":[0,5,8,5.5],"texture":"#0"},"east":{"uv":[0,5.5,5,6],"texture":"#0"},"south":{"uv":[0,5,8,5.5],"texture":"#0"},"west":{"uv":[5,5.5,0,6],"texture":"#0"},"up":{"uv":[8,5,0,0],"texture":"#0"},"down":{"uv":[8,0,0,5],"texture":"#0"}}},{"from":[11,14,10],"to":[13,15,16],"rotation":{"angle":0,"axis":"y","origin":[8,8,15.5]},"faces":{"north":{"uv":[0,6.5,1,7],"texture":"#0"},"east":{"uv":[0,6,3,6.5],"texture":"#0"},"south":{"uv":[0,6.5,1,7],"texture":"#0"},"west":{"uv":[3,6,0,6.5],"texture":"#0"},"up":{"uv":[1,10,0,7],"texture":"#0"},"down":{"uv":[1,7,0,10],"texture":"#0"}}},{"from":[11,11,15],"to":[13,14,16],"rotation":{"angle":0,"axis":"y","origin":[8,8,15.5]},"faces":{"north":{"uv":[1,6.5,2,8],"texture":"#0"},"east":{"uv":[2,6.5,2.5,8],"texture":"#0"},"south":{"uv":[1,6.5,2,8],"texture":"#0"},"west":{"uv":[2.5,6.5,2,8],"texture":"#0"},"down":{"uv":[2,8,1,8.5],"texture":"#0"}}},{"from":[3,14,10],"to":[5,15,16],"rotation":{"angle":0,"axis":"y","origin":[8,8,15.5]},"faces":{"north":{"uv":[1,6.5,0,7],"texture":"#0"},"east":{"uv":[0,6,3,6.5],"texture":"#0"},"south":{"uv":[1,6.5,0,7],"texture":"#0"},"west":{"uv":[3,6,0,6.5],"texture":"#0"},"up":{"uv":[0,10,1,7],"texture":"#0"},"down":{"uv":[0,7,1,10],"texture":"#0"}}},{"from":[3,11,15],"to":[5,14,16],"rotation":{"angle":0,"axis":"y","origin":[8,8,15.5]},"faces":{"north":{"uv":[2,6.5,1,8],"texture":"#0"},"east":{"uv":[2,6.5,2.5,8],"texture":"#0"},"south":{"uv":[2,6.5,1,8],"texture":"#0"},"west":{"uv":[2.5,6.5,2,8],"texture":"#0"},"down":{"uv":[1,8,2,8.5],"texture":"#0"}}}],"gui_light":"front","display":{"thirdperson_righthand":{"rotation":[67.5,0,0],"translation":[0,2,-2.75],"scale":[0.375,0.375,0.375]},"thirdperson_lefthand":{"rotation":[67.5,0,0],"translation":[0,2,-2.75],"scale":[0.375,0.375,0.375]},"firstperson_righthand":{"translation":[-1.25,1,0],"scale":[0.54445,0.54445,0.54445]},"firstperson_lefthand":{"translation":[-1.25,1,0],"scale":[0.54445,0.54445,0.54445]},"ground":{"translation":[0,3,-3],"scale":[0.66,0.66,0.66]},"gui":{"rotation":[30,225,0],"translation":[1.5,-5,0],"scale":[0.70469,0.70469,0.70469]},"head":{"translation":[0,-30.25,0],"scale":[0,0,0]},"fixed":{"translation":[0,-10.25,-16],"scale":[2,2,2]}}}