{"textures":{"1":"custom:entity/project/texture"},"elements":[{"faces":{"north":{"uv":[8.375,4.375,8.625,4.75],"texture":"#1","tintindex":0},"east":{"uv":[7.75,4.375,8.375,4.75],"texture":"#1","tintindex":0},"south":{"uv":[9.25,4.375,9.5,4.75],"texture":"#1","tintindex":0},"west":{"uv":[8.625,4.375,9.25,4.75],"texture":"#1","tintindex":0},"up":{"uv":[8.625,4.375,8.375,3.75],"texture":"#1","tintindex":0},"down":{"uv":[8.875,3.75,8.625,4.375],"texture":"#1","tintindex":0}},"to":[8.4,6.2,10],"from":[7.6,5,8],"rotation":{"angle":0,"axis":"x","origin":[8,5.4,8.4]}}],"display":{"head":{"translation":[0,5.6,0],"scale":[4,4,4],"rotation":[0,0,0]}}}