{"textures":{"0":"glorious:entity/nocsy_cat5"},"elements":[{"from":[6.5714283,6.2845144,5.475932],"to":[9.428572,9.141658,11.190218],"rotation":{"angle":0.0,"axis":"y","origin":[8.857143,2.6273713,8.904504]},"faces":{"east":{"uv":[0.0,0.0,1.25,0.625],"rotation":0,"texture":"#0","tintindex":0},"south":{"uv":[5.25,1.625,5.875,2.25],"rotation":0,"texture":"#0","tintindex":0},"north":{"uv":[5.25,0.875,5.875,1.5],"rotation":0,"texture":"#0","tintindex":0},"west":{"uv":[0.0,0.75,1.25,1.375],"rotation":0,"texture":"#0","tintindex":0},"up":{"uv":[2.0,1.25,1.375,0.0],"rotation":0,"texture":"#0","tintindex":0},"down":{"uv":[2.0,1.375,1.375,2.625],"rotation":0,"texture":"#0","tintindex":0}}},{"from":[6.2179103,5.0786867,5.475932],"to":[6.2179103,7.9358296,11.190218],"rotation":{"angle":-22.5,"axis":"z","origin":[7.989339,7.3644013,8.333076]},"faces":{"east":{"uv":[0.0,1.5,1.25,2.125],"rotation":0,"texture":"#0","tintindex":0},"south":{"uv":[6.875,8.125,6.875,8.75],"rotation":0,"texture":"#0","tintindex":0},"north":{"uv":[6.75,8.125,6.75,8.75],"rotation":0,"texture":"#0","tintindex":0},"west":{"uv":[2.125,0.0,3.375,0.625],"rotation":0,"texture":"#0","tintindex":0},"up":{"uv":[7.0,9.375,7.0,8.125],"rotation":0,"texture":"#0","tintindex":0},"down":{"uv":[7.125,8.125,7.125,9.375],"rotation":0,"texture":"#0","tintindex":0}}},{"from":[9.782089,5.0786867,5.475932],"to":[9.782089,7.9358296,11.190218],"rotation":{"angle":22.5,"axis":"z","origin":[8.010661,7.3644013,8.333076]},"faces":{"east":{"uv":[2.125,0.75,3.375,1.375],"rotation":0,"texture":"#0","tintindex":0},"south":{"uv":[7.375,8.125,7.375,8.75],"rotation":0,"texture":"#0","tintindex":0},"north":{"uv":[7.25,8.125,7.25,8.75],"rotation":0,"texture":"#0","tintindex":0},"west":{"uv":[2.125,1.5,3.375,2.125],"rotation":0,"texture":"#0","tintindex":0},"up":{"uv":[7.5,9.375,7.5,8.125],"rotation":0,"texture":"#0","tintindex":0},"down":{"uv":[7.625,8.125,7.625,9.375],"rotation":0,"texture":"#0","tintindex":0}}},{"from":[6.2179103,3.5929723,5.475932],"to":[6.2179103,6.450115,11.190218],"rotation":{"angle":-22.5,"axis":"z","origin":[7.989339,5.878687,8.333076]},"faces":{"east":{"uv":[0.0,2.25,1.25,2.875],"rotation":0,"texture":"#0","tintindex":0},"south":{"uv":[8.125,8.0,8.125,8.625],"rotation":0,"texture":"#0","tintindex":0},"north":{"uv":[7.75,8.125,7.75,8.75],"rotation":0,"texture":"#0","tintindex":0},"west":{"uv":[2.125,2.25,3.375,2.875],"rotation":0,"texture":"#0","tintindex":0},"up":{"uv":[0.5,9.5,0.5,8.25],"rotation":0,"texture":"#0","tintindex":0},"down":{"uv":[0.625,8.25,0.625,9.5],"rotation":0,"texture":"#0","tintindex":0}}},{"from":[9.782089,3.5929723,5.475932],"to":[9.782089,6.450115,11.190218],"rotation":{"angle":22.5,"axis":"z","origin":[8.010661,5.878687,8.333076]},"faces":{"east":{"uv":[0.0,3.0,1.25,3.625],"rotation":0,"texture":"#0","tintindex":0},"south":{"uv":[0.875,8.25,0.875,8.875],"rotation":0,"texture":"#0","tintindex":0},"north":{"uv":[0.75,8.25,0.75,8.875],"rotation":0,"texture":"#0","tintindex":0},"west":{"uv":[1.375,3.0,2.625,3.625],"rotation":0,"texture":"#0","tintindex":0},"up":{"uv":[1.5,9.5,1.5,8.25],"rotation":0,"texture":"#0","tintindex":0},"down":{"uv":[1.625,8.25,1.625,9.5],"rotation":0,"texture":"#0","tintindex":0}}},{"from":[6.5714283,4.7875495,4.7465544],"to":[9.428572,6.5018353,4.7465544],"rotation":{"angle":22.5,"axis":"x","origin":[7.714286,4.7875495,6.46084]},"faces":{"east":{"uv":[4.375,8.375,4.375,8.75],"rotation":0,"texture":"#0","tintindex":0},"south":{"uv":[6.375,6.25,7.0,6.625],"rotation":0,"texture":"#0","tintindex":0},"north":{"uv":[5.625,6.25,6.25,6.625],"rotation":0,"texture":"#0","tintindex":0},"west":{"uv":[4.5,8.375,4.5,8.75],"rotation":0,"texture":"#0","tintindex":0},"up":{"uv":[5.25,8.375,4.625,8.375],"rotation":0,"texture":"#0","tintindex":0},"down":{"uv":[9.0,4.75,8.375,4.75],"rotation":0,"texture":"#0","tintindex":0}}},{"from":[6.5714283,6.349761,5.1479177],"to":[9.428572,8.064047,5.1479177],"rotation":{"angle":22.5,"axis":"x","origin":[8.0,7.2069035,5.1479177]},"faces":{"east":{"uv":[8.375,2.375,8.375,2.75],"rotation":0,"texture":"#0","tintindex":0},"south":{"uv":[4.0,6.25,4.625,6.625],"rotation":0,"texture":"#0","tintindex":0},"north":{"uv":[3.25,6.25,3.875,6.625],"rotation":0,"texture":"#0","tintindex":0},"west":{"uv":[4.25,8.375,4.25,8.75],"rotation":0,"texture":"#0","tintindex":0},"up":{"uv":[9.0,3.125,8.375,3.125],"rotation":0,"texture":"#0","tintindex":0},"down":{"uv":[9.0,3.25,8.375,3.25],"rotation":0,"texture":"#0","tintindex":0}}}],"display":{"head":{"translation":[0.0,-6.4,0.0],"scale":[4.0,4.0,4.0]}}}