{"textures":{"0":"glorious:entity/nocsy_cat5"},"elements":[{"from":[7.1427054,6.806077,7.2448635],"to":[8.856991,7.948934,8.959149],"rotation":{"angle":0.0,"axis":"y","origin":[5.428571,5.2060766,10.159112]},"faces":{"east":{"uv":[2.5,7.75,2.875,8.0],"rotation":0,"texture":"#0","tintindex":0},"south":{"uv":[3.0,7.75,3.375,8.0],"rotation":0,"texture":"#0","tintindex":0},"north":{"uv":[1.0,7.75,1.375,8.0],"rotation":0,"texture":"#0","tintindex":0},"west":{"uv":[3.5,7.75,3.875,8.0],"rotation":0,"texture":"#0","tintindex":0},"up":{"uv":[6.25,7.625,5.875,7.25],"rotation":0,"texture":"#0","tintindex":0},"down":{"uv":[0.875,7.375,0.5,7.75],"rotation":0,"texture":"#0","tintindex":0}}}],"display":{"head":{"translation":[0.0,-6.4,0.0],"scale":[4.0,4.0,4.0]}}}