{
	"credit": "Made with Blockbench",
	"textures": {
		"0": "block/stripped_oak_log",
		"1": "block/anvil",
		"particle": "block/stripped_oak_log"
	},
	"elements": [
		{
			"from": [-16, 0, 0],
			"to": [-14, 14, 2],
			"faces": {
				"north": {"uv": [5, 0, 7, 14], "texture": "#0"},
				"east": {"uv": [6, 0, 8, 14], "texture": "#0"},
				"south": {"uv": [7, 0, 9, 14], "texture": "#0"},
				"west": {"uv": [8, 0, 10, 14], "texture": "#0"},
				"up": {"uv": [12, 3, 14, 5], "texture": "#0"},
				"down": {"uv": [12, 3, 14, 5], "texture": "#0"}
			}
		},
		{
			"from": [14, 0, 0],
			"to": [16, 14, 2],
			"faces": {
				"north": {"uv": [1, 0, 3, 14], "texture": "#0"},
				"east": {"uv": [2, 0, 4, 14], "texture": "#0"},
				"south": {"uv": [3, 0, 5, 14], "texture": "#0"},
				"west": {"uv": [4, 0, 6, 14], "texture": "#0"},
				"up": {"uv": [12, 3, 14, 5], "texture": "#0"},
				"down": {"uv": [12, 3, 14, 5], "texture": "#0"}
			}
		},
		{
			"from": [14, 0, 14],
			"to": [16, 14, 16],
			"faces": {
				"north": {"uv": [6, 0, 8, 14], "texture": "#0"},
				"east": {"uv": [7, 0, 9, 14], "texture": "#0"},
				"south": {"uv": [8, 0, 10, 14], "texture": "#0"},
				"west": {"uv": [9, 0, 11, 14], "texture": "#0"},
				"up": {"uv": [12, 3, 14, 5], "texture": "#0"},
				"down": {"uv": [12, 3, 14, 5], "texture": "#0"}
			}
		},
		{
			"from": [-16, 0, 14],
			"to": [-14, 14, 16],
			"faces": {
				"north": {"uv": [0, 0, 2, 14], "texture": "#0"},
				"east": {"uv": [1, 0, 3, 14], "texture": "#0"},
				"south": {"uv": [2, 0, 4, 14], "texture": "#0"},
				"west": {"uv": [3, 0, 5, 14], "texture": "#0"},
				"up": {"uv": [12, 3, 14, 5], "texture": "#0"},
				"down": {"uv": [12, 3, 14, 5], "texture": "#0"}
			}
		},
		{
			"from": [0, 14, 0],
			"to": [16, 16, 16],
			"faces": {
				"north": {"uv": [13, 0, 15, 16], "rotation": 90, "texture": "#0"},
				"east": {"uv": [0, 1, 16, 3], "texture": "#0"},
				"south": {"uv": [0, 0, 2, 16], "rotation": 270, "texture": "#0"},
				"west": {"uv": [0, 0, 16, 2], "texture": "#missing"},
				"up": {"uv": [0, 0, 16, 16], "rotation": 270, "texture": "#0"},
				"down": {"uv": [0, 0, 16, 16], "texture": "#0"}
			}
		},
		{
			"from": [-16, 14, 0],
			"to": [0, 16, 16],
			"faces": {
				"north": {"uv": [8, 0, 10, 16], "rotation": 90, "texture": "#0"},
				"east": {"uv": [0, 1, 16, 3], "texture": "#missing"},
				"south": {"uv": [0, 0, 2, 16], "rotation": 270, "texture": "#0"},
				"west": {"uv": [0, 1, 16, 3], "texture": "#0"},
				"up": {"uv": [0, 0, 16, 16], "rotation": 270, "texture": "#0"},
				"down": {"uv": [0, 0, 16, 16], "texture": "#0"}
			}
		},
		{
			"from": [0, 9, 1],
			"to": [15, 14, 15],
			"faces": {
				"north": {"uv": [1, 0, 6, 14], "rotation": 90, "texture": "#0"},
				"east": {"uv": [3, 1, 8, 15], "rotation": 90, "texture": "#0"},
				"south": {"uv": [0, 2, 5, 16], "rotation": 90, "texture": "#0"},
				"west": {"uv": [5, 1, 10, 15], "rotation": 90, "texture": "#0"},
				"up": {"uv": [0, 0, 14, 14], "texture": "#missing"},
				"down": {"uv": [0, 0, 14, 14], "texture": "#missing"}
			}
		},
		{
			"from": [-15, 9, 1],
			"to": [0, 14, 15],
			"faces": {
				"north": {"uv": [3, 1, 8, 15], "rotation": 90, "texture": "#0"},
				"east": {"uv": [3, 1, 8, 15], "rotation": 90, "texture": "#0"},
				"south": {"uv": [3, 2, 8, 16], "rotation": 90, "texture": "#0"},
				"west": {"uv": [5, 1, 10, 15], "rotation": 90, "texture": "#0"},
				"up": {"uv": [0, 0, 14, 14], "texture": "#missing"},
				"down": {"uv": [0, 0, 14, 14], "texture": "#0"}
			}
		},
		{
			"from": [1, 10, 0],
			"to": [13, 13, 1],
			"faces": {
				"north": {"uv": [2, 4, 12, 7], "texture": "#0"},
				"east": {"uv": [2, 0, 3, 3], "texture": "#0"},
				"south": {"uv": [0, 0, 10, 3], "texture": "#missing"},
				"west": {"uv": [3, 0, 4, 3], "texture": "#0"},
				"up": {"uv": [0, 0, 10, 1], "texture": "#0"},
				"down": {"uv": [0, 0, 10, 1], "texture": "#0"}
			}
		},
		{
			"from": [-9, 11, -0.5],
			"to": [-5, 12, 0.5],
			"faces": {
				"north": {"uv": [2, 1, 6, 2], "texture": "#1"},
				"east": {"uv": [0, 0, 1, 1], "texture": "#1"},
				"south": {"uv": [2, 1, 6, 2], "texture": "#1"},
				"west": {"uv": [0, 0, 1, 1], "texture": "#1"},
				"up": {"uv": [2, 1, 6, 2], "texture": "#1"},
				"down": {"uv": [2, 1, 6, 2], "texture": "#1"}
			}
		},
		{
			"from": [-13, 10, 0],
			"to": [-1, 13, 1],
			"faces": {
				"north": {"uv": [2, 4, 12, 7], "texture": "#0"},
				"east": {"uv": [2, 0, 3, 3], "texture": "#0"},
				"south": {"uv": [0, 0, 10, 3], "texture": "#missing"},
				"west": {"uv": [3, 0, 4, 3], "texture": "#0"},
				"up": {"uv": [0, 0, 10, 1], "texture": "#0"},
				"down": {"uv": [0, 0, 10, 1], "texture": "#0"}
			}
		},
		{
			"from": [5, 11, -0.5],
			"to": [9, 12, 0.5],
			"faces": {
				"north": {"uv": [2, 1, 6, 2], "texture": "#1"},
				"east": {"uv": [0, 0, 1, 1], "texture": "#1"},
				"south": {"uv": [2, 1, 6, 2], "texture": "#1"},
				"west": {"uv": [0, 0, 1, 1], "texture": "#1"},
				"up": {"uv": [2, 1, 6, 2], "texture": "#1"},
				"down": {"uv": [2, 1, 6, 2], "texture": "#1"}
			}
		},
		{
			"from": [-14, 8, 0],
			"to": [0, 9, 16],
			"faces": {
				"north": {"uv": [2, 0, 14, 1], "rotation": 180, "texture": "#0"},
				"east": {"uv": [0, 0, 16, 2], "texture": "#missing"},
				"south": {"uv": [4, 13, 16, 14], "texture": "#0"},
				"west": {"uv": [0, 0, 16, 2], "texture": "#missing"},
				"up": {"uv": [0, 0, 12, 16], "texture": "#0"},
				"down": {"uv": [0, 0, 16, 12], "rotation": 270, "texture": "#0"}
			}
		},
		{
			"from": [0, 8, 0],
			"to": [14, 9, 16],
			"faces": {
				"north": {"uv": [2, 0, 14, 1], "rotation": 180, "texture": "#0"},
				"east": {"uv": [0, 0, 16, 2], "texture": "#missing"},
				"south": {"uv": [4, 13, 16, 14], "texture": "#0"},
				"west": {"uv": [0, 0, 16, 2], "texture": "#missing"},
				"up": {"uv": [0, 0, 12, 16], "texture": "#0"},
				"down": {"uv": [0, 0, 16, 12], "rotation": 90, "texture": "#0"}
			}
		},
		{
			"from": [14, 8, 2],
			"to": [16, 9, 14],
			"faces": {
				"north": {"uv": [0, 0, 2, 1], "texture": "#missing"},
				"east": {"uv": [0, 0, 12, 1], "texture": "#0"},
				"south": {"uv": [0, 0, 2, 1], "texture": "#missing"},
				"west": {"uv": [0, 0, 12, 1], "texture": "#missing"},
				"up": {"uv": [0, 0, 2, 12], "texture": "#0"},
				"down": {"uv": [2, 0, 4, 12], "texture": "#0"}
			}
		},
		{
			"from": [-16, 8, 2],
			"to": [-14, 9, 14],
			"faces": {
				"north": {"uv": [0, 0, 2, 1], "texture": "#missing"},
				"east": {"uv": [0, 0, 12, 1], "texture": "#missing"},
				"south": {"uv": [0, 0, 2, 1], "texture": "#missing"},
				"west": {"uv": [0, 0, 12, 1], "texture": "#0"},
				"up": {"uv": [0, 0, 2, 12], "texture": "#0"},
				"down": {"uv": [0, 0, 2, 12], "texture": "#0"}
			}
		}
	],
	"display": {
		"thirdperson_righthand": {
			"scale": [0.5, 0.5, 0.5]
		},
		"thirdperson_lefthand": {
			"scale": [0.5, 0.5, 0.5]
		},
		"firstperson_righthand": {
			"scale": [0.5, 0.5, 0.5]
		},
		"firstperson_lefthand": {
			"scale": [0.5, 0.5, 0.5]
		},
		"ground": {
			"translation": [0, 2.25, 0],
			"scale": [0.5, 0.5, 0.5]
		},
		"gui": {
			"rotation": [0, 145, 15],
			"scale": [0.5, 0.5, 0.5]
		},
		"fixed": {
			"rotation": [-90, 0, 0],
			"translation": [0, 0, -16],
			"scale": [2, 2, 2]
		}
	}
}