{
	"credit": "Made with Blockbench",
	"textures": {
		"0": "block/anvil",
		"2": "block/oak_planks",
		"3": "block/stripped_oak_log",
		"particle": "block/anvil"
	},
	"elements": [
		{
			"from": [28, 0, 1],
			"to": [30, 8, 3],
			"rotation": {"angle": 0, "axis": "y", "origin": [16, 0, -3]},
			"faces": {
				"north": {"uv": [0, 0, 2, 8], "texture": "#0"},
				"east": {"uv": [2, 0, 4, 8], "texture": "#0"},
				"south": {"uv": [6, 0, 8, 8], "texture": "#0"},
				"west": {"uv": [4, 0, 6, 8], "texture": "#0"},
				"up": {"uv": [0, 0, 2, 2], "texture": "#0"},
				"down": {"uv": [14, 14, 16, 16], "texture": "#0"}
			}
		},
		{
			"from": [28, 0, 10],
			"to": [30, 8, 12],
			"rotation": {"angle": 0, "axis": "y", "origin": [16, 0, -3]},
			"faces": {
				"north": {"uv": [0, 0, 2, 8], "texture": "#0"},
				"east": {"uv": [2, 0, 4, 8], "texture": "#0"},
				"south": {"uv": [6, 0, 8, 8], "texture": "#0"},
				"west": {"uv": [4, 0, 6, 8], "texture": "#0"},
				"up": {"uv": [0, 0, 2, 2], "texture": "#0"},
				"down": {"uv": [14, 0, 16, 2], "texture": "#0"}
			}
		},
		{
			"from": [-14, 0, 1],
			"to": [-12, 8, 3],
			"rotation": {"angle": 0, "axis": "y", "origin": [0, 0, -3]},
			"faces": {
				"north": {"uv": [0, 0, 2, 8], "texture": "#0"},
				"east": {"uv": [2, 0, 4, 8], "texture": "#0"},
				"south": {"uv": [6, 0, 8, 8], "texture": "#0"},
				"west": {"uv": [4, 0, 6, 8], "texture": "#0"},
				"up": {"uv": [0, 0, 2, 2], "texture": "#0"},
				"down": {"uv": [0, 14, 2, 16], "texture": "#0"}
			}
		},
		{
			"from": [-14, 6, 3],
			"to": [-12, 8, 10],
			"rotation": {"angle": 0, "axis": "y", "origin": [0, 0, -3]},
			"faces": {
				"north": {"uv": [0, 0, 2, 2], "texture": "#missing"},
				"east": {"uv": [0, 0, 7, 2], "texture": "#0"},
				"south": {"uv": [0, 0, 2, 2], "texture": "#missing"},
				"west": {"uv": [0, 0, 7, 2], "texture": "#0"},
				"up": {"uv": [0, 0, 2, 7], "texture": "#0"},
				"down": {"uv": [0, 0, 2, 7], "texture": "#0"}
			}
		},
		{
			"from": [-14, 0, 10],
			"to": [-12, 8, 12],
			"rotation": {"angle": 0, "axis": "y", "origin": [0, 0, -3]},
			"faces": {
				"north": {"uv": [0, 0, 2, 8], "texture": "#0"},
				"east": {"uv": [2, 0, 4, 8], "texture": "#0"},
				"south": {"uv": [6, 0, 8, 8], "texture": "#0"},
				"west": {"uv": [4, 0, 6, 8], "texture": "#0"},
				"up": {"uv": [0, 0, 2, 2], "texture": "#0"},
				"down": {"uv": [0, 0, 2, 2], "texture": "#0"}
			}
		},
		{
			"from": [28, 6, 3],
			"to": [30, 8, 10],
			"rotation": {"angle": 0, "axis": "y", "origin": [16, 0, -3]},
			"faces": {
				"north": {"uv": [0, 0, 2, 2], "texture": "#missing"},
				"east": {"uv": [0, 0, 7, 2], "texture": "#0"},
				"south": {"uv": [0, 0, 2, 2], "texture": "#missing"},
				"west": {"uv": [0, 0, 7, 2], "texture": "#0"},
				"up": {"uv": [0, 0, 2, 7], "texture": "#0"},
				"down": {"uv": [0, 0, 2, 7], "texture": "#0"}
			}
		},
		{
			"from": [16.5, 8, 0],
			"to": [31.5, 9, 11],
			"rotation": {"angle": 0, "axis": "y", "origin": [16, -2, -3]},
			"faces": {
				"north": {"uv": [14, 15, 0, 16], "texture": "#3"},
				"east": {"uv": [0, 0, 11, 1], "texture": "#3"},
				"south": {"uv": [0, 0, 14, 1], "texture": "#3"},
				"west": {"uv": [0, 0, 11, 1], "texture": "#missing"},
				"up": {"uv": [11, 14, 0, 0], "rotation": 270, "texture": "#3"},
				"down": {"uv": [11, 14, 0, 0], "rotation": 270, "texture": "#3"}
			}
		},
		{
			"from": [-0.5, 8, 0],
			"to": [16.5, 9, 11],
			"rotation": {"angle": 0, "axis": "y", "origin": [16, -2, -3]},
			"faces": {
				"north": {"uv": [14, 15, 0, 16], "texture": "#3"},
				"east": {"uv": [0, 0, 11, 1], "texture": "#3"},
				"south": {"uv": [0, 0, 14, 1], "texture": "#3"},
				"west": {"uv": [0, 0, 11, 1], "texture": "#missing"},
				"up": {"uv": [11, 15, 0, 1], "rotation": 270, "texture": "#3"},
				"down": {"uv": [11, 14, 0, 0], "rotation": 270, "texture": "#3"}
			}
		},
		{
			"from": [-15.5, 8, 0],
			"to": [-0.5, 9, 11],
			"rotation": {"angle": 0, "axis": "y", "origin": [0, -2, -3]},
			"faces": {
				"north": {"uv": [0, 0, 15, 1], "texture": "#3"},
				"east": {"uv": [0, 0, 11, 1], "texture": "#missing"},
				"south": {"uv": [0, 0, 15, 1], "texture": "#3"},
				"west": {"uv": [2, 1, 13, 2], "texture": "#3"},
				"up": {"uv": [11, 0, 0, 15], "rotation": 270, "texture": "#3"},
				"down": {"uv": [11, 0, 0, 15], "rotation": 270, "texture": "#3"}
			}
		},
		{
			"from": [28.001, 8.001, 11.501],
			"to": [29.999, 23.999, 12.499],
			"rotation": {"angle": 22.5, "axis": "x", "origin": [16, 9, 11]},
			"faces": {
				"north": {"uv": [0, 0, 2, 16], "texture": "#0"},
				"east": {"uv": [0, 0, 1, 16], "texture": "#0"},
				"south": {"uv": [0, 0, 2, 16], "texture": "#0"},
				"west": {"uv": [0, 0, 1, 16], "texture": "#0"},
				"up": {"uv": [0, 0, 2, 1], "texture": "#0"},
				"down": {"uv": [0, 0, 2, 1], "texture": "#0"}
			}
		},
		{
			"from": [15.999, 19, 10.5],
			"to": [31.999, 22, 11.5],
			"rotation": {"angle": 22.5, "axis": "x", "origin": [16, 9, 11]},
			"faces": {
				"north": {"uv": [0, 5, 16, 8], "texture": "#2"},
				"east": {"uv": [6, 4, 7, 6], "texture": "#2"},
				"south": {"uv": [0, 13, 16, 16], "texture": "#2"},
				"west": {"uv": [0, 0, 1, 2], "texture": "#missing"},
				"up": {"uv": [0, 0, 16, 1], "texture": "#2"},
				"down": {"uv": [0, 0, 16, 1], "texture": "#2"}
			}
		},
		{
			"from": [15.999, 15, 10.5],
			"to": [31.999, 18, 11.5],
			"rotation": {"angle": 22.5, "axis": "x", "origin": [16, 9, 11]},
			"faces": {
				"north": {"uv": [0, 13, 16, 16], "texture": "#2"},
				"east": {"uv": [6, 4, 7, 6], "texture": "#2"},
				"south": {"uv": [0, 13, 16, 16], "texture": "#2"},
				"west": {"uv": [0, 0, 1, 2], "texture": "#missing"},
				"up": {"uv": [0, 0, 16, 1], "texture": "#2"},
				"down": {"uv": [0, 0, 16, 1], "texture": "#2"}
			}
		},
		{
			"from": [-16, 11.001, 10.501],
			"to": [-0.002, 13.999, 11.499],
			"rotation": {"angle": 22.5, "axis": "x", "origin": [0, 9, 11]},
			"faces": {
				"north": {"uv": [0.002, 1, 16, 3.998], "texture": "#2"},
				"east": {"uv": [0, 0, 0.998, 2.998], "texture": "#missing"},
				"south": {"uv": [0, 13, 15.998, 15.998], "texture": "#2"},
				"west": {"uv": [2, 4, 2.998, 6.998], "texture": "#2"},
				"up": {"uv": [0, 0, 15.998, 0.998], "texture": "#2"},
				"down": {"uv": [0, 0, 15.998, 0.998], "texture": "#2"}
			}
		},
		{
			"from": [0, 19.001, 10.501],
			"to": [15.998, 21.999, 11.499],
			"rotation": {"angle": 22.5, "axis": "x", "origin": [0, 9, 11]},
			"faces": {
				"north": {"uv": [0, 5, 15.998, 7.998], "texture": "#2"},
				"east": {"uv": [0, 0, 0.998, 2.998], "texture": "#missing"},
				"south": {"uv": [0, 9, 15.998, 11.998], "texture": "#2"},
				"west": {"uv": [2, 4, 2.998, 6.998], "texture": "#2"},
				"up": {"uv": [0, 0, 15.998, 0.998], "texture": "#2"},
				"down": {"uv": [0, 0, 15.998, 0.998], "texture": "#2"}
			}
		},
		{
			"from": [0, 15.001, 10.501],
			"to": [15.998, 17.999, 11.499],
			"rotation": {"angle": 22.5, "axis": "x", "origin": [0, 9, 11]},
			"faces": {
				"north": {"uv": [0, 9, 15.998, 11.998], "texture": "#2"},
				"east": {"uv": [0, 0, 0.998, 2.998], "texture": "#missing"},
				"south": {"uv": [0, 13, 15.998, 15.998], "texture": "#2"},
				"west": {"uv": [2, 4, 2.998, 6.998], "texture": "#2"},
				"up": {"uv": [0, 0, 15.998, 0.998], "texture": "#2"},
				"down": {"uv": [0, 0, 15.998, 0.998], "texture": "#2"}
			}
		},
		{
			"from": [0, 11.001, 10.501],
			"to": [15.998, 13.999, 11.499],
			"rotation": {"angle": 22.5, "axis": "x", "origin": [0, 9, 11]},
			"faces": {
				"north": {"uv": [0, 13, 15.998, 15.998], "texture": "#2"},
				"east": {"uv": [0, 0, 0.998, 2.998], "texture": "#missing"},
				"south": {"uv": [0, 13, 15.998, 15.998], "texture": "#2"},
				"west": {"uv": [2, 4, 2.998, 6.998], "texture": "#2"},
				"up": {"uv": [0, 0, 15.998, 0.998], "texture": "#2"},
				"down": {"uv": [0, 0, 15.998, 0.998], "texture": "#2"}
			}
		},
		{
			"from": [-16, 15.001, 10.501],
			"to": [-0.002, 17.999, 11.499],
			"rotation": {"angle": 22.5, "axis": "x", "origin": [0, 9, 11]},
			"faces": {
				"north": {"uv": [0, 13, 15.998, 15.998], "texture": "#2"},
				"east": {"uv": [0, 0, 0.998, 2.998], "texture": "#missing"},
				"south": {"uv": [0, 13, 15.998, 15.998], "texture": "#2"},
				"west": {"uv": [2, 4, 2.998, 6.998], "texture": "#2"},
				"up": {"uv": [0, 0, 15.998, 0.998], "texture": "#2"},
				"down": {"uv": [0, 0, 15.998, 0.998], "texture": "#2"}
			}
		},
		{
			"from": [-16, 19.001, 10.501],
			"to": [-0.002, 21.999, 11.499],
			"rotation": {"angle": 22.5, "axis": "x", "origin": [0, 9, 11]},
			"faces": {
				"north": {"uv": [0, 9, 15.998, 11.998], "texture": "#2"},
				"east": {"uv": [0, 0, 0.998, 2.998], "texture": "#missing"},
				"south": {"uv": [0, 13, 15.998, 15.998], "texture": "#2"},
				"west": {"uv": [2, 4, 2.998, 6.998], "texture": "#2"},
				"up": {"uv": [0, 0, 15.998, 0.998], "texture": "#2"},
				"down": {"uv": [0, 0, 15.998, 0.998], "texture": "#2"}
			}
		},
		{
			"from": [15.999, 11, 10.5],
			"to": [31.999, 14, 11.5],
			"rotation": {"angle": 22.5, "axis": "x", "origin": [16, 9, 11]},
			"faces": {
				"north": {"uv": [0, 9, 16, 12], "texture": "#2"},
				"east": {"uv": [6, 4, 7, 6], "texture": "#2"},
				"south": {"uv": [0, 13, 16, 16], "texture": "#2"},
				"west": {"uv": [0, 0, 1, 2], "texture": "#missing"},
				"up": {"uv": [0, 0, 16, 1], "texture": "#2"},
				"down": {"uv": [0, 0, 16, 1], "texture": "#2"}
			}
		},
		{
			"from": [-13.999, 8.001, 11.501],
			"to": [-12.001, 23.999, 12.499],
			"rotation": {"angle": 22.5, "axis": "x", "origin": [0, 9, 11]},
			"faces": {
				"north": {"uv": [14, 0, 16, 16], "texture": "#0"},
				"east": {"uv": [0, 0, 1, 16], "texture": "#0"},
				"south": {"uv": [0, 0, 2, 16], "texture": "#0"},
				"west": {"uv": [0, 0, 1, 16], "texture": "#0"},
				"up": {"uv": [0, 0, 2, 1], "texture": "#0"},
				"down": {"uv": [0, 0, 2, 1], "texture": "#0"}
			}
		}
	],
	"display": {
		"thirdperson_righthand": {
			"translation": [0, 0, 1.25],
			"scale": [0.3, 0.3, 0.3]
		},
		"thirdperson_lefthand": {
			"translation": [0, 0, 1.25],
			"scale": [0.3, 0.3, 0.3]
		},
		"firstperson_righthand": {
			"translation": [9.25, 1.75, 0],
			"scale": [0.5, 0.5, 0.5]
		},
		"firstperson_lefthand": {
			"translation": [9.25, 1.75, 0],
			"scale": [0.5, 0.5, 0.5]
		},
		"ground": {
			"translation": [0, 2.25, 0],
			"scale": [0.5, 0.5, 0.5]
		},
		"gui": {
			"rotation": [15, 145, 0],
			"translation": [0, -1.25, 0],
			"scale": [0.35, 0.35, 0.35]
		},
		"head": {
			"translation": [0, 6.5, 3.5]
		},
		"fixed": {
			"rotation": [-90, 0, 0],
			"translation": [0, 0, -16],
			"scale": [2, 2, 2]
		}
	}
}