{
	"credit": "Made with Blockbench",
	"textures": {
		"0": "block/oak_log",
		"1": "block/oak_log_top",
		"particle": "block/oak_log"
	},
	"elements": [
		{
			"from": [3, 18, 6],
			"to": [7, 25, 7],
			"rotation": {"angle": 22.5, "axis": "x", "origin": [0, 0, 1]},
			"faces": {
				"north": {"uv": [5, 9, 9, 16], "texture": "#0"},
				"east": {"uv": [6, 9, 7, 16], "texture": "#0"},
				"south": {"uv": [5, 9, 9, 16], "texture": "#0"},
				"west": {"uv": [7, 9, 8, 16], "rotation": 180, "texture": "#0"},
				"up": {"uv": [6, 5, 10, 6], "texture": "#1"},
				"down": {"uv": [5, 0, 9, 1], "rotation": 180, "texture": "#missing"}
			}
		},
		{
			"from": [3, 2, 6],
			"to": [7, 18, 7],
			"rotation": {"angle": 22.5, "axis": "x", "origin": [0, 0, 1]},
			"faces": {
				"north": {"uv": [5, 0, 9, 16], "texture": "#0"},
				"east": {"uv": [6, 0, 7, 16], "texture": "#0"},
				"south": {"uv": [5, 0, 9, 16], "texture": "#0"},
				"west": {"uv": [6, 0, 7, 16], "rotation": 180, "texture": "#0"},
				"up": {"uv": [5, 0, 9, 1], "texture": "#missing"},
				"down": {"uv": [9, 2, 13, 3], "rotation": 180, "texture": "#1"}
			}
		},
		{
			"from": [6, 2, 8.5],
			"to": [10, 18, 9.5],
			"rotation": {"angle": 22.5, "axis": "x", "origin": [3, 0, 3.5]},
			"faces": {
				"north": {"uv": [9, 0, 13, 16], "texture": "#0"},
				"east": {"uv": [10, 0, 11, 16], "texture": "#0"},
				"south": {"uv": [9, 0, 13, 16], "texture": "#0"},
				"west": {"uv": [10, 0, 11, 16], "rotation": 180, "texture": "#0"},
				"up": {"uv": [9, 2, 13, 3], "texture": "#1"},
				"down": {"uv": [9, 2, 13, 3], "rotation": 180, "texture": "#1"}
			}
		}
	],
	"display": {
		"thirdperson_righthand": {
			"translation": [0.25, 4, 0],
			"scale": [0.5, 0.5, 0.5]
		},
		"thirdperson_lefthand": {
			"translation": [0.25, 4, 0],
			"scale": [0.5, 0.5, 0.5]
		},
		"firstperson_righthand": {
			"rotation": [0, -109, 0],
			"translation": [3.25, 9.25, 0]
		},
		"firstperson_lefthand": {
			"rotation": [0, -109, 0],
			"translation": [3.25, 9.25, 0]
		},
		"ground": {
			"translation": [0, 2.25, 0],
			"scale": [0.5, 0.5, 0.5]
		},
		"gui": {
			"rotation": [15, 145, 0],
			"scale": [0.5, 0.5, 0.5]
		},
		"head": {
			"translation": [2.25, 14.5, 0]
		},
		"fixed": {
			"rotation": [-90, 0, 0],
			"translation": [0, 0, -16],
			"scale": [2, 2, 2]
		}
	}
}