{
	"credit": "Made with Blockbench",
	"textures": {
		"0": "block/stripped_oak_log",
		"1": "block/oak_planks",
		"particle": "block/stripped_oak_log"
	},
	"elements": [
		{
			"from": [-1.79609, 1, 17],
			"to": [12.20391, 15, 31],
			"rotation": {"angle": 0, "axis": "y", "origin": [5.20391, 0, 19]},
			"faces": {
				"north": {"uv": [2, 0, 16, 14], "texture": "#1"},
				"east": {"uv": [2, 0, 16, 14], "texture": "#1"},
				"south": {"uv": [2, 0, 16, 14], "texture": "#1"},
				"west": {"uv": [2, 0, 16, 14], "texture": "#1"},
				"up": {"uv": [0, 2, 14, 16], "texture": "#1"},
				"down": {"uv": [0, 2, 14, 16], "texture": "#1"}
			}
		},
		{
			"from": [11.20391, 0, 30],
			"to": [13.20391, 16, 32],
			"rotation": {"angle": 0, "axis": "y", "origin": [5.20391, 0, 19]},
			"faces": {
				"north": {"uv": [2, 0, 4, 16], "texture": "#0"},
				"east": {"uv": [2, 0, 4, 16], "texture": "#0"},
				"south": {"uv": [2, 0, 4, 16], "texture": "#0"},
				"west": {"uv": [2, 0, 4, 16], "texture": "#0"},
				"up": {"uv": [0, 2, 2, 4], "texture": "#0"},
				"down": {"uv": [0, 2, 2, 4], "texture": "#0"}
			}
		},
		{
			"from": [11.20391, 0, 18],
			"to": [13.20391, 2, 30],
			"rotation": {"angle": 0, "axis": "y", "origin": [5.20391, 0, 19]},
			"faces": {
				"north": {"uv": [2, 0, 0, 2], "texture": "#missing"},
				"east": {"uv": [0, 12, 2, 0], "rotation": 90, "texture": "#0"},
				"south": {"uv": [2, 0, 0, 2], "texture": "#missing"},
				"west": {"uv": [0, 12, 2, 0], "rotation": 90, "texture": "#0"},
				"up": {"uv": [0, 12, 2, 0], "texture": "#0"},
				"down": {"uv": [0, 12, 2, 0], "texture": "#0"}
			}
		},
		{
			"from": [11.20391, 14, 18],
			"to": [13.20391, 16, 30],
			"rotation": {"angle": 0, "axis": "y", "origin": [5.20391, 0, 19]},
			"faces": {
				"north": {"uv": [2, 0, 0, 2], "texture": "#missing"},
				"east": {"uv": [1, 12, 3, 0], "rotation": 90, "texture": "#0"},
				"south": {"uv": [2, 0, 0, 2], "texture": "#missing"},
				"west": {"uv": [3, 12, 5, 0], "rotation": 90, "texture": "#0"},
				"up": {"uv": [0, 12, 2, 0], "texture": "#0"},
				"down": {"uv": [0, 12, 2, 0], "texture": "#0"}
			}
		},
		{
			"from": [-2.79609, 14, 18],
			"to": [-0.79609, 16, 30],
			"rotation": {"angle": 0, "axis": "y", "origin": [5.20391, 0, 19]},
			"faces": {
				"north": {"uv": [2, 0, 0, 2], "texture": "#missing"},
				"east": {"uv": [2, 12, 4, 0], "rotation": 90, "texture": "#0"},
				"south": {"uv": [2, 0, 0, 2], "texture": "#missing"},
				"west": {"uv": [1, 12, 3, 0], "rotation": 90, "texture": "#0"},
				"up": {"uv": [0, 12, 2, 0], "texture": "#0"},
				"down": {"uv": [0, 12, 2, 0], "texture": "#0"}
			}
		},
		{
			"from": [-2.79609, 0, 18],
			"to": [-0.79609, 2, 30],
			"rotation": {"angle": 0, "axis": "y", "origin": [5.20391, 0, 19]},
			"faces": {
				"north": {"uv": [2, 0, 0, 2], "texture": "#missing"},
				"east": {"uv": [2, 12, 4, 0], "rotation": 90, "texture": "#0"},
				"south": {"uv": [2, 0, 0, 2], "texture": "#missing"},
				"west": {"uv": [1, 12, 3, 0], "rotation": 90, "texture": "#0"},
				"up": {"uv": [0, 12, 2, 0], "texture": "#0"},
				"down": {"uv": [0, 12, 2, 0], "texture": "#0"}
			}
		},
		{
			"from": [-2.79609, 0, 16],
			"to": [-0.79609, 16, 18],
			"rotation": {"angle": 0, "axis": "y", "origin": [5.20391, 0, 19]},
			"faces": {
				"north": {"uv": [2, 0, 0, 16], "texture": "#0"},
				"east": {"uv": [2, 0, 0, 16], "texture": "#0"},
				"south": {"uv": [2, 0, 0, 16], "texture": "#0"},
				"west": {"uv": [2, 0, 0, 16], "texture": "#0"},
				"up": {"uv": [1, 2, 3, 0], "texture": "#0"},
				"down": {"uv": [3, 2, 5, 0], "texture": "#0"}
			}
		},
		{
			"from": [-0.79609, 0, 16],
			"to": [11.20391, 2, 18],
			"rotation": {"angle": 0, "axis": "y", "origin": [5.20391, 0, 19]},
			"faces": {
				"north": {"uv": [0, 12, 2, 0], "rotation": 90, "texture": "#0"},
				"east": {"uv": [2, 0, 0, 2], "texture": "#0"},
				"south": {"uv": [2, 12, 4, 0], "rotation": 90, "texture": "#0"},
				"west": {"uv": [2, 0, 0, 2], "texture": "#missing"},
				"up": {"uv": [3, 0, 1, 12], "rotation": 90, "texture": "#0"},
				"down": {"uv": [5, 0, 3, 12], "rotation": 90, "texture": "#0"}
			}
		},
		{
			"from": [-0.79609, 14, 16],
			"to": [11.20391, 16, 18],
			"rotation": {"angle": 0, "axis": "y", "origin": [5.20391, 0, 19]},
			"faces": {
				"north": {"uv": [3, 12, 5, 0], "rotation": 90, "texture": "#0"},
				"east": {"uv": [2, 0, 0, 2], "texture": "#0"},
				"south": {"uv": [0, 12, 2, 0], "rotation": 90, "texture": "#0"},
				"west": {"uv": [2, 0, 0, 2], "texture": "#missing"},
				"up": {"uv": [3, 0, 1, 12], "rotation": 90, "texture": "#0"},
				"down": {"uv": [4, 0, 2, 12], "rotation": 90, "texture": "#0"}
			}
		},
		{
			"from": [-0.79609, 0, 30],
			"to": [11.20391, 2, 32],
			"rotation": {"angle": 0, "axis": "y", "origin": [5.20391, 0, 19]},
			"faces": {
				"north": {"uv": [3, 12, 5, 0], "rotation": 90, "texture": "#0"},
				"east": {"uv": [2, 0, 0, 2], "texture": "#0"},
				"south": {"uv": [0, 12, 2, 0], "rotation": 90, "texture": "#0"},
				"west": {"uv": [2, 0, 0, 2], "texture": "#missing"},
				"up": {"uv": [2, 0, 0, 12], "rotation": 90, "texture": "#0"},
				"down": {"uv": [2, 0, 0, 12], "rotation": 90, "texture": "#0"}
			}
		},
		{
			"from": [-0.79609, 14, 30],
			"to": [11.20391, 16, 32],
			"rotation": {"angle": 0, "axis": "y", "origin": [5.20391, 0, 19]},
			"faces": {
				"north": {"uv": [4, 12, 6, 0], "rotation": 90, "texture": "#0"},
				"east": {"uv": [2, 0, 0, 2], "texture": "#0"},
				"south": {"uv": [3, 12, 5, 0], "rotation": 90, "texture": "#0"},
				"west": {"uv": [2, 0, 0, 2], "texture": "#missing"},
				"up": {"uv": [4, 0, 2, 12], "rotation": 90, "texture": "#0"},
				"down": {"uv": [3, 0, 1, 12], "rotation": 90, "texture": "#0"}
			}
		},
		{
			"from": [11.20391, 0, 16],
			"to": [13.20391, 16, 18],
			"rotation": {"angle": 0, "axis": "y", "origin": [5.20391, 0, 19]},
			"faces": {
				"north": {"uv": [2, 0, 0, 16], "texture": "#0"},
				"east": {"uv": [2, 0, 0, 16], "texture": "#0"},
				"south": {"uv": [2, 0, 0, 16], "texture": "#0"},
				"west": {"uv": [3, 0, 1, 16], "texture": "#0"},
				"up": {"uv": [0, 2, 2, 0], "texture": "#0"},
				"down": {"uv": [2, 2, 4, 0], "texture": "#0"}
			}
		},
		{
			"from": [-2.79609, 0, 30],
			"to": [-0.79609, 16, 32],
			"rotation": {"angle": 0, "axis": "y", "origin": [5.20391, 0, 19]},
			"faces": {
				"north": {"uv": [2, 0, 0, 16], "texture": "#0"},
				"east": {"uv": [2, 0, 0, 16], "texture": "#0"},
				"south": {"uv": [2, 0, 0, 16], "texture": "#0"},
				"west": {"uv": [3, 0, 1, 16], "texture": "#0"},
				"up": {"uv": [2, 3, 4, 1], "texture": "#0"},
				"down": {"uv": [4, 2, 6, 0], "texture": "#0"}
			}
		},
		{
			"from": [15.20391, 1, 16],
			"to": [29.20391, 15, 30],
			"rotation": {"angle": 22.5, "axis": "y", "origin": [5.20391, 0, 19]},
			"faces": {
				"north": {"uv": [2, 0, 16, 14], "texture": "#1"},
				"east": {"uv": [2, 0, 16, 14], "texture": "#1"},
				"south": {"uv": [2, 0, 16, 14], "texture": "#1"},
				"west": {"uv": [2, 0, 16, 14], "texture": "#1"},
				"up": {"uv": [0, 2, 14, 16], "texture": "#1"},
				"down": {"uv": [0, 2, 14, 16], "texture": "#1"}
			}
		},
		{
			"from": [28.20391, 0, 29],
			"to": [30.20391, 16, 31],
			"rotation": {"angle": 22.5, "axis": "y", "origin": [5.20391, 0, 19]},
			"faces": {
				"north": {"uv": [2, 0, 4, 16], "texture": "#0"},
				"east": {"uv": [2, 0, 4, 16], "texture": "#0"},
				"south": {"uv": [2, 0, 4, 16], "texture": "#0"},
				"west": {"uv": [2, 0, 4, 16], "texture": "#0"},
				"up": {"uv": [0, 2, 2, 4], "texture": "#0"},
				"down": {"uv": [0, 2, 2, 4], "texture": "#0"}
			}
		},
		{
			"from": [28.20391, 0, 17],
			"to": [30.20391, 2, 29],
			"rotation": {"angle": 22.5, "axis": "y", "origin": [5.20391, 0, 19]},
			"faces": {
				"north": {"uv": [2, 0, 0, 2], "texture": "#missing"},
				"east": {"uv": [0, 12, 2, 0], "rotation": 90, "texture": "#0"},
				"south": {"uv": [2, 0, 0, 2], "texture": "#missing"},
				"west": {"uv": [0, 12, 2, 0], "rotation": 90, "texture": "#0"},
				"up": {"uv": [0, 12, 2, 0], "texture": "#0"},
				"down": {"uv": [0, 12, 2, 0], "texture": "#0"}
			}
		},
		{
			"from": [28.20391, 14, 17],
			"to": [30.20391, 16, 29],
			"rotation": {"angle": 22.5, "axis": "y", "origin": [5.20391, 0, 19]},
			"faces": {
				"north": {"uv": [2, 0, 0, 2], "texture": "#missing"},
				"east": {"uv": [1, 12, 3, 0], "rotation": 90, "texture": "#0"},
				"south": {"uv": [2, 0, 0, 2], "texture": "#missing"},
				"west": {"uv": [3, 12, 5, 0], "rotation": 90, "texture": "#0"},
				"up": {"uv": [0, 12, 2, 0], "texture": "#0"},
				"down": {"uv": [0, 12, 2, 0], "texture": "#0"}
			}
		},
		{
			"from": [14.20391, 14, 17],
			"to": [16.20391, 16, 29],
			"rotation": {"angle": 22.5, "axis": "y", "origin": [5.20391, 0, 19]},
			"faces": {
				"north": {"uv": [2, 0, 0, 2], "texture": "#missing"},
				"east": {"uv": [2, 12, 4, 0], "rotation": 90, "texture": "#0"},
				"south": {"uv": [2, 0, 0, 2], "texture": "#missing"},
				"west": {"uv": [1, 12, 3, 0], "rotation": 90, "texture": "#0"},
				"up": {"uv": [0, 12, 2, 0], "texture": "#0"},
				"down": {"uv": [0, 12, 2, 0], "texture": "#0"}
			}
		},
		{
			"from": [14.20391, 0, 17],
			"to": [16.20391, 2, 29],
			"rotation": {"angle": 22.5, "axis": "y", "origin": [5.20391, 0, 19]},
			"faces": {
				"north": {"uv": [2, 0, 0, 2], "texture": "#missing"},
				"east": {"uv": [2, 12, 4, 0], "rotation": 90, "texture": "#0"},
				"south": {"uv": [2, 0, 0, 2], "texture": "#missing"},
				"west": {"uv": [1, 12, 3, 0], "rotation": 90, "texture": "#0"},
				"up": {"uv": [0, 12, 2, 0], "texture": "#0"},
				"down": {"uv": [0, 12, 2, 0], "texture": "#0"}
			}
		},
		{
			"from": [14.20391, 0, 15],
			"to": [16.20391, 16, 17],
			"rotation": {"angle": 22.5, "axis": "y", "origin": [5.20391, 0, 19]},
			"faces": {
				"north": {"uv": [2, 0, 0, 16], "texture": "#0"},
				"east": {"uv": [2, 0, 0, 16], "texture": "#0"},
				"south": {"uv": [2, 0, 0, 16], "texture": "#0"},
				"west": {"uv": [2, 0, 0, 16], "texture": "#0"},
				"up": {"uv": [1, 2, 3, 0], "texture": "#0"},
				"down": {"uv": [3, 2, 5, 0], "texture": "#0"}
			}
		},
		{
			"from": [16.20391, 0, 15],
			"to": [28.20391, 2, 17],
			"rotation": {"angle": 22.5, "axis": "y", "origin": [5.20391, 0, 19]},
			"faces": {
				"north": {"uv": [0, 12, 2, 0], "rotation": 90, "texture": "#0"},
				"east": {"uv": [2, 0, 0, 2], "texture": "#0"},
				"south": {"uv": [2, 12, 4, 0], "rotation": 90, "texture": "#0"},
				"west": {"uv": [2, 0, 0, 2], "texture": "#missing"},
				"up": {"uv": [3, 0, 1, 12], "rotation": 90, "texture": "#0"},
				"down": {"uv": [5, 0, 3, 12], "rotation": 90, "texture": "#0"}
			}
		},
		{
			"from": [16.20391, 14, 15],
			"to": [28.20391, 16, 17],
			"rotation": {"angle": 22.5, "axis": "y", "origin": [5.20391, 0, 19]},
			"faces": {
				"north": {"uv": [3, 12, 5, 0], "rotation": 90, "texture": "#0"},
				"east": {"uv": [2, 0, 0, 2], "texture": "#0"},
				"south": {"uv": [0, 12, 2, 0], "rotation": 90, "texture": "#0"},
				"west": {"uv": [2, 0, 0, 2], "texture": "#missing"},
				"up": {"uv": [3, 0, 1, 12], "rotation": 90, "texture": "#0"},
				"down": {"uv": [4, 0, 2, 12], "rotation": 90, "texture": "#0"}
			}
		},
		{
			"from": [16.20391, 0, 29],
			"to": [28.20391, 2, 31],
			"rotation": {"angle": 22.5, "axis": "y", "origin": [5.20391, 0, 19]},
			"faces": {
				"north": {"uv": [3, 12, 5, 0], "rotation": 90, "texture": "#0"},
				"east": {"uv": [2, 0, 0, 2], "texture": "#0"},
				"south": {"uv": [0, 12, 2, 0], "rotation": 90, "texture": "#0"},
				"west": {"uv": [2, 0, 0, 2], "texture": "#missing"},
				"up": {"uv": [2, 0, 0, 12], "rotation": 90, "texture": "#0"},
				"down": {"uv": [2, 0, 0, 12], "rotation": 90, "texture": "#0"}
			}
		},
		{
			"from": [16.20391, 14, 29],
			"to": [28.20391, 16, 31],
			"rotation": {"angle": 22.5, "axis": "y", "origin": [5.20391, 0, 19]},
			"faces": {
				"north": {"uv": [4, 12, 6, 0], "rotation": 90, "texture": "#0"},
				"east": {"uv": [2, 0, 0, 2], "texture": "#0"},
				"south": {"uv": [3, 12, 5, 0], "rotation": 90, "texture": "#0"},
				"west": {"uv": [2, 0, 0, 2], "texture": "#missing"},
				"up": {"uv": [4, 0, 2, 12], "rotation": 90, "texture": "#0"},
				"down": {"uv": [3, 0, 1, 12], "rotation": 90, "texture": "#0"}
			}
		},
		{
			"from": [28.20391, 0, 15],
			"to": [30.20391, 16, 17],
			"rotation": {"angle": 22.5, "axis": "y", "origin": [5.20391, 0, 19]},
			"faces": {
				"north": {"uv": [2, 0, 0, 16], "texture": "#0"},
				"east": {"uv": [2, 0, 0, 16], "texture": "#0"},
				"south": {"uv": [2, 0, 0, 16], "texture": "#0"},
				"west": {"uv": [3, 0, 1, 16], "texture": "#0"},
				"up": {"uv": [0, 2, 2, 0], "texture": "#0"},
				"down": {"uv": [2, 2, 4, 0], "texture": "#0"}
			}
		},
		{
			"from": [14.20391, 0, 29],
			"to": [16.20391, 16, 31],
			"rotation": {"angle": 22.5, "axis": "y", "origin": [5.20391, 0, 19]},
			"faces": {
				"north": {"uv": [2, 0, 0, 16], "texture": "#0"},
				"east": {"uv": [2, 0, 0, 16], "texture": "#0"},
				"south": {"uv": [2, 0, 0, 16], "texture": "#0"},
				"west": {"uv": [3, 0, 1, 16], "texture": "#0"},
				"up": {"uv": [2, 3, 4, 1], "texture": "#0"},
				"down": {"uv": [4, 2, 6, 0], "texture": "#0"}
			}
		},
		{
			"from": [-6.79609, 1, -1],
			"to": [7.20391, 15, 13],
			"rotation": {"angle": -22.5, "axis": "y", "origin": [5.20391, 0, 19]},
			"faces": {
				"north": {"uv": [2, 0, 16, 14], "texture": "#1"},
				"east": {"uv": [2, 0, 16, 14], "texture": "#1"},
				"south": {"uv": [2, 0, 16, 14], "texture": "#1"},
				"west": {"uv": [2, 0, 16, 14], "texture": "#1"},
				"up": {"uv": [0, 2, 14, 16], "texture": "#1"},
				"down": {"uv": [0, 2, 14, 16], "texture": "#1"}
			}
		},
		{
			"from": [6.20391, 0, 12],
			"to": [8.20391, 16, 14],
			"rotation": {"angle": -22.5, "axis": "y", "origin": [5.20391, 0, 19]},
			"faces": {
				"north": {"uv": [2, 0, 4, 16], "texture": "#0"},
				"east": {"uv": [2, 0, 4, 16], "texture": "#0"},
				"south": {"uv": [2, 0, 4, 16], "texture": "#0"},
				"west": {"uv": [2, 0, 4, 16], "texture": "#0"},
				"up": {"uv": [0, 2, 2, 4], "texture": "#0"},
				"down": {"uv": [0, 2, 2, 4], "texture": "#0"}
			}
		},
		{
			"from": [6.20391, 0, 0],
			"to": [8.20391, 2, 12],
			"rotation": {"angle": -22.5, "axis": "y", "origin": [5.20391, 0, 19]},
			"faces": {
				"north": {"uv": [2, 0, 0, 2], "texture": "#missing"},
				"east": {"uv": [0, 12, 2, 0], "rotation": 90, "texture": "#0"},
				"south": {"uv": [2, 0, 0, 2], "texture": "#missing"},
				"west": {"uv": [0, 12, 2, 0], "rotation": 90, "texture": "#0"},
				"up": {"uv": [0, 12, 2, 0], "texture": "#0"},
				"down": {"uv": [0, 12, 2, 0], "texture": "#0"}
			}
		},
		{
			"from": [6.20391, 14, 0],
			"to": [8.20391, 16, 12],
			"rotation": {"angle": -22.5, "axis": "y", "origin": [5.20391, 0, 19]},
			"faces": {
				"north": {"uv": [2, 0, 0, 2], "texture": "#missing"},
				"east": {"uv": [1, 12, 3, 0], "rotation": 90, "texture": "#0"},
				"south": {"uv": [2, 0, 0, 2], "texture": "#missing"},
				"west": {"uv": [3, 12, 5, 0], "rotation": 90, "texture": "#0"},
				"up": {"uv": [0, 12, 2, 0], "texture": "#0"},
				"down": {"uv": [0, 12, 2, 0], "texture": "#0"}
			}
		},
		{
			"from": [-7.79609, 14, 0],
			"to": [-5.79609, 16, 12],
			"rotation": {"angle": -22.5, "axis": "y", "origin": [5.20391, 0, 19]},
			"faces": {
				"north": {"uv": [2, 0, 0, 2], "texture": "#missing"},
				"east": {"uv": [2, 12, 4, 0], "rotation": 90, "texture": "#0"},
				"south": {"uv": [2, 0, 0, 2], "texture": "#missing"},
				"west": {"uv": [1, 12, 3, 0], "rotation": 90, "texture": "#0"},
				"up": {"uv": [0, 12, 2, 0], "texture": "#0"},
				"down": {"uv": [0, 12, 2, 0], "texture": "#0"}
			}
		},
		{
			"from": [-7.79609, 0, 0],
			"to": [-5.79609, 2, 12],
			"rotation": {"angle": -22.5, "axis": "y", "origin": [5.20391, 0, 19]},
			"faces": {
				"north": {"uv": [2, 0, 0, 2], "texture": "#missing"},
				"east": {"uv": [2, 12, 4, 0], "rotation": 90, "texture": "#0"},
				"south": {"uv": [2, 0, 0, 2], "texture": "#missing"},
				"west": {"uv": [1, 12, 3, 0], "rotation": 90, "texture": "#0"},
				"up": {"uv": [0, 12, 2, 0], "texture": "#0"},
				"down": {"uv": [0, 12, 2, 0], "texture": "#0"}
			}
		},
		{
			"from": [-7.79609, 0, -2],
			"to": [-5.79609, 16, 0],
			"rotation": {"angle": -22.5, "axis": "y", "origin": [5.20391, 0, 19]},
			"faces": {
				"north": {"uv": [2, 0, 0, 16], "texture": "#0"},
				"east": {"uv": [2, 0, 0, 16], "texture": "#0"},
				"south": {"uv": [2, 0, 0, 16], "texture": "#0"},
				"west": {"uv": [2, 0, 0, 16], "texture": "#0"},
				"up": {"uv": [1, 2, 3, 0], "texture": "#0"},
				"down": {"uv": [3, 2, 5, 0], "texture": "#0"}
			}
		},
		{
			"from": [-5.79609, 0, -2],
			"to": [6.20391, 2, 0],
			"rotation": {"angle": -22.5, "axis": "y", "origin": [5.20391, 0, 19]},
			"faces": {
				"north": {"uv": [0, 12, 2, 0], "rotation": 90, "texture": "#0"},
				"east": {"uv": [2, 0, 0, 2], "texture": "#0"},
				"south": {"uv": [2, 12, 4, 0], "rotation": 90, "texture": "#0"},
				"west": {"uv": [2, 0, 0, 2], "texture": "#missing"},
				"up": {"uv": [3, 0, 1, 12], "rotation": 90, "texture": "#0"},
				"down": {"uv": [5, 0, 3, 12], "rotation": 90, "texture": "#0"}
			}
		},
		{
			"from": [-5.79609, 14, -2],
			"to": [6.20391, 16, 0],
			"rotation": {"angle": -22.5, "axis": "y", "origin": [5.20391, 0, 19]},
			"faces": {
				"north": {"uv": [3, 12, 5, 0], "rotation": 90, "texture": "#0"},
				"east": {"uv": [2, 0, 0, 2], "texture": "#0"},
				"south": {"uv": [0, 12, 2, 0], "rotation": 90, "texture": "#0"},
				"west": {"uv": [2, 0, 0, 2], "texture": "#missing"},
				"up": {"uv": [3, 0, 1, 12], "rotation": 90, "texture": "#0"},
				"down": {"uv": [4, 0, 2, 12], "rotation": 90, "texture": "#0"}
			}
		},
		{
			"from": [-5.79609, 0, 12],
			"to": [6.20391, 2, 14],
			"rotation": {"angle": -22.5, "axis": "y", "origin": [5.20391, 0, 19]},
			"faces": {
				"north": {"uv": [3, 12, 5, 0], "rotation": 90, "texture": "#0"},
				"east": {"uv": [2, 0, 0, 2], "texture": "#0"},
				"south": {"uv": [0, 12, 2, 0], "rotation": 90, "texture": "#0"},
				"west": {"uv": [2, 0, 0, 2], "texture": "#missing"},
				"up": {"uv": [2, 0, 0, 12], "rotation": 90, "texture": "#0"},
				"down": {"uv": [2, 0, 0, 12], "rotation": 90, "texture": "#0"}
			}
		},
		{
			"from": [-5.79609, 14, 12],
			"to": [6.20391, 16, 14],
			"rotation": {"angle": -22.5, "axis": "y", "origin": [5.20391, 0, 19]},
			"faces": {
				"north": {"uv": [4, 12, 6, 0], "rotation": 90, "texture": "#0"},
				"east": {"uv": [2, 0, 0, 2], "texture": "#0"},
				"south": {"uv": [3, 12, 5, 0], "rotation": 90, "texture": "#0"},
				"west": {"uv": [2, 0, 0, 2], "texture": "#missing"},
				"up": {"uv": [4, 0, 2, 12], "rotation": 90, "texture": "#0"},
				"down": {"uv": [3, 0, 1, 12], "rotation": 90, "texture": "#0"}
			}
		},
		{
			"from": [6.20391, 0, -2],
			"to": [8.20391, 16, 0],
			"rotation": {"angle": -22.5, "axis": "y", "origin": [5.20391, 0, 19]},
			"faces": {
				"north": {"uv": [2, 0, 0, 16], "texture": "#0"},
				"east": {"uv": [2, 0, 0, 16], "texture": "#0"},
				"south": {"uv": [2, 0, 0, 16], "texture": "#0"},
				"west": {"uv": [3, 0, 1, 16], "texture": "#0"},
				"up": {"uv": [0, 2, 2, 0], "texture": "#0"},
				"down": {"uv": [2, 2, 4, 0], "texture": "#0"}
			}
		},
		{
			"from": [-7.79609, 0, 12],
			"to": [-5.79609, 16, 14],
			"rotation": {"angle": -22.5, "axis": "y", "origin": [5.20391, 0, 19]},
			"faces": {
				"north": {"uv": [2, 0, 0, 16], "texture": "#0"},
				"east": {"uv": [2, 0, 0, 16], "texture": "#0"},
				"south": {"uv": [2, 0, 0, 16], "texture": "#0"},
				"west": {"uv": [3, 0, 1, 16], "texture": "#0"},
				"up": {"uv": [2, 3, 4, 1], "texture": "#0"},
				"down": {"uv": [4, 2, 6, 0], "texture": "#0"}
			}
		},
		{
			"from": [6.20391, 17, 14],
			"to": [20.20391, 31, 28],
			"rotation": {"angle": 45, "axis": "y", "origin": [5.20391, 0, 19]},
			"faces": {
				"north": {"uv": [2, 0, 16, 14], "texture": "#1"},
				"east": {"uv": [2, 0, 16, 14], "texture": "#1"},
				"south": {"uv": [2, 0, 16, 14], "texture": "#1"},
				"west": {"uv": [2, 0, 16, 14], "texture": "#1"},
				"up": {"uv": [0, 2, 14, 16], "texture": "#1"},
				"down": {"uv": [0, 2, 14, 16], "texture": "#1"}
			}
		},
		{
			"from": [19.20391, 16, 27],
			"to": [21.20391, 32, 29],
			"rotation": {"angle": 45, "axis": "y", "origin": [5.20391, 0, 19]},
			"faces": {
				"north": {"uv": [2, 0, 4, 16], "texture": "#0"},
				"east": {"uv": [2, 0, 4, 16], "texture": "#0"},
				"south": {"uv": [2, 0, 4, 16], "texture": "#0"},
				"west": {"uv": [2, 0, 4, 16], "texture": "#0"},
				"up": {"uv": [0, 2, 2, 4], "texture": "#0"},
				"down": {"uv": [0, 2, 2, 4], "texture": "#0"}
			}
		},
		{
			"from": [19.20391, 16, 15],
			"to": [21.20391, 18, 27],
			"rotation": {"angle": 45, "axis": "y", "origin": [5.20391, 0, 19]},
			"faces": {
				"north": {"uv": [2, 0, 0, 2], "texture": "#missing"},
				"east": {"uv": [0, 12, 2, 0], "rotation": 90, "texture": "#0"},
				"south": {"uv": [2, 0, 0, 2], "texture": "#missing"},
				"west": {"uv": [0, 12, 2, 0], "rotation": 90, "texture": "#0"},
				"up": {"uv": [0, 12, 2, 0], "texture": "#0"},
				"down": {"uv": [0, 12, 2, 0], "texture": "#0"}
			}
		},
		{
			"from": [19.20391, 30, 15],
			"to": [21.20391, 32, 27],
			"rotation": {"angle": 45, "axis": "y", "origin": [5.20391, 0, 19]},
			"faces": {
				"north": {"uv": [2, 0, 0, 2], "texture": "#missing"},
				"east": {"uv": [1, 12, 3, 0], "rotation": 90, "texture": "#0"},
				"south": {"uv": [2, 0, 0, 2], "texture": "#missing"},
				"west": {"uv": [3, 12, 5, 0], "rotation": 90, "texture": "#0"},
				"up": {"uv": [0, 12, 2, 0], "texture": "#0"},
				"down": {"uv": [0, 12, 2, 0], "texture": "#0"}
			}
		},
		{
			"from": [5.20391, 30, 15],
			"to": [7.20391, 32, 27],
			"rotation": {"angle": 45, "axis": "y", "origin": [5.20391, 0, 19]},
			"faces": {
				"north": {"uv": [2, 0, 0, 2], "texture": "#missing"},
				"east": {"uv": [2, 12, 4, 0], "rotation": 90, "texture": "#0"},
				"south": {"uv": [2, 0, 0, 2], "texture": "#missing"},
				"west": {"uv": [1, 12, 3, 0], "rotation": 90, "texture": "#0"},
				"up": {"uv": [0, 12, 2, 0], "texture": "#0"},
				"down": {"uv": [0, 12, 2, 0], "texture": "#0"}
			}
		},
		{
			"from": [5.20391, 16, 15],
			"to": [7.20391, 18, 27],
			"rotation": {"angle": 45, "axis": "y", "origin": [5.20391, 0, 19]},
			"faces": {
				"north": {"uv": [2, 0, 0, 2], "texture": "#missing"},
				"east": {"uv": [2, 12, 4, 0], "rotation": 90, "texture": "#0"},
				"south": {"uv": [2, 0, 0, 2], "texture": "#missing"},
				"west": {"uv": [1, 12, 3, 0], "rotation": 90, "texture": "#0"},
				"up": {"uv": [0, 12, 2, 0], "texture": "#0"},
				"down": {"uv": [0, 12, 2, 0], "texture": "#0"}
			}
		},
		{
			"from": [5.20391, 16, 13],
			"to": [7.20391, 32, 15],
			"rotation": {"angle": 45, "axis": "y", "origin": [5.20391, 0, 19]},
			"faces": {
				"north": {"uv": [2, 0, 0, 16], "texture": "#0"},
				"east": {"uv": [2, 0, 0, 16], "texture": "#0"},
				"south": {"uv": [2, 0, 0, 16], "texture": "#0"},
				"west": {"uv": [2, 0, 0, 16], "texture": "#0"},
				"up": {"uv": [1, 2, 3, 0], "texture": "#0"},
				"down": {"uv": [3, 2, 5, 0], "texture": "#0"}
			}
		},
		{
			"from": [7.20391, 16, 13],
			"to": [19.20391, 18, 15],
			"rotation": {"angle": 45, "axis": "y", "origin": [5.20391, 0, 19]},
			"faces": {
				"north": {"uv": [0, 12, 2, 0], "rotation": 90, "texture": "#0"},
				"east": {"uv": [2, 0, 0, 2], "texture": "#0"},
				"south": {"uv": [2, 12, 4, 0], "rotation": 90, "texture": "#0"},
				"west": {"uv": [2, 0, 0, 2], "texture": "#missing"},
				"up": {"uv": [3, 0, 1, 12], "rotation": 90, "texture": "#0"},
				"down": {"uv": [5, 0, 3, 12], "rotation": 90, "texture": "#0"}
			}
		},
		{
			"from": [7.20391, 30, 13],
			"to": [19.20391, 32, 15],
			"rotation": {"angle": 45, "axis": "y", "origin": [5.20391, 0, 19]},
			"faces": {
				"north": {"uv": [3, 12, 5, 0], "rotation": 90, "texture": "#0"},
				"east": {"uv": [2, 0, 0, 2], "texture": "#0"},
				"south": {"uv": [0, 12, 2, 0], "rotation": 90, "texture": "#0"},
				"west": {"uv": [2, 0, 0, 2], "texture": "#missing"},
				"up": {"uv": [3, 0, 1, 12], "rotation": 90, "texture": "#0"},
				"down": {"uv": [4, 0, 2, 12], "rotation": 90, "texture": "#0"}
			}
		},
		{
			"from": [7.20391, 16, 27],
			"to": [19.20391, 18, 29],
			"rotation": {"angle": 45, "axis": "y", "origin": [5.20391, 0, 19]},
			"faces": {
				"north": {"uv": [3, 12, 5, 0], "rotation": 90, "texture": "#0"},
				"east": {"uv": [2, 0, 0, 2], "texture": "#0"},
				"south": {"uv": [0, 12, 2, 0], "rotation": 90, "texture": "#0"},
				"west": {"uv": [2, 0, 0, 2], "texture": "#missing"},
				"up": {"uv": [2, 0, 0, 12], "rotation": 90, "texture": "#0"},
				"down": {"uv": [2, 0, 0, 12], "rotation": 90, "texture": "#0"}
			}
		},
		{
			"from": [7.20391, 30, 27],
			"to": [19.20391, 32, 29],
			"rotation": {"angle": 45, "axis": "y", "origin": [5.20391, 0, 19]},
			"faces": {
				"north": {"uv": [4, 12, 6, 0], "rotation": 90, "texture": "#0"},
				"east": {"uv": [2, 0, 0, 2], "texture": "#0"},
				"south": {"uv": [3, 12, 5, 0], "rotation": 90, "texture": "#0"},
				"west": {"uv": [2, 0, 0, 2], "texture": "#missing"},
				"up": {"uv": [4, 0, 2, 12], "rotation": 90, "texture": "#0"},
				"down": {"uv": [3, 0, 1, 12], "rotation": 90, "texture": "#0"}
			}
		},
		{
			"from": [19.20391, 16, 13],
			"to": [21.20391, 32, 15],
			"rotation": {"angle": 45, "axis": "y", "origin": [5.20391, 0, 19]},
			"faces": {
				"north": {"uv": [2, 0, 0, 16], "texture": "#0"},
				"east": {"uv": [2, 0, 0, 16], "texture": "#0"},
				"south": {"uv": [2, 0, 0, 16], "texture": "#0"},
				"west": {"uv": [3, 0, 1, 16], "texture": "#0"},
				"up": {"uv": [0, 2, 2, 0], "texture": "#0"},
				"down": {"uv": [2, 2, 4, 0], "texture": "#0"}
			}
		},
		{
			"from": [5.20391, 16, 27],
			"to": [7.20391, 32, 29],
			"rotation": {"angle": 45, "axis": "y", "origin": [5.20391, 0, 19]},
			"faces": {
				"north": {"uv": [2, 0, 0, 16], "texture": "#0"},
				"east": {"uv": [2, 0, 0, 16], "texture": "#0"},
				"south": {"uv": [2, 0, 0, 16], "texture": "#0"},
				"west": {"uv": [3, 0, 1, 16], "texture": "#0"},
				"up": {"uv": [2, 3, 4, 1], "texture": "#0"},
				"down": {"uv": [4, 2, 6, 0], "texture": "#0"}
			}
		}
	],
	"display": {
		"thirdperson_righthand": {
			"scale": [0.5, 0.5, 0.5]
		},
		"thirdperson_lefthand": {
			"scale": [0.5, 0.5, 0.5]
		},
		"firstperson_righthand": {
			"scale": [0.5, 0.5, 0.5]
		},
		"firstperson_lefthand": {
			"scale": [0.5, 0.5, 0.5]
		},
		"ground": {
			"translation": [0, 2.25, 0],
			"scale": [0.5, 0.5, 0.5]
		},
		"gui": {
			"rotation": [0, 145, 15],
			"scale": [0.5, 0.5, 0.5]
		},
		"fixed": {
			"rotation": [-90, 0, 0],
			"translation": [0, 0, -16],
			"scale": [2, 2, 2]
		}
	},
	"groups": [
		{
			"name": "crate1",
			"origin": [0, 0, 0],
			"color": 0,
			"children": [0, 1, 2, 3, 4, 5, 6, 7, 8, 9, 10, 11, 12]
		},
		{
			"name": "crate2",
			"origin": [0, 0, 0],
			"color": 0,
			"children": [13, 14, 15, 16, 17, 18, 19, 20, 21, 22, 23, 24, 25]
		},
		{
			"name": "crate3",
			"origin": [0, 0, 0],
			"color": 0,
			"children": [26, 27, 28, 29, 30, 31, 32, 33, 34, 35, 36, 37, 38]
		},
		{
			"name": "crate4",
			"origin": [0, 0, 0],
			"color": 0,
			"children": [39, 40, 41, 42, 43, 44, 45, 46, 47, 48, 49, 50, 51]
		}
	]
}