{
	"credit": "Made with Blockbench",
	"textures": {
		"0": "block/stripped_oak_log",
		"1": "block/anvil",
		"particle": "block/stripped_oak_log"
	},
	"elements": [
		{
			"from": [0, 0, 0],
			"to": [2, 14, 2],
			"faces": {
				"north": {"uv": [0, 0, 2, 14], "texture": "#0"},
				"east": {"uv": [0, 0, 2, 14], "texture": "#0"},
				"south": {"uv": [0, 0, 2, 14], "texture": "#0"},
				"west": {"uv": [0, 0, 2, 14], "texture": "#0"},
				"up": {"uv": [0, 0, 2, 2], "texture": "#missing"},
				"down": {"uv": [0, 0, 2, 2], "texture": "#missing"}
			}
		},
		{
			"from": [14, 0, 0],
			"to": [16, 14, 2],
			"faces": {
				"north": {"uv": [0, 0, 2, 14], "texture": "#0"},
				"east": {"uv": [14, 0, 16, 14], "texture": "#0"},
				"south": {"uv": [0, 0, 2, 14], "texture": "#0"},
				"west": {"uv": [0, 0, 2, 14], "texture": "#0"},
				"up": {"uv": [0, 0, 2, 2], "texture": "#missing"},
				"down": {"uv": [0, 0, 2, 2], "texture": "#missing"}
			}
		},
		{
			"from": [14, 0, 14],
			"to": [16, 14, 16],
			"faces": {
				"north": {"uv": [0, 0, 2, 14], "texture": "#0"},
				"east": {"uv": [0, 0, 2, 14], "texture": "#0"},
				"south": {"uv": [0, 0, 2, 14], "texture": "#0"},
				"west": {"uv": [0, 0, 2, 14], "texture": "#0"},
				"up": {"uv": [0, 0, 2, 2], "texture": "#missing"},
				"down": {"uv": [0, 0, 2, 2], "texture": "#missing"}
			}
		},
		{
			"from": [0, 0, 14],
			"to": [2, 14, 16],
			"faces": {
				"north": {"uv": [0, 0, 2, 14], "texture": "#0"},
				"east": {"uv": [8, 0, 10, 14], "texture": "#0"},
				"south": {"uv": [0, 0, 2, 14], "texture": "#0"},
				"west": {"uv": [14, 0, 16, 14], "texture": "#0"},
				"up": {"uv": [0, 0, 2, 2], "texture": "#missing"},
				"down": {"uv": [0, 0, 2, 2], "texture": "#missing"}
			}
		},
		{
			"from": [0, 14, 0],
			"to": [16, 16, 16],
			"faces": {
				"north": {"uv": [0, 0, 2, 16], "rotation": 90, "texture": "#0"},
				"east": {"uv": [0, 1, 16, 3], "texture": "#0"},
				"south": {"uv": [0, 0, 2, 16], "rotation": 270, "texture": "#0"},
				"west": {"uv": [0, 0, 16, 2], "texture": "#0"},
				"up": {"uv": [0, 0, 16, 16], "rotation": 270, "texture": "#0"},
				"down": {"uv": [0, 0, 16, 16], "texture": "#0"}
			}
		},
		{
			"from": [1, 5, 1],
			"to": [15, 14, 15],
			"faces": {
				"north": {"uv": [1, 0, 10, 14], "rotation": 90, "texture": "#0"},
				"east": {"uv": [3, 1, 12, 15], "rotation": 90, "texture": "#0"},
				"south": {"uv": [2, 2, 11, 16], "rotation": 90, "texture": "#0"},
				"west": {"uv": [5, 1, 14, 15], "rotation": 90, "texture": "#0"},
				"up": {"uv": [0, 0, 14, 14], "texture": "#missing"},
				"down": {"uv": [0, 0, 14, 14], "texture": "#missing"}
			}
		},
		{
			"from": [3, 10, 0],
			"to": [13, 13, 1],
			"faces": {
				"north": {"uv": [3, 0, 13, 3], "texture": "#0"},
				"east": {"uv": [2, 0, 3, 3], "texture": "#0"},
				"south": {"uv": [0, 0, 10, 3], "texture": "#0"},
				"west": {"uv": [3, 0, 4, 3], "texture": "#0"},
				"up": {"uv": [0, 0, 10, 1], "texture": "#0"},
				"down": {"uv": [0, 0, 10, 1], "texture": "#0"}
			}
		},
		{
			"from": [3, 6, 0],
			"to": [13, 9, 1],
			"faces": {
				"north": {"uv": [2, 3, 12, 6], "texture": "#0"},
				"east": {"uv": [4, 0, 5, 3], "texture": "#0"},
				"south": {"uv": [4, 4, 14, 7], "texture": "#0"},
				"west": {"uv": [2, 0, 3, 3], "texture": "#0"},
				"up": {"uv": [0, 0, 10, 1], "texture": "#0"},
				"down": {"uv": [0, 0, 10, 1], "texture": "#0"}
			}
		},
		{
			"from": [7, 11, -0.5],
			"to": [9, 12, 0.5],
			"faces": {
				"north": {"uv": [1, 1, 3, 2], "texture": "#1"},
				"east": {"uv": [0, 0, 1, 1], "texture": "#1"},
				"south": {"uv": [0, 0, 2, 1], "texture": "#missing"},
				"west": {"uv": [0, 0, 1, 1], "texture": "#1"},
				"up": {"uv": [0, 0, 2, 1], "texture": "#1"},
				"down": {"uv": [0, 0, 2, 1], "texture": "#1"}
			}
		},
		{
			"from": [7, 7, -0.5],
			"to": [9, 8, 0.5],
			"faces": {
				"north": {"uv": [4, 2, 6, 3], "texture": "#1"},
				"east": {"uv": [0, 0, 1, 1], "texture": "#1"},
				"south": {"uv": [0, 0, 2, 1], "texture": "#missing"},
				"west": {"uv": [0, 0, 1, 1], "texture": "#1"},
				"up": {"uv": [0, 0, 2, 1], "texture": "#1"},
				"down": {"uv": [7, 1, 9, 2], "texture": "#1"}
			}
		},
		{
			"from": [2, 4, 0],
			"to": [14, 5, 16],
			"faces": {
				"north": {"uv": [2, 0, 14, 1], "rotation": 180, "texture": "#0"},
				"east": {"uv": [0, 0, 16, 2], "texture": "#missing"},
				"south": {"uv": [4, 13, 16, 14], "texture": "#0"},
				"west": {"uv": [0, 0, 16, 2], "texture": "#missing"},
				"up": {"uv": [0, 0, 12, 16], "texture": "#0"},
				"down": {"uv": [0, 0, 12, 16], "texture": "#0"}
			}
		},
		{
			"from": [0, 4, 2],
			"to": [2, 5, 14],
			"faces": {
				"north": {"uv": [0, 0, 2, 1], "texture": "#missing"},
				"east": {"uv": [0, 0, 12, 1], "texture": "#missing"},
				"south": {"uv": [0, 0, 2, 1], "texture": "#missing"},
				"west": {"uv": [0, 0, 12, 1], "texture": "#0"},
				"up": {"uv": [0, 0, 2, 12], "texture": "#0"},
				"down": {"uv": [0, 0, 2, 12], "texture": "#0"}
			}
		},
		{
			"from": [14, 4, 2],
			"to": [16, 5, 14],
			"faces": {
				"north": {"uv": [0, 0, 2, 1], "texture": "#missing"},
				"east": {"uv": [0, 0, 12, 1], "texture": "#0"},
				"south": {"uv": [0, 0, 2, 1], "texture": "#missing"},
				"west": {"uv": [0, 0, 12, 1], "texture": "#0"},
				"up": {"uv": [0, 0, 2, 12], "texture": "#0"},
				"down": {"uv": [0, 0, 2, 12], "texture": "#0"}
			}
		}
	],
	"display": {
		"thirdperson_righthand": {
			"scale": [0.5, 0.5, 0.5]
		},
		"thirdperson_lefthand": {
			"scale": [0.5, 0.5, 0.5]
		},
		"firstperson_righthand": {
			"scale": [0.5, 0.5, 0.5]
		},
		"firstperson_lefthand": {
			"scale": [0.5, 0.5, 0.5]
		},
		"ground": {
			"translation": [0, 2.25, 0],
			"scale": [0.5, 0.5, 0.5]
		},
		"gui": {
			"rotation": [0, 145, 15],
			"scale": [0.5, 0.5, 0.5]
		},
		"fixed": {
			"rotation": [-90, 0, 0],
			"translation": [0, 0, -16],
			"scale": [2, 2, 2]
		}
	}
}