{"credit":"MadewithBlockbench","texture_size":[64,64],"textures":{"0":"glorious:item/bakery/long_table","1":"glorious:item/bakery/bread_obj","particle":"glorious:item/bakery/bread_obj"},"elements":[{"from":[-16,15,0],"to":[16,16,16],"faces":{"north":{"uv":[0,4,8,4.25],"texture":"#0"},"east":{"uv":[0,4.25,4,4.5],"texture":"#0"},"south":{"uv":[0,4,8,4.25],"texture":"#0"},"west":{"uv":[0,4.25,4,4.5],"texture":"#0"},"up":{"uv":[8,4,0,0],"texture":"#0"},"down":{"uv":[8,0,0,4],"texture":"#0"}}},{"from":[13,0,1],"to":[15,15,3],"faces":{"north":{"uv":[8,0,8.5,3.75],"texture":"#0"},"east":{"uv":[8,0,8.5,3.75],"texture":"#0"},"south":{"uv":[8,0,8.5,3.75],"texture":"#0"},"west":{"uv":[8,0,8.5,3.75],"texture":"#0"},"up":{"uv":[8.5,4.25,8,3.75],"texture":"#0"},"down":{"uv":[8.5,3.75,8,4.25],"texture":"#0"}}},{"from":[13,14,3],"to":[15,15,13],"faces":{"east":{"uv":[0.5,4.5,3,4.75],"texture":"#0"},"west":{"uv":[0.5,4.5,3,4.75],"texture":"#0"},"down":{"uv":[0.5,4.5,0,7],"texture":"#0"}}},{"from":[-15,14,3],"to":[-13,15,13],"faces":{"east":{"uv":[0.5,4.5,3,4.75],"texture":"#0"},"west":{"uv":[0.5,4.5,3,4.75],"texture":"#0"},"down":{"uv":[0.5,4.5,0,7],"texture":"#0"}}},{"from":[-13,14,1],"to":[13,15,3],"faces":{"north":{"uv":[0.5,5.25,7,5.5],"texture":"#0"},"south":{"uv":[0.5,5.25,7,5.5],"texture":"#0"},"down":{"uv":[7,4.75,0.5,5.25],"texture":"#0"}}},{"from":[-13,14,13],"to":[13,15,15],"faces":{"north":{"uv":[0.5,5.25,7,5.5],"texture":"#0"},"south":{"uv":[0.5,5.25,7,5.5],"texture":"#0"},"down":{"uv":[7,4.75,0.5,5.25],"texture":"#0"}}},{"from":[13,0,13],"to":[15,15,15],"rotation":{"angle":0,"axis":"y","origin":[0,0,16]},"faces":{"north":{"uv":[8.5,0,8,3.75],"texture":"#0"},"east":{"uv":[8.5,0,8,3.75],"texture":"#0"},"south":{"uv":[8.5,0,8,3.75],"texture":"#0"},"west":{"uv":[8.5,0,8,3.75],"texture":"#0"},"up":{"uv":[8.5,3.75,8,4.25],"texture":"#0"},"down":{"uv":[8.5,4.25,8,3.75],"texture":"#0"}}},{"from":[-15,0,13],"to":[-13,15,15],"rotation":{"angle":0,"axis":"y","origin":[16,0,16]},"faces":{"north":{"uv":[8,0,8.5,3.75],"texture":"#0"},"east":{"uv":[8,0,8.5,3.75],"texture":"#0"},"south":{"uv":[8,0,8.5,3.75],"texture":"#0"},"west":{"uv":[8,0,8.5,3.75],"texture":"#0"},"up":{"uv":[8,3.75,8.5,4.25],"texture":"#0"},"down":{"uv":[8,4.25,8.5,3.75],"texture":"#0"}}},{"from":[-15,0,1],"to":[-13,15,3],"rotation":{"angle":0,"axis":"y","origin":[16,0,0]},"faces":{"north":{"uv":[8.5,0,8,3.75],"texture":"#0"},"east":{"uv":[8.5,0,8,3.75],"texture":"#0"},"south":{"uv":[8.5,0,8,3.75],"texture":"#0"},"west":{"uv":[8.5,0,8,3.75],"texture":"#0"},"up":{"uv":[8,4.25,8.5,3.75],"texture":"#0"},"down":{"uv":[8,3.75,8.5,4.25],"texture":"#0"}}},{"from":[8,16,1],"to":[15,17,15],"faces":{"north":{"uv":[10.25,0.25,12,0.5],"texture":"#0"},"east":{"uv":[8.5,0,12,0.25],"texture":"#0"},"south":{"uv":[10.25,0.25,12,0.5],"texture":"#0"},"west":{"uv":[8.5,0,12,0.25],"texture":"#0"},"up":{"uv":[10.25,3.75,8.5,0.25],"texture":"#0"}}},{"from":[0.5,16,1],"to":[7.5,17,15],"faces":{"north":{"uv":[10.25,0.25,12,0.5],"texture":"#0"},"east":{"uv":[8.5,0,12,0.25],"texture":"#0"},"south":{"uv":[10.25,0.25,12,0.5],"texture":"#0"},"west":{"uv":[8.5,0,12,0.25],"texture":"#0"},"up":{"uv":[10.25,3.75,8.5,0.25],"texture":"#0"}}},{"from":[-15,16,1],"to":[-8,17,15],"faces":{"north":{"uv":[10.25,0.25,12,0.5],"texture":"#0"},"east":{"uv":[8.5,0,12,0.25],"texture":"#0"},"south":{"uv":[10.25,0.25,12,0.5],"texture":"#0"},"west":{"uv":[8.5,0,12,0.25],"texture":"#0"},"up":{"uv":[10.25,3.75,8.5,0.25],"texture":"#0"}}},{"from":[-7.5,16,1],"to":[-0.5,17,15],"faces":{"north":{"uv":[10.25,0.25,12,0.5],"texture":"#0"},"east":{"uv":[8.5,0,12,0.25],"texture":"#0"},"south":{"uv":[10.25,0.25,12,0.5],"texture":"#0"},"west":{"uv":[8.5,0,12,0.25],"texture":"#0"},"up":{"uv":[10.25,3.75,8.5,0.25],"texture":"#0"}}},{"from":[0.81179,16.94271,10.90645],"to":[3.81179,17.94271,13.90645],"rotation":{"angle":0,"axis":"y","origin":[-6.68821,-6.80729,-3.09355]},"faces":{"north":{"uv":[6.5,0,8,0.5],"texture":"#1"},"east":{"uv":[6.5,0,8,0.5],"texture":"#1"},"south":{"uv":[6.5,0,8,0.5],"texture":"#1"},"west":{"uv":[6.5,0,8,0.5],"texture":"#1"},"up":{"uv":[8,3.5,6.5,2],"texture":"#1"},"down":{"uv":[8,0.5,6.5,2],"texture":"#1"}}},{"from":[0.66179,17.94271,8.40645],"to":[3.66179,18.94271,11.40645],"rotation":{"angle":-22.5,"axis":"x","origin":[2.06179,17.69271,11.40645]},"faces":{"north":{"uv":[6.5,0,8,0.5],"texture":"#1"},"east":{"uv":[6.5,0,8,0.5],"texture":"#1"},"south":{"uv":[6.5,0,8,0.5],"texture":"#1"},"west":{"uv":[6.5,0,8,0.5],"texture":"#1"},"up":{"uv":[8,3.5,6.5,2],"texture":"#1"},"down":{"uv":[8,0.5,6.5,2],"texture":"#1"}}},{"from":[4,17,11.5],"to":[7,18,14.5],"rotation":{"angle":0,"axis":"y","origin":[0,-16,-13]},"faces":{"north":{"uv":[5,0,6.5,0.5],"texture":"#1"},"east":{"uv":[5,0,6.5,0.5],"texture":"#1"},"south":{"uv":[5,0,6.5,0.5],"texture":"#1"},"west":{"uv":[5,0,6.5,0.5],"texture":"#1"},"up":{"uv":[6.5,3.5,5,2],"texture":"#1"},"down":{"uv":[6.5,0.5,5,2],"texture":"#1"}}},{"from":[3.75,18.75,6.5],"to":[6.75,19.75,9.5],"rotation":{"angle":-22.5,"axis":"x","origin":[5.5,18.25,11]},"faces":{"north":{"uv":[5,0,6.5,0.5],"texture":"#1"},"east":{"uv":[5,0,6.5,0.5],"texture":"#1"},"south":{"uv":[5,0,6.5,0.5],"texture":"#1"},"west":{"uv":[5,0,6.5,0.5],"texture":"#1"},"up":{"uv":[6.5,3.5,5,2],"texture":"#1"},"down":{"uv":[6.5,0.5,5,2],"texture":"#1"}}},{"from":[4,17.53001,4.34621],"to":[7,18.53001,7.34621],"rotation":{"angle":-45,"axis":"x","origin":[5.5,18.28001,5.84621]},"faces":{"north":{"uv":[5,0,6.5,0.5],"texture":"#1"},"east":{"uv":[5,0,6.5,0.5],"texture":"#1"},"south":{"uv":[5,0,6.5,0.5],"texture":"#1"},"west":{"uv":[5,0,6.5,0.5],"texture":"#1"},"up":{"uv":[6.5,3.5,5,2],"texture":"#1"},"down":{"uv":[6.5,0.5,5,2],"texture":"#1"}}},{"from":[4,16.94271,1.36629],"to":[7,17.94271,4.36629],"rotation":{"angle":22.5,"axis":"y","origin":[5.5,17.69271,2.86629]},"faces":{"north":{"uv":[5,0,6.5,0.5],"texture":"#1"},"east":{"uv":[5,0,6.5,0.5],"texture":"#1"},"south":{"uv":[5,0,6.5,0.5],"texture":"#1"},"west":{"uv":[5,0,6.5,0.5],"texture":"#1"},"up":{"uv":[6.5,3.5,5,2],"texture":"#1"},"down":{"uv":[6.5,0.5,5,2],"texture":"#1"}}},{"from":[4.25,17.75,8.75],"to":[7.25,18.75,11.75],"rotation":{"angle":-22.5,"axis":"x","origin":[5.5,18.25,11]},"faces":{"north":{"uv":[5,0,6.5,0.5],"texture":"#1"},"east":{"uv":[5,0,6.5,0.5],"texture":"#1"},"south":{"uv":[5,0,6.5,0.5],"texture":"#1"},"west":{"uv":[5,0,6.5,0.5],"texture":"#1"},"up":{"uv":[6.5,3.5,5,2],"texture":"#1"},"down":{"uv":[6.5,0.5,5,2],"texture":"#1"}}},{"from":[11.75,17,12.25],"to":[14.75,20,14.25],"rotation":{"angle":0,"axis":"y","origin":[11.5,18,9.5]},"faces":{"north":{"uv":[10,11,8.5,12.5],"rotation":180,"texture":"#1"},"east":{"uv":[8.5,12.5,10,13.5],"rotation":270,"texture":"#1"},"south":{"uv":[10,12.5,8.5,11],"texture":"#1"},"west":{"uv":[8.5,12.5,10,13.5],"rotation":90,"texture":"#1"},"up":{"uv":[10,13,11.5,14],"rotation":180,"texture":"#1"},"down":{"uv":[8.5,11,10,12],"texture":"#1"}}},{"from":[8.5,17,12.25],"to":[11.5,20,14.25],"rotation":{"angle":0,"axis":"y","origin":[11.5,18,12.5]},"faces":{"north":{"uv":[10,11,8.5,12.5],"rotation":180,"texture":"#1"},"east":{"uv":[8.5,12.5,10,13.5],"rotation":270,"texture":"#1"},"south":{"uv":[10,12.5,8.5,11],"texture":"#1"},"west":{"uv":[8.5,12.5,10,13.5],"rotation":90,"texture":"#1"},"up":{"uv":[8.5,10,10,11],"rotation":180,"texture":"#1"},"down":{"uv":[8.5,11,10,12],"texture":"#1"}}},{"from":[8.5,17,10],"to":[11.5,20,12],"rotation":{"angle":0,"axis":"y","origin":[11.5,18,12.5]},"faces":{"north":{"uv":[10,11,8.5,12.5],"rotation":180,"texture":"#1"},"east":{"uv":[8.5,12.5,10,13.5],"rotation":270,"texture":"#1"},"south":{"uv":[10,12.5,8.5,11],"texture":"#1"},"west":{"uv":[8.5,12.5,10,13.5],"rotation":90,"texture":"#1"},"up":{"uv":[8.5,10,10,11],"rotation":180,"texture":"#1"},"down":{"uv":[8.5,11,10,12],"texture":"#1"}}},{"from":[11.75,17,10],"to":[14.75,20,12],"rotation":{"angle":0,"axis":"y","origin":[11.5,18,9.5]},"faces":{"north":{"uv":[10,11,8.5,12.5],"rotation":180,"texture":"#1"},"east":{"uv":[8.5,12.5,10,13.5],"rotation":270,"texture":"#1"},"south":{"uv":[10,12.5,8.5,11],"texture":"#1"},"west":{"uv":[8.5,12.5,10,13.5],"rotation":90,"texture":"#1"},"up":{"uv":[10,13,11.5,14],"rotation":180,"texture":"#1"},"down":{"uv":[8.5,11,10,12],"texture":"#1"}}},{"from":[8.5,17,7.75],"to":[11.5,20,9.75],"rotation":{"angle":0,"axis":"y","origin":[11.5,18,12.5]},"faces":{"north":{"uv":[10,11,8.5,12.5],"rotation":180,"texture":"#1"},"east":{"uv":[8.5,12.5,10,13.5],"rotation":270,"texture":"#1"},"south":{"uv":[10,12.5,8.5,11],"texture":"#1"},"west":{"uv":[8.5,12.5,10,13.5],"rotation":90,"texture":"#1"},"up":{"uv":[8.5,10,10,11],"rotation":180,"texture":"#1"},"down":{"uv":[8.5,11,10,12],"texture":"#1"}}},{"from":[11.75,17,7.75],"to":[14.75,20,9.75],"rotation":{"angle":0,"axis":"y","origin":[11.5,18,9.5]},"faces":{"north":{"uv":[10,11,8.5,12.5],"rotation":180,"texture":"#1"},"east":{"uv":[8.5,12.5,10,13.5],"rotation":270,"texture":"#1"},"south":{"uv":[10,12.5,8.5,11],"texture":"#1"},"west":{"uv":[8.5,12.5,10,13.5],"rotation":90,"texture":"#1"},"up":{"uv":[10,13,11.5,14],"rotation":180,"texture":"#1"},"down":{"uv":[8.5,11,10,12],"texture":"#1"}}},{"from":[11.75,17,5.5],"to":[14.75,20,7.5],"rotation":{"angle":0,"axis":"y","origin":[11.5,18,9.5]},"faces":{"north":{"uv":[10,11,8.5,12.5],"rotation":180,"texture":"#1"},"east":{"uv":[8.5,12.5,10,13.5],"rotation":270,"texture":"#1"},"south":{"uv":[10,12.5,8.5,11],"texture":"#1"},"west":{"uv":[8.5,12.5,10,13.5],"rotation":90,"texture":"#1"},"up":{"uv":[10,13,11.5,14],"rotation":180,"texture":"#1"},"down":{"uv":[8.5,11,10,12],"texture":"#1"}}},{"from":[8.25,17,4],"to":[11.25,19,7],"rotation":{"angle":22.5,"axis":"y","origin":[10,18,5.5]},"faces":{"north":{"uv":[8.5,10,10,11],"texture":"#1"},"east":{"uv":[8.5,12.5,10,13.5],"texture":"#1"},"south":{"uv":[8.5,11,10,12],"texture":"#1"},"west":{"uv":[8.5,12.5,10,13.5],"texture":"#1"},"up":{"uv":[10,12.5,8.5,11],"texture":"#1"},"down":{"uv":[10,11,8.5,12.5],"texture":"#1"}}},{"from":[11.75,17,2],"to":[14.75,19,5],"rotation":{"angle":-22.5,"axis":"y","origin":[13.25,18,3.5]},"faces":{"north":{"uv":[10,13,11.5,14],"texture":"#1"},"east":{"uv":[8.5,12.5,10,13.5],"texture":"#1"},"south":{"uv":[8.5,11,10,12],"texture":"#1"},"west":{"uv":[8.5,12.5,10,13.5],"texture":"#1"},"up":{"uv":[10,12.5,8.5,11],"texture":"#1"},"down":{"uv":[10,11,8.5,12.5],"texture":"#1"}}},{"from":[-10.75,17.1,11.25],"to":[-8.75,18.6,13.25],"rotation":{"angle":22.5,"axis":"y","origin":[-10,17.85,12.5]},"faces":{"north":{"uv":[0,7.5,1,8.25],"texture":"#1"},"east":{"uv":[1,7.5,2,8.25],"texture":"#1"},"south":{"uv":[1,7.5,0,8.25],"texture":"#1"},"west":{"uv":[0,7.5,1,8.25],"texture":"#1"},"up":{"uv":[1,9.25,0,8.25],"texture":"#1"},"down":{"uv":[1,8.25,0,9.25],"texture":"#1"}}},{"from":[-13,17,11],"to":[-10,19,14],"rotation":{"angle":0,"axis":"y","origin":[-14,16,10]},"faces":{"north":{"uv":[12.5,3.5,14,4.5],"texture":"#1"},"east":{"uv":[12.5,6,14,7],"texture":"#1"},"south":{"uv":[12.5,3.5,14,4.5],"texture":"#1"},"west":{"uv":[12.5,6,14,7],"texture":"#1"},"up":{"uv":[14,6,12.5,4.5],"texture":"#1"},"down":{"uv":[14,4.5,12.5,6],"texture":"#1"}}},{"from":[-14.25,17.1,11.25],"to":[-12.25,18.6,13.25],"rotation":{"angle":-22.5,"axis":"y","origin":[-13,17.85,12.5]},"faces":{"north":{"uv":[2.5,5.5,3.5,6.25],"texture":"#1"},"east":{"uv":[2.5,5.5,3.5,6.25],"texture":"#1"},"south":{"uv":[3.5,5.5,2.5,6.25],"texture":"#1"},"west":{"uv":[2.5,7.25,3.5,8],"texture":"#1"},"up":{"uv":[3.5,7.25,2.5,6.25],"texture":"#1"},"down":{"uv":[3.5,6.25,2.5,7.25],"texture":"#1"}}},{"from":[-14.07332,17.1,7.81159],"to":[-12.07332,18.6,9.81159],"rotation":{"angle":-45,"axis":"y","origin":[-11.5,17.925,8.33668]},"faces":{"north":{"uv":[2.5,5.5,3.5,6.25],"texture":"#1"},"east":{"uv":[2.5,5.5,3.5,6.25],"texture":"#1"},"south":{"uv":[3.5,5.5,2.5,6.25],"texture":"#1"},"west":{"uv":[2.5,7.25,3.5,8],"texture":"#1"},"up":{"uv":[3.5,7.25,2.5,6.25],"texture":"#1"},"down":{"uv":[3.5,6.25,2.5,7.25],"texture":"#1"}}},{"from":[-13,17,7],"to":[-10,19,10],"rotation":{"angle":-22.5,"axis":"y","origin":[-11.5,17.925,8.33668]},"faces":{"north":{"uv":[12.5,3.5,14,4.5],"texture":"#1"},"east":{"uv":[12.5,6,14,7],"texture":"#1"},"south":{"uv":[12.5,3.5,14,4.5],"texture":"#1"},"west":{"uv":[12.5,6,14,7],"texture":"#1"},"up":{"uv":[14,6,12.5,4.5],"texture":"#1"},"down":{"uv":[14,4.5,12.5,6],"texture":"#1"}}},{"from":[-10.92668,17.1,7.81159],"to":[-8.92668,18.6,9.81159],"rotation":{"angle":0,"axis":"y","origin":[-11.5,17.925,8.33668]},"faces":{"north":{"uv":[0,7.5,1,8.25],"texture":"#1"},"east":{"uv":[1,7.5,2,8.25],"texture":"#1"},"south":{"uv":[1,7.5,0,8.25],"texture":"#1"},"west":{"uv":[0,7.5,1,8.25],"texture":"#1"},"up":{"uv":[1,9.25,0,8.25],"texture":"#1"},"down":{"uv":[1,8.25,0,9.25],"texture":"#1"}}},{"from":[-14.07332,17.1,3.56159],"to":[-12.07332,18.6,5.56159],"rotation":{"angle":0,"axis":"y","origin":[-11.5,17.925,4.08668]},"faces":{"north":{"uv":[2.5,5.5,3.5,6.25],"texture":"#1"},"east":{"uv":[2.5,5.5,3.5,6.25],"texture":"#1"},"south":{"uv":[3.5,5.5,2.5,6.25],"texture":"#1"},"west":{"uv":[2.5,7.25,3.5,8],"texture":"#1"},"up":{"uv":[3.5,7.25,2.5,6.25],"texture":"#1"},"down":{"uv":[3.5,6.25,2.5,7.25],"texture":"#1"}}},{"from":[-13,17,2.75],"to":[-10,19,5.75],"rotation":{"angle":22.5,"axis":"y","origin":[-11.5,17.925,4.08668]},"faces":{"north":{"uv":[12.5,3.5,14,4.5],"texture":"#1"},"east":{"uv":[12.5,6,14,7],"texture":"#1"},"south":{"uv":[12.5,3.5,14,4.5],"texture":"#1"},"west":{"uv":[12.5,6,14,7],"texture":"#1"},"up":{"uv":[14,6,12.5,4.5],"texture":"#1"},"down":{"uv":[14,4.5,12.5,6],"texture":"#1"}}},{"from":[-10.92668,17.1,3.56159],"to":[-8.92668,18.6,5.56159],"rotation":{"angle":45,"axis":"y","origin":[-11.5,17.925,4.08668]},"faces":{"north":{"uv":[0,7.5,1,8.25],"texture":"#1"},"east":{"uv":[1,7.5,2,8.25],"texture":"#1"},"south":{"uv":[1,7.5,0,8.25],"texture":"#1"},"west":{"uv":[0,7.5,1,8.25],"texture":"#1"},"up":{"uv":[1,9.25,0,8.25],"texture":"#1"},"down":{"uv":[1,8.25,0,9.25],"texture":"#1"}}},{"from":[-6,17,10],"to":[-2,19,14],"rotation":{"angle":0,"axis":"y","origin":[2,-16,-7]},"faces":{"north":{"uv":[14,0,16,1],"texture":"#1"},"east":{"uv":[14,0,16,1],"texture":"#1"},"south":{"uv":[14,0,16,1],"texture":"#1"},"west":{"uv":[14,0,16,1],"texture":"#1"},"up":{"uv":[16,3,14,1],"texture":"#1"},"down":{"uv":[16,3,14,5],"texture":"#1"}}},{"from":[-5.75,17,1.75],"to":[-1.75,19,5.75],"rotation":{"angle":22.5,"axis":"y","origin":[-4,18,5]},"faces":{"north":{"uv":[14,0,16,1],"texture":"#1"},"east":{"uv":[14,0,16,1],"texture":"#1"},"south":{"uv":[14,0,16,1],"texture":"#1"},"west":{"uv":[14,0,16,1],"texture":"#1"},"up":{"uv":[16,3,14,1],"texture":"#1"},"down":{"uv":[16,3,14,5],"texture":"#1"}}},{"from":[-5.5,14.51046,4.99792],"to":[-1.5,16.51046,8.99792],"rotation":{"angle":-45,"axis":"x","origin":[-3.75,19.01046,3.99792]},"faces":{"north":{"uv":[14,0,16,1],"texture":"#1"},"east":{"uv":[14,0,16,1],"texture":"#1"},"south":{"uv":[14,0,16,1],"texture":"#1"},"west":{"uv":[14,0,16,1],"texture":"#1"},"up":{"uv":[16,3,14,1],"texture":"#1"},"down":{"uv":[16,3,14,5],"texture":"#1"}}}],"gui_light":"front","display":{"thirdperson_righthand":{"rotation":[67.5,0,0],"translation":[1.5,1,-1],"scale":[0.19,0.19,0.19]},"thirdperson_lefthand":{"rotation":[67.5,0,0],"translation":[-1.5,1,-1],"scale":[0.19,0.19,0.19]},"firstperson_righthand":{"translation":[4.75,0.75,0],"scale":[0.40781,0.40781,0.40781]},"firstperson_lefthand":{"translation":[-2.5,0.75,0],"scale":[0.40781,0.40781,0.40781]},"ground":{"translation":[3.75,3,0],"scale":[0.5,0.5,0.5]},"gui":{"rotation":[30,225,0],"translation":[-2,-1.5,0],"scale":[0.37031,0.37031,0.37031]},"head":{"rotation":[0,180,0],"translation":[0,-30.25,0],"scale":[0,0,0]},"fixed":{"rotation":[-90,0,0],"translation":[0,0,-16],"scale":[2,2,2]}},"groups":[0,1,2,3,4,5,6,7,8,9,10,11,12,{"name":"group","origin":[2,0,0],"color":0,"children":[13,14,15,16,17,18,19,20,21,22,23,24,25,26,27,28,29,30,31,32,33,34,35,36,37,38,39,40]}]}