{"groups":[{"name":"bowl","origin":[0,0,0],"color":0,"children":[0,1,2,3]},{"name":"legs","origin":[8,8,8],"color":0,"children":[4,5,6,7,8,9,10,11]},{"name":"handle","origin":[24,20,8],"color":0,"children":[12,13]},{"name":"handle","origin":[24,20,8],"color":0,"children":[14,15]},16],"texture_size":[128,128],"textures":{"1":"custom/blocks/rizaan/village/cooking_cauldron_large_animation_empty","2":"custom/blocks/rizaan/village/cooking_cauldron_large","particle":"custom/blocks/rizaan/village/cooking_cauldron_large"},"elements":[{"from":[-6,6,-6],"to":[22,24,22],"faces":{"north":{"uv":[3.5,3.5,7,5.75],"texture":"#2"},"east":{"uv":[3.5,3.5,7,5.75],"texture":"#2"},"south":{"uv":[3.5,3.5,7,5.75],"texture":"#2"},"west":{"uv":[3.5,3.5,7,5.75],"texture":"#2"},"up":{"uv":[7,3.5,3.5,0],"texture":"#2"},"down":{"uv":[10.5,0,7,3.5],"texture":"#2"}}},{"from":[-2,22,-2],"to":[18,29,18],"faces":{"north":{"uv":[2.5,11.5,5,12.375],"texture":"#2"},"east":{"uv":[2.5,11.5,5,12.375],"texture":"#2"},"south":{"uv":[2.5,11.5,5,12.375],"texture":"#2"},"west":{"uv":[2.5,11.5,5,12.375],"texture":"#2"},"up":{"uv":[5,11.5,2.5,9],"texture":"#2"},"down":{"uv":[7.5,9,5,11.5],"texture":"#2"}}},{"from":[-4,26,-4],"to":[20,29,20],"faces":{"north":{"uv":[9,8.75,12,9.125],"texture":"#2"},"east":{"uv":[9,8.75,12,9.125],"texture":"#2"},"south":{"uv":[9,8.75,12,9.125],"texture":"#2"},"west":{"uv":[9,8.75,12,9.125],"texture":"#2"},"up":{"uv":[6,8.75,3,5.75],"texture":"#2"},"down":{"uv":[9,5.75,6,8.75],"texture":"#2"}}},{"from":[18,29,18],"to":[-2,22,-2],"faces":{"north":{"uv":[0,12.375,2.5,11.5],"texture":"#2"},"east":{"uv":[0,12.375,2.5,11.5],"texture":"#2"},"south":{"uv":[0,12.375,2.5,11.5],"texture":"#2"},"west":{"uv":[0,12.375,2.5,11.5],"texture":"#2"},"up":{"uv":[5,9,7.5,11.5],"texture":"#2"},"down":{"uv":[2.5,11.5,5,9],"texture":"#2"}}},{"from":[6,-5.35757,18.93431],"to":[10,4.64243,22.93431],"rotation":{"angle":-22.5,"axis":"x","origin":[8,8,8]},"faces":{"north":{"uv":[0.5,2,1,3.25],"texture":"#2"},"east":{"uv":[0,2,0.5,3.25],"texture":"#2"},"south":{"uv":[1.5,2,2,3.25],"texture":"#2"},"west":{"uv":[0.5,2,0,3.25],"texture":"#2"},"up":{"uv":[1,2,0.5,1.5],"texture":"#2"},"down":{"uv":[1.5,1.5,1,2],"texture":"#2"}}},{"from":[6,-5.35757,22.93431],"to":[10,-1.35757,24.93431],"rotation":{"angle":-22.5,"axis":"x","origin":[8,8,8]},"faces":{"north":{"uv":[2.25,1.75,2.75,2.25],"texture":"#2"},"east":{"uv":[2,1.75,2.25,2.25],"texture":"#2"},"south":{"uv":[3,1.75,3.5,2.25],"texture":"#2"},"west":{"uv":[2.25,1.75,2,2.25],"texture":"#2"},"up":{"uv":[2.75,1.75,2.25,1.5],"texture":"#2"},"down":{"uv":[3.25,1.5,2.75,1.75],"texture":"#2"}}},{"from":[-8.93431,-5.35757,6],"to":[-6.93431,-1.35757,10],"rotation":{"angle":-22.5,"axis":"z","origin":[8,8,8]},"faces":{"north":{"uv":[2.25,1.75,2,2.25],"texture":"#2"},"east":{"uv":[2.25,1.75,2.75,2.25],"texture":"#2"},"south":{"uv":[2,1.75,2.25,2.25],"texture":"#2"},"west":{"uv":[3,1.75,3.5,2.25],"texture":"#2"},"up":{"uv":[2.75,1.75,2.25,1.5],"rotation":90,"texture":"#2"},"down":{"uv":[3.25,1.5,2.75,1.75],"rotation":270,"texture":"#2"}}},{"from":[-6.93431,-5.35757,6],"to":[-2.93431,4.64243,10],"rotation":{"angle":-22.5,"axis":"z","origin":[8,8,8]},"faces":{"north":{"uv":[0.5,2,0,3.25],"texture":"#2"},"east":{"uv":[0.5,2,1,3.25],"texture":"#2"},"south":{"uv":[0,2,0.5,3.25],"texture":"#2"},"west":{"uv":[1.5,2,2,3.25],"texture":"#2"},"up":{"uv":[1,2,0.5,1.5],"rotation":90,"texture":"#2"},"down":{"uv":[1.5,1.5,1,2],"rotation":270,"texture":"#2"}}},{"from":[6,-5.35757,-8.93431],"to":[10,-1.35757,-6.93431],"rotation":{"angle":22.5,"axis":"x","origin":[8,8,8]},"faces":{"north":{"uv":[3,1.75,3.5,2.25],"texture":"#2"},"east":{"uv":[2.25,1.75,2,2.25],"texture":"#2"},"south":{"uv":[2.25,1.75,2.75,2.25],"texture":"#2"},"west":{"uv":[2,1.75,2.25,2.25],"texture":"#2"},"up":{"uv":[2.75,1.75,2.25,1.5],"rotation":180,"texture":"#2"},"down":{"uv":[3.25,1.5,2.75,1.75],"rotation":180,"texture":"#2"}}},{"from":[6,-5.35757,-6.93431],"to":[10,4.64243,-2.93431],"rotation":{"angle":22.5,"axis":"x","origin":[8,8,8]},"faces":{"north":{"uv":[1.5,2,2,3.25],"texture":"#2"},"east":{"uv":[0.5,2,0,3.25],"texture":"#2"},"south":{"uv":[0.5,2,1,3.25],"texture":"#2"},"west":{"uv":[0,2,0.5,3.25],"texture":"#2"},"up":{"uv":[1,2,0.5,1.5],"rotation":180,"texture":"#2"},"down":{"uv":[1.5,1.5,1,2],"rotation":180,"texture":"#2"}}},{"from":[22.93431,-5.35757,6],"to":[24.93431,-1.35757,10],"rotation":{"angle":22.5,"axis":"z","origin":[8,8,8]},"faces":{"north":{"uv":[2,1.75,2.25,2.25],"texture":"#2"},"east":{"uv":[3,1.75,3.5,2.25],"texture":"#2"},"south":{"uv":[2.25,1.75,2,2.25],"texture":"#2"},"west":{"uv":[2.25,1.75,2.75,2.25],"texture":"#2"},"up":{"uv":[2.75,1.75,2.25,1.5],"rotation":270,"texture":"#2"},"down":{"uv":[3.25,1.5,2.75,1.75],"rotation":90,"texture":"#2"}}},{"from":[18.93431,-5.35757,6],"to":[22.93431,4.64243,10],"rotation":{"angle":22.5,"axis":"z","origin":[8,8,8]},"faces":{"north":{"uv":[0,2,0.5,3.25],"texture":"#2"},"east":{"uv":[0.5,2,0,3.25],"texture":"#2"},"south":{"uv":[0.5,2,0,3.25],"texture":"#2"},"west":{"uv":[0.5,2,1,3.25],"texture":"#2"},"up":{"uv":[1,2,0.5,1.5],"rotation":270,"texture":"#2"},"down":{"uv":[1.5,1.5,1,2],"rotation":90,"texture":"#2"}}},{"from":[20,16,6],"to":[28,24,10],"rotation":{"angle":-45,"axis":"z","origin":[24,20,8]},"faces":{"north":{"uv":[0.5,0.5,1.5,1.5],"texture":"#2"},"east":{"uv":[0,0.5,0.5,1.5],"texture":"#2"},"south":{"uv":[1.5,0.5,0.5,1.5],"texture":"#2"},"west":{"uv":[1.5,0.5,2,1.5],"texture":"#2"},"up":{"uv":[1.5,0.5,0.5,0],"texture":"#2"},"down":{"uv":[2.5,0,1.5,0.5],"texture":"#2"}}},{"from":[22,9,2],"to":[26,21,14],"rotation":{"angle":22.5,"axis":"z","origin":[24,20,8]},"faces":{"north":{"uv":[10.5,7.25,11,8.75],"texture":"#2"},"east":{"uv":[9,7.25,10.5,8.75],"texture":"#2"},"south":{"uv":[11,7.25,10.5,8.75],"texture":"#2"},"west":{"uv":[10.5,7.25,9,8.75],"texture":"#2"},"up":{"uv":[11,7.25,10.5,5.75],"texture":"#2"},"down":{"uv":[11.5,5.75,11,7.25],"texture":"#2"}}},{"from":[-12,16,6],"to":[-4,24,10],"rotation":{"angle":45,"axis":"z","origin":[-8,20,8]},"faces":{"north":{"uv":[1.5,0.5,0.5,1.5],"texture":"#2"},"east":{"uv":[2,0.5,1.5,1.5],"texture":"#2"},"south":{"uv":[0.5,0.5,1.5,1.5],"texture":"#2"},"west":{"uv":[0.5,0.5,0,1.5],"texture":"#2"},"up":{"uv":[0.5,0.5,1.5,0],"texture":"#2"},"down":{"uv":[1.5,0,2.5,0.5],"texture":"#2"}}},{"from":[-10,9,2],"to":[-6,21,14],"rotation":{"angle":-22.5,"axis":"z","origin":[-8,20,8]},"faces":{"north":{"uv":[11,7.25,10.5,8.75],"texture":"#2"},"east":{"uv":[9,7.25,10.5,8.75],"texture":"#2"},"south":{"uv":[10.5,7.25,11,8.75],"texture":"#2"},"west":{"uv":[10.5,7.25,9,8.75],"texture":"#2"},"up":{"uv":[10.5,7.25,11,5.75],"texture":"#2"},"down":{"uv":[11,5.75,11.5,7.25],"texture":"#2"}}},{"from":[-2,24.0625,-2],"to":[18,24.0625,18],"faces":{"north":{"uv":[0,0,2.625,0],"texture":"#1"},"east":{"uv":[0,0,2.625,0],"texture":"#1"},"south":{"uv":[0,0,2.625,0],"texture":"#1"},"west":{"uv":[0,0,2.625,0],"texture":"#1"},"up":{"uv":[0,0,16,16],"texture":"#1"},"down":{"uv":[0,0,2.625,2.625],"texture":"#1"}}}],"gui_light":"front","display":{"thirdperson_righthand":{"rotation":[75,45,0],"translation":[0,2.5,0],"scale":[0.2,0.2,0.2]},"thirdperson_lefthand":{"rotation":[75,45,0],"translation":[0,2.5,0],"scale":[0.2,0.2,0.2]},"firstperson_righthand":{"rotation":[0,-81,-10],"translation":[1.13,1.95,1.13],"scale":[0.2,0.2,0.2]},"firstperson_lefthand":{"rotation":[0,-81,-10],"translation":[1.13,1.95,1.13],"scale":[0.2,0.2,0.2]},"ground":{"translation":[0,0.5,0],"scale":[0.5,0.5,0.5]},"gui":{"rotation":[30,225,0],"translation":[0,-2.25,0],"scale":[0.35,0.35,0.35]},"head":{"translation":[0,7.5,0],"scale":[0.55,0.55,0.55]},"fixed":{"rotation":[-90,0,0],"translation":[0,0,-15],"scale":[2,2,2]}}}