{"credit":"MadewithBlockbench","texture_size":[64,64],"textures":{"0":"glorious:item/bakery/cupcakes","particle":"glorious:item/bakery/cupcakes"},"elements":[{"from":[3,0,3],"to":[13,1,13],"rotation":{"angle":0,"axis":"y","origin":[7,0,7]},"faces":{"north":{"uv":[3.5,2.5,6,2.75],"texture":"#0"},"east":{"uv":[3.5,2.5,6,2.75],"texture":"#0"},"south":{"uv":[3.5,2.5,6,2.75],"texture":"#0"},"west":{"uv":[3.5,2.5,6,2.75],"texture":"#0"},"up":{"uv":[6,2.5,3.5,0],"texture":"#0"},"down":{"uv":[6,0,3.5,2.5],"texture":"#0"}}},{"from":[7,1,7],"to":[9,14,9],"rotation":{"angle":0,"axis":"y","origin":[7,0,7]},"faces":{"north":{"uv":[0,3.75,0.5,7],"texture":"#0"},"east":{"uv":[0,3.75,0.5,7],"texture":"#0"},"south":{"uv":[0,3.75,0.5,7],"texture":"#0"},"west":{"uv":[0,3.75,0.5,7],"texture":"#0"}}},{"from":[9.5,7,4.5],"to":[12.5,9,7.5],"rotation":{"angle":22.5,"axis":"y","origin":[11.5,8,4.5]},"faces":{"north":{"uv":[1.25,3.75,2,4.25],"texture":"#0"},"east":{"uv":[1.25,3.75,2,4.25],"texture":"#0"},"south":{"uv":[1.25,3.75,2,4.25],"texture":"#0"},"west":{"uv":[1.25,3.75,2,4.25],"texture":"#0"},"up":{"uv":[1.25,4.5,0.5,3.75],"texture":"#0"},"down":{"uv":[1.25,4.5,0.5,5.25],"texture":"#0"}}},{"from":[5.89701,15,9.03196],"to":[8.89701,17,12.03196],"rotation":{"angle":45,"axis":"y","origin":[7.39701,16,9.53196]},"faces":{"north":{"uv":[1.25,3.75,2,4.25],"texture":"#0"},"east":{"uv":[1.25,3.75,2,4.25],"texture":"#0"},"south":{"uv":[1.25,3.75,2,4.25],"texture":"#0"},"west":{"uv":[1.25,3.75,2,4.25],"texture":"#0"},"up":{"uv":[1.25,4.5,0.5,3.75],"texture":"#0"},"down":{"uv":[1.25,4.5,0.5,5.25],"texture":"#0"}}},{"from":[3,7,8.5],"to":[6,9,11.5],"rotation":{"angle":22.5,"axis":"y","origin":[4.5,8,11.5]},"faces":{"north":{"uv":[1.25,3.75,2,4.25],"texture":"#0"},"east":{"uv":[1.25,3.75,2,4.25],"texture":"#0"},"south":{"uv":[1.25,3.75,2,4.25],"texture":"#0"},"west":{"uv":[1.25,3.75,2,4.25],"texture":"#0"},"up":{"uv":[1.25,4.5,0.5,3.75],"texture":"#0"},"down":{"uv":[1.25,4.5,0.5,5.25],"texture":"#0"}}},{"from":[1.75,7,4.75],"to":[4.75,9,7.75],"rotation":{"angle":45,"axis":"y","origin":[3.5,8,4.5]},"faces":{"north":{"uv":[2.75,3.75,3.5,4.25],"texture":"#0"},"east":{"uv":[2.75,3.75,3.5,4.25],"texture":"#0"},"south":{"uv":[2.75,3.75,3.5,4.25],"texture":"#0"},"west":{"uv":[2.75,3.75,3.5,4.25],"texture":"#0"},"up":{"uv":[2.75,4.5,2,3.75],"texture":"#0"},"down":{"uv":[2.75,4.5,2,5.25],"texture":"#0"}}},{"from":[4.46299,15,4.69291],"to":[7.46299,17,7.69291],"rotation":{"angle":-22.5,"axis":"y","origin":[5.96299,16,6.19291]},"faces":{"north":{"uv":[2.75,3.75,3.5,4.25],"texture":"#0"},"east":{"uv":[2.75,3.75,3.5,4.25],"texture":"#0"},"south":{"uv":[2.75,3.75,3.5,4.25],"texture":"#0"},"west":{"uv":[2.75,3.75,3.5,4.25],"texture":"#0"},"up":{"uv":[2.75,4.5,2,3.75],"rotation":270,"texture":"#0"},"down":{"uv":[2.75,4.5,2,5.25],"rotation":90,"texture":"#0"}}},{"from":[9.20584,15,4.88791],"to":[12.20584,17,7.88791],"rotation":{"angle":22.5,"axis":"y","origin":[10.70584,16,7.38791]},"faces":{"north":{"uv":[1.25,5.25,2,5.75],"texture":"#0"},"east":{"uv":[1.25,5.25,2,5.75],"texture":"#0"},"south":{"uv":[1.25,5.25,2,5.75],"texture":"#0"},"west":{"uv":[1.25,5.25,2,5.75],"texture":"#0"},"up":{"uv":[1.25,6,0.5,5.25],"rotation":270,"texture":"#0"},"down":{"uv":[1.25,6,0.5,6.75],"rotation":90,"texture":"#0"}}},{"from":[6.67511,7,2.6924],"to":[9.67511,9,5.6924],"rotation":{"angle":-22.5,"axis":"y","origin":[8.92511,8,3.9424]},"faces":{"north":{"uv":[1.25,5.25,2,5.75],"texture":"#0"},"east":{"uv":[1.25,5.25,2,5.75],"texture":"#0"},"south":{"uv":[1.25,5.25,2,5.75],"texture":"#0"},"west":{"uv":[1.25,5.25,2,5.75],"texture":"#0"},"up":{"uv":[1.25,6,0.5,5.25],"rotation":180,"texture":"#0"},"down":{"uv":[1.25,6,0.5,6.75],"rotation":180,"texture":"#0"}}},{"from":[6.17334,7,11.04014],"to":[9.17334,9,14.04014],"rotation":{"angle":-45,"axis":"y","origin":[8.17334,8,12.29014]},"faces":{"north":{"uv":[1.25,5.25,2,5.75],"texture":"#0"},"east":{"uv":[1.25,5.25,2,5.75],"texture":"#0"},"south":{"uv":[1.25,5.25,2,5.75],"texture":"#0"},"west":{"uv":[1.25,5.25,2,5.75],"texture":"#0"},"up":{"uv":[1.25,6,0.5,5.25],"rotation":180,"texture":"#0"},"down":{"uv":[1.25,6,0.5,6.75],"rotation":180,"texture":"#0"}}},{"from":[9.82322,7,9.26256],"to":[12.82322,9,12.26256],"rotation":{"angle":22.5,"axis":"y","origin":[11.32322,8,10.26256]},"faces":{"north":{"uv":[2.75,3.75,3.5,4.25],"texture":"#0"},"east":{"uv":[2.75,3.75,3.5,4.25],"texture":"#0"},"south":{"uv":[2.75,3.75,3.5,4.25],"texture":"#0"},"west":{"uv":[2.75,3.75,3.5,4.25],"texture":"#0"},"up":{"uv":[2.75,4.5,2,3.75],"texture":"#0"},"down":{"uv":[2.75,4.5,2,5.25],"texture":"#0"}}},{"from":[1,6,1],"to":[15,7,15],"rotation":{"angle":0,"axis":"y","origin":[7,0,7]},"faces":{"north":{"uv":[0,3.5,3.5,3.75],"texture":"#0"},"east":{"uv":[0,3.5,3.5,3.75],"texture":"#0"},"south":{"uv":[0,3.5,3.5,3.75],"texture":"#0"},"west":{"uv":[0,3.5,3.5,3.75],"texture":"#0"},"up":{"uv":[3.5,3.5,0,0],"texture":"#0"},"down":{"uv":[3.5,0,0,3.5],"texture":"#0"}}},{"from":[3,14,3],"to":[13,15,13],"rotation":{"angle":0,"axis":"y","origin":[7,0,7]},"faces":{"north":{"uv":[6,2.5,8.5,2.75],"texture":"#0"},"east":{"uv":[6,2.5,8.5,2.75],"texture":"#0"},"south":{"uv":[6,2.5,8.5,2.75],"texture":"#0"},"west":{"uv":[6,2.5,8.5,2.75],"texture":"#0"},"up":{"uv":[8.5,2.5,6,0],"texture":"#0"},"down":{"uv":[8.5,0,6,2.5],"texture":"#0"}}}],"gui_light":"front","display":{"thirdperson_righthand":{"rotation":[67.5,0,0],"translation":[0,2.25,1.5],"scale":[0.375,0.375,0.375]},"thirdperson_lefthand":{"rotation":[67.5,0,0],"translation":[0,2.25,1.5],"scale":[0.375,0.375,0.375]},"firstperson_righthand":{"translation":[0,4.5,0],"scale":[0.59062,0.59062,0.59062]},"firstperson_lefthand":{"translation":[0,4.5,0],"scale":[0.59062,0.59062,0.59062]},"ground":{"translation":[0,3,0],"scale":[0.5,0.5,0.5]},"gui":{"rotation":[30,225,0],"scale":[0.625,0.625,0.625]},"head":{"translation":[0,-30.5,0],"scale":[0,0,0]},"fixed":{"rotation":[-90,0,0],"translation":[0,0,-16],"scale":[2,2,2]}}}