{"credit":"MadewithBlockbench","texture_size":[32,32],"textures":{"0":"glorious:item/bakery/jem","particle":"glorious:item/bakery/jem"},"elements":[{"from":[9,0,4.5],"to":[15,8,10.5],"rotation":{"angle":-22.5,"axis":"y","origin":[12,4,8]},"faces":{"north":{"uv":[3,0,6,4],"texture":"#0"},"east":{"uv":[3,0,6,4],"texture":"#0"},"south":{"uv":[3,0,6,4],"texture":"#0"},"west":{"uv":[3,0,6,4],"texture":"#0"},"up":{"uv":[3,6,0,3],"texture":"#0"},"down":{"uv":[3,0,0,3],"texture":"#0"}}},{"from":[1,0,6.5],"to":[7,8,12.5],"rotation":{"angle":22.5,"axis":"y","origin":[5,4,8]},"faces":{"north":{"uv":[9,0,12,4],"texture":"#0"},"east":{"uv":[9,0,12,4],"texture":"#0"},"south":{"uv":[9,0,12,4],"texture":"#0"},"west":{"uv":[9,0,12,4],"texture":"#0"},"up":{"uv":[9,6,6,3],"texture":"#0"},"down":{"uv":[9,0,6,3],"texture":"#0"}}},{"from":[6,8,5],"to":[12,16,11],"rotation":{"angle":0,"axis":"y","origin":[7,0,7]},"faces":{"north":{"uv":[3,6,6,10],"texture":"#0"},"east":{"uv":[3,6,6,10],"texture":"#0"},"south":{"uv":[3,6,6,10],"texture":"#0"},"west":{"uv":[3,6,6,10],"texture":"#0"},"up":{"uv":[3,12,0,9],"texture":"#0"},"down":{"uv":[3,6,0,9],"texture":"#0"}}}],"gui_light":"front","display":{"thirdperson_righthand":{"rotation":[67.5,0,0],"translation":[-0.25,1.75,0.75],"scale":[0.375,0.375,0.375]},"thirdperson_lefthand":{"rotation":[67.5,0,0],"translation":[-0.25,1.75,0.75],"scale":[0.375,0.375,0.375]},"firstperson_righthand":{"translation":[0,4.5,0],"scale":[0.51523,0.51523,0.51523]},"firstperson_lefthand":{"translation":[-1,4.5,0],"scale":[0.51523,0.51523,0.51523]},"ground":{"translation":[0,3,0],"scale":[0.5,0.5,0.5]},"gui":{"rotation":[30,-149,0],"translation":[0.25,0.25,0],"scale":[0.67578,0.67578,0.67578]},"head":{"translation":[0,-32,0],"scale":[0,0,0]},"fixed":{"rotation":[-90,180,0],"translation":[0,0,-16],"scale":[2,2,2]}}}