{"textures":{"0":"glorious:entity/nocsy_cat5"},"elements":[{"from":[6.285714,6.714286,5.5714283],"to":[9.714286,10.142858,9.0],"rotation":{"angle":0.0,"axis":"y","origin":[8.0,1.5142851,10.714286]},"faces":{"east":{"uv":[3.5,0.0,4.25,0.75],"rotation":0,"texture":"#0","tintindex":0},"south":{"uv":[3.5,0.875,4.25,1.625],"rotation":0,"texture":"#0","tintindex":0},"north":{"uv":[2.75,3.0,3.5,3.75],"rotation":0,"texture":"#0","tintindex":0},"west":{"uv":[3.5,1.75,4.25,2.5],"rotation":0,"texture":"#0","tintindex":0},"up":{"uv":[4.375,3.375,3.625,2.625],"rotation":0,"texture":"#0","tintindex":0},"down":{"uv":[4.375,3.5,3.625,4.25],"rotation":0,"texture":"#0","tintindex":0}}},{"from":[5.499193,5.571429,6.6683936],"to":[5.499193,9.0,10.096966],"rotation":{"angle":-22.5,"axis":"y","origin":[7.213479,7.2857146,8.382679]},"faces":{"east":{"uv":[0.0,3.75,0.75,4.5],"rotation":0,"texture":"#0","tintindex":0},"south":{"uv":[2.5,8.375,2.5,9.125],"rotation":0,"texture":"#0","tintindex":0},"north":{"uv":[8.375,1.5,8.375,2.25],"rotation":0,"texture":"#0","tintindex":0},"west":{"uv":[0.875,3.75,1.625,4.5],"rotation":0,"texture":"#0","tintindex":0},"up":{"uv":[2.625,9.125,2.625,8.375],"rotation":0,"texture":"#0","tintindex":0},"down":{"uv":[2.75,8.375,2.75,9.125],"rotation":0,"texture":"#0","tintindex":0}}},{"from":[10.500807,5.571429,6.6683936],"to":[10.500807,9.0,10.096966],"rotation":{"angle":22.5,"axis":"y","origin":[8.786521,7.2857146,8.382679]},"faces":{"east":{"uv":[1.75,3.75,2.5,4.5],"rotation":0,"texture":"#0","tintindex":0},"south":{"uv":[3.0,8.375,3.0,9.125],"rotation":0,"texture":"#0","tintindex":0},"north":{"uv":[2.875,8.375,2.875,9.125],"rotation":0,"texture":"#0","tintindex":0},"west":{"uv":[2.625,3.875,3.375,4.625],"rotation":0,"texture":"#0","tintindex":0},"up":{"uv":[3.125,9.125,3.125,8.375],"rotation":0,"texture":"#0","tintindex":0},"down":{"uv":[3.25,8.375,3.25,9.125],"rotation":0,"texture":"#0","tintindex":0}}},{"from":[10.500807,6.714286,7.8112507],"to":[10.500807,10.142858,11.239822],"rotation":{"angle":22.5,"axis":"y","origin":[8.786521,8.428572,9.525537]},"faces":{"east":{"uv":[4.375,0.0,5.125,0.75],"rotation":0,"texture":"#0","tintindex":0},"south":{"uv":[3.5,8.375,3.5,9.125],"rotation":0,"texture":"#0","tintindex":0},"north":{"uv":[3.375,8.375,3.375,9.125],"rotation":0,"texture":"#0","tintindex":0},"west":{"uv":[4.375,0.875,5.125,1.625],"rotation":0,"texture":"#0","tintindex":0},"up":{"uv":[3.625,9.125,3.625,8.375],"rotation":0,"texture":"#0","tintindex":0},"down":{"uv":[3.75,8.375,3.75,9.125],"rotation":0,"texture":"#0","tintindex":0}}},{"from":[5.499193,6.714286,7.8112507],"to":[5.499193,10.142858,11.239822],"rotation":{"angle":-22.5,"axis":"y","origin":[7.213479,8.428572,9.525537]},"faces":{"east":{"uv":[4.375,1.75,5.125,2.5],"rotation":0,"texture":"#0","tintindex":0},"south":{"uv":[8.375,3.875,8.375,4.625],"rotation":0,"texture":"#0","tintindex":0},"north":{"uv":[3.875,8.375,3.875,9.125],"rotation":0,"texture":"#0","tintindex":0},"west":{"uv":[3.5,4.375,4.25,5.125],"rotation":0,"texture":"#0","tintindex":0},"up":{"uv":[4.0,9.125,4.0,8.375],"rotation":0,"texture":"#0","tintindex":0},"down":{"uv":[4.125,8.375,4.125,9.125],"rotation":0,"texture":"#0","tintindex":0}}},{"from":[6.257143,7.939603,5.378486],"to":[7.357143,8.511032,5.378486],"rotation":{"angle":0.0,"axis":"y","origin":[6.8282857,8.911032,5.692772]},"faces":{"east":{"uv":[5.875,8.5,5.875,8.625],"rotation":0,"texture":"#0","tintindex":0},"south":{"uv":[7.125,7.875,7.375,8.0],"rotation":0,"texture":"#0","tintindex":0},"north":{"uv":[6.75,7.875,7.0,8.0],"rotation":0,"texture":"#0","tintindex":0},"west":{"uv":[8.5,6.25,8.5,6.375],"rotation":0,"texture":"#0","tintindex":0},"up":{"uv":[8.75,6.0,8.5,6.0],"rotation":0,"texture":"#0","tintindex":0},"down":{"uv":[8.75,6.875,8.5,6.875],"rotation":0,"texture":"#0","tintindex":0}}},{"from":[6.257143,7.88246,5.378486],"to":[7.357143,7.939603,5.378486],"rotation":{"angle":0.0,"axis":"y","origin":[6.8282857,8.911032,5.692772]},"faces":{"east":{"uv":[8.5,7.0,8.5,7.125],"rotation":0,"texture":"#0","tintindex":0},"south":{"uv":[7.5,7.875,7.75,8.0],"rotation":0,"texture":"#0","tintindex":0},"north":{"uv":[7.875,7.25,8.125,7.375],"rotation":0,"texture":"#0","tintindex":0},"west":{"uv":[8.5,7.25,8.5,7.375],"rotation":0,"texture":"#0","tintindex":0},"up":{"uv":[8.75,7.5,8.5,7.5],"rotation":0,"texture":"#0","tintindex":0},"down":{"uv":[8.75,7.625,8.5,7.625],"rotation":0,"texture":"#0","tintindex":0}}},{"from":[8.642858,7.88246,5.378486],"to":[9.742857,7.939603,5.378486],"rotation":{"angle":0.0,"axis":"y","origin":[9.171715,8.911032,5.692772]},"faces":{"east":{"uv":[8.5,7.75,8.5,7.875],"rotation":0,"texture":"#0","tintindex":0},"south":{"uv":[7.875,7.75,8.125,7.875],"rotation":0,"texture":"#0","tintindex":0},"north":{"uv":[7.875,7.5,8.125,7.625],"rotation":0,"texture":"#0","tintindex":0},"west":{"uv":[8.5,8.0,8.5,8.125],"rotation":0,"texture":"#0","tintindex":0},"up":{"uv":[8.75,8.25,8.5,8.25],"rotation":0,"texture":"#0","tintindex":0},"down":{"uv":[8.625,8.5,8.375,8.5],"rotation":0,"texture":"#0","tintindex":0}}},{"from":[7.356571,7.939603,5.378486],"to":[7.356571,8.511032,5.949915],"rotation":{"angle":0.0,"axis":"y","origin":[6.8282857,8.911032,5.692772]},"faces":{"east":{"uv":[3.0,8.125,3.125,8.25],"rotation":0,"texture":"#0","tintindex":0},"south":{"uv":[8.625,0.25,8.625,0.375],"rotation":0,"texture":"#0","tintindex":0},"north":{"uv":[8.625,0.0,8.625,0.125],"rotation":0,"texture":"#0","tintindex":0},"west":{"uv":[3.25,8.125,3.375,8.25],"rotation":0,"texture":"#0","tintindex":0},"up":{"uv":[8.625,0.625,8.625,0.5],"rotation":0,"texture":"#0","tintindex":0},"down":{"uv":[8.625,0.75,8.625,0.875],"rotation":0,"texture":"#0","tintindex":0}}},{"from":[6.257143,7.996746,5.377915],"to":[6.257143,8.568174,5.9493437],"rotation":{"angle":0.0,"axis":"y","origin":[6.8282857,8.911032,5.692772]},"faces":{"east":{"uv":[3.5,8.125,3.625,8.25],"rotation":0,"texture":"#0","tintindex":0},"south":{"uv":[8.625,1.25,8.625,1.375],"rotation":0,"texture":"#0","tintindex":0},"north":{"uv":[8.625,1.0,8.625,1.125],"rotation":0,"texture":"#0","tintindex":0},"west":{"uv":[3.75,8.125,3.875,8.25],"rotation":0,"texture":"#0","tintindex":0},"up":{"uv":[8.625,1.625,8.625,1.5],"rotation":0,"texture":"#0","tintindex":0},"down":{"uv":[8.625,1.75,8.625,1.875],"rotation":0,"texture":"#0","tintindex":0}}},{"from":[6.257143,7.88246,5.377915],"to":[6.257143,7.939603,5.9493437],"rotation":{"angle":0.0,"axis":"y","origin":[6.8282857,8.911032,5.692772]},"faces":{"east":{"uv":[4.0,8.125,4.125,8.25],"rotation":0,"texture":"#0","tintindex":0},"south":{"uv":[8.625,2.25,8.625,2.375],"rotation":0,"texture":"#0","tintindex":0},"north":{"uv":[8.625,2.0,8.625,2.125],"rotation":0,"texture":"#0","tintindex":0},"west":{"uv":[4.25,8.125,4.375,8.25],"rotation":0,"texture":"#0","tintindex":0},"up":{"uv":[8.625,2.625,8.625,2.5],"rotation":0,"texture":"#0","tintindex":0},"down":{"uv":[8.625,3.625,8.625,3.75],"rotation":0,"texture":"#0","tintindex":0}}},{"from":[7.356571,7.9393845,5.378443],"to":[7.356571,7.996527,5.9498715],"rotation":{"angle":0.0,"axis":"y","origin":[7.9277143,8.910813,5.6933002]},"faces":{"east":{"uv":[8.125,4.375,8.25,4.5],"rotation":0,"texture":"#0","tintindex":0},"south":{"uv":[8.625,4.25,8.625,4.375],"rotation":0,"texture":"#0","tintindex":0},"north":{"uv":[8.625,4.0,8.625,4.125],"rotation":0,"texture":"#0","tintindex":0},"west":{"uv":[4.5,8.125,4.625,8.25],"rotation":0,"texture":"#0","tintindex":0},"up":{"uv":[4.625,8.75,4.625,8.625],"rotation":0,"texture":"#0","tintindex":0},"down":{"uv":[4.75,8.625,4.75,8.75],"rotation":0,"texture":"#0","tintindex":0}}},{"from":[8.643429,7.9393845,5.378443],"to":[8.643429,7.996527,5.9498715],"rotation":{"angle":0.0,"axis":"y","origin":[8.072286,8.910813,5.6933002]},"faces":{"east":{"uv":[8.125,4.625,8.25,4.75],"rotation":0,"texture":"#0","tintindex":0},"south":{"uv":[5.0,8.625,5.0,8.75],"rotation":0,"texture":"#0","tintindex":0},"north":{"uv":[8.625,4.875,8.625,5.0],"rotation":0,"texture":"#0","tintindex":0},"west":{"uv":[4.75,8.125,4.875,8.25],"rotation":0,"texture":"#0","tintindex":0},"up":{"uv":[5.125,8.75,5.125,8.625],"rotation":0,"texture":"#0","tintindex":0},"down":{"uv":[5.25,8.625,5.25,8.75],"rotation":0,"texture":"#0","tintindex":0}}},{"from":[9.742857,7.88246,5.377915],"to":[9.742857,7.939603,5.9493437],"rotation":{"angle":0.0,"axis":"y","origin":[9.171715,8.911032,5.692772]},"faces":{"east":{"uv":[8.125,4.875,8.25,5.0],"rotation":0,"texture":"#0","tintindex":0},"south":{"uv":[8.625,5.625,8.625,5.75],"rotation":0,"texture":"#0","tintindex":0},"north":{"uv":[8.625,5.375,8.625,5.5],"rotation":0,"texture":"#0","tintindex":0},"west":{"uv":[5.0,8.125,5.125,8.25],"rotation":0,"texture":"#0","tintindex":0},"up":{"uv":[6.0,8.75,6.0,8.625],"rotation":0,"texture":"#0","tintindex":0},"down":{"uv":[6.125,8.625,6.125,8.75],"rotation":0,"texture":"#0","tintindex":0}}},{"from":[8.642858,7.939603,5.378486],"to":[9.742857,8.511032,5.378486],"rotation":{"angle":0.0,"axis":"y","origin":[9.171715,8.911032,5.692772]},"faces":{"east":{"uv":[8.625,6.25,8.625,6.375],"rotation":0,"texture":"#0","tintindex":0},"south":{"uv":[8.0,0.25,8.25,0.375],"rotation":0,"texture":"#0","tintindex":0},"north":{"uv":[8.0,0.0,8.25,0.125],"rotation":0,"texture":"#0","tintindex":0},"west":{"uv":[8.625,7.0,8.625,7.125],"rotation":0,"texture":"#0","tintindex":0},"up":{"uv":[8.875,5.125,8.625,5.125],"rotation":0,"texture":"#0","tintindex":0},"down":{"uv":[8.875,5.875,8.625,5.875],"rotation":0,"texture":"#0","tintindex":0}}},{"from":[9.742857,7.939603,5.377915],"to":[9.742857,8.511032,5.9493437],"rotation":{"angle":0.0,"axis":"y","origin":[9.171715,8.911032,5.692772]},"faces":{"east":{"uv":[8.125,5.125,8.25,5.25],"rotation":0,"texture":"#0","tintindex":0},"south":{"uv":[8.625,7.75,8.625,7.875],"rotation":0,"texture":"#0","tintindex":0},"north":{"uv":[8.625,7.25,8.625,7.375],"rotation":0,"texture":"#0","tintindex":0},"west":{"uv":[5.25,8.125,5.375,8.25],"rotation":0,"texture":"#0","tintindex":0},"up":{"uv":[8.625,8.125,8.625,8.0],"rotation":0,"texture":"#0","tintindex":0},"down":{"uv":[8.25,8.625,8.25,8.75],"rotation":0,"texture":"#0","tintindex":0}}},{"from":[8.643429,7.939603,5.378486],"to":[8.643429,8.511032,5.949915],"rotation":{"angle":0.0,"axis":"y","origin":[9.171715,8.911032,5.692772]},"faces":{"east":{"uv":[8.125,5.375,8.25,5.5],"rotation":0,"texture":"#0","tintindex":0},"south":{"uv":[8.5,8.625,8.5,8.75],"rotation":0,"texture":"#0","tintindex":0},"north":{"uv":[8.375,8.625,8.375,8.75],"rotation":0,"texture":"#0","tintindex":0},"west":{"uv":[5.5,8.125,5.625,8.25],"rotation":0,"texture":"#0","tintindex":0},"up":{"uv":[8.625,8.75,8.625,8.625],"rotation":0,"texture":"#0","tintindex":0},"down":{"uv":[8.75,0.0,8.75,0.125],"rotation":0,"texture":"#0","tintindex":0}}},{"from":[4.2701545,6.6085825,5.342857],"to":[7.698726,8.322868,5.342857],"rotation":{"angle":0.0,"axis":"y","origin":[6.086315,7.224995,5.3999996]},"faces":{"east":{"uv":[8.75,0.25,8.75,0.625],"rotation":0,"texture":"#0","tintindex":0},"south":{"uv":[1.375,5.5,2.125,5.875],"rotation":0,"texture":"#0","tintindex":0},"north":{"uv":[0.5,5.5,1.25,5.875],"rotation":0,"texture":"#0","tintindex":0},"west":{"uv":[8.75,0.75,8.75,1.125],"rotation":0,"texture":"#0","tintindex":0},"up":{"uv":[9.5,1.25,8.75,1.25],"rotation":0,"texture":"#0","tintindex":0},"down":{"uv":[9.5,1.375,8.75,1.375],"rotation":0,"texture":"#0","tintindex":0}}},{"from":[4.3434587,5.6956463,5.457143],"to":[7.7720304,7.409932,5.457143],"rotation":{"angle":45.0,"axis":"z","origin":[6.086315,7.224995,5.3999996]},"faces":{"east":{"uv":[8.75,1.5,8.75,1.875],"rotation":0,"texture":"#0","tintindex":0},"south":{"uv":[3.125,5.75,3.875,6.125],"rotation":0,"texture":"#0","tintindex":0},"north":{"uv":[2.25,5.625,3.0,6.0],"rotation":0,"texture":"#0","tintindex":0},"west":{"uv":[2.0,8.75,2.0,9.125],"rotation":0,"texture":"#0","tintindex":0},"up":{"uv":[9.5,2.0,8.75,2.0],"rotation":0,"texture":"#0","tintindex":0},"down":{"uv":[9.5,2.125,8.75,2.125],"rotation":0,"texture":"#0","tintindex":0}}},{"from":[8.301273,6.6085825,5.342857],"to":[11.729845,8.322868,5.342857],"rotation":{"angle":0.0,"axis":"y","origin":[9.913685,7.224995,5.3999996]},"faces":{"east":{"uv":[2.125,8.75,2.125,9.125],"rotation":0,"texture":"#0","tintindex":0},"south":{"uv":[5.75,4.25,6.5,4.625],"rotation":0,"texture":"#0","tintindex":0},"north":{"uv":[4.0,5.75,4.75,6.125],"rotation":0,"texture":"#0","tintindex":0},"west":{"uv":[8.75,2.25,8.75,2.625],"rotation":0,"texture":"#0","tintindex":0},"up":{"uv":[9.5,2.75,8.75,2.75],"rotation":0,"texture":"#0","tintindex":0},"down":{"uv":[9.5,2.875,8.75,2.875],"rotation":0,"texture":"#0","tintindex":0}}},{"from":[8.22797,5.6956463,5.457143],"to":[11.656542,7.409932,5.457143],"rotation":{"angle":-45.0,"axis":"z","origin":[9.913685,7.224995,5.3999996]},"faces":{"east":{"uv":[2.375,8.75,2.375,9.125],"rotation":0,"texture":"#0","tintindex":0},"south":{"uv":[5.75,5.25,6.5,5.625],"rotation":0,"texture":"#0","tintindex":0},"north":{"uv":[5.75,4.75,6.5,5.125],"rotation":0,"texture":"#0","tintindex":0},"west":{"uv":[8.75,3.625,8.75,4.0],"rotation":0,"texture":"#0","tintindex":0},"up":{"uv":[9.5,3.375,8.75,3.375],"rotation":0,"texture":"#0","tintindex":0},"down":{"uv":[9.5,4.125,8.75,4.125],"rotation":0,"texture":"#0","tintindex":0}}},{"from":[7.142857,7.0,5.0],"to":[8.857143,8.142858,5.5714283],"rotation":{"angle":0.0,"axis":"y","origin":[7.714286,7.5714283,5.285714]},"faces":{"east":{"uv":[8.0,0.5,8.125,0.75],"rotation":0,"texture":"#0","tintindex":0},"south":{"uv":[6.625,5.375,7.0,5.625],"rotation":0,"texture":"#0","tintindex":0},"north":{"uv":[5.875,3.875,6.25,4.125],"rotation":0,"texture":"#0","tintindex":0},"west":{"uv":[8.0,1.625,8.125,1.875],"rotation":0,"texture":"#0","tintindex":0},"up":{"uv":[1.75,2.875,1.375,2.75],"rotation":0,"texture":"#0","tintindex":0},"down":{"uv":[8.25,3.125,7.875,3.25],"rotation":0,"texture":"#0","tintindex":0}}},{"from":[7.714286,7.714286,4.957143],"to":[8.285714,8.171429,4.957143],"rotation":{"angle":0.0,"axis":"y","origin":[8.0,7.857143,4.985714]},"faces":{"east":{"uv":[8.75,5.25,8.75,5.375],"rotation":0,"texture":"#0","tintindex":0},"south":{"uv":[6.0,8.125,6.125,8.25],"rotation":0,"texture":"#0","tintindex":0},"north":{"uv":[5.75,8.125,5.875,8.25],"rotation":0,"texture":"#0","tintindex":0},"west":{"uv":[8.75,5.5,8.75,5.625],"rotation":0,"texture":"#0","tintindex":0},"up":{"uv":[8.875,5.0,8.75,5.0],"rotation":0,"texture":"#0","tintindex":0},"down":{"uv":[8.875,5.75,8.75,5.75],"rotation":0,"texture":"#0","tintindex":0}}},{"from":[7.714286,8.170857,4.957143],"to":[8.285714,8.170857,5.3],"rotation":{"angle":0.0,"axis":"y","origin":[8.0,8.199429,5.214286]},"faces":{"east":{"uv":[8.75,6.25,8.875,6.25],"rotation":0,"texture":"#0","tintindex":0},"south":{"uv":[8.75,6.375,8.875,6.375],"rotation":0,"texture":"#0","tintindex":0},"north":{"uv":[8.75,6.125,8.875,6.125],"rotation":0,"texture":"#0","tintindex":0},"west":{"uv":[6.5,8.75,6.625,8.75],"rotation":0,"texture":"#0","tintindex":0},"up":{"uv":[8.25,6.25,8.125,6.125],"rotation":0,"texture":"#0","tintindex":0},"down":{"uv":[8.25,6.375,8.125,6.5],"rotation":0,"texture":"#0","tintindex":0}}}],"display":{"head":{"translation":[0.0,-6.4,0.0],"scale":[4.0,4.0,4.0]}}}