{
	"credit": "Made with Blockbench",
	"textures": {
		"2": "glorious:item/hotel/service_bell",
		"particle": "glorious:item/hotel/service_bell"
	},
	"elements": [
		{
			"from": [7, 2.5, 7],
			"to": [8, 3.5, 8],
			"faces": {
				"north": {"uv": [0, 10, 1, 11], "texture": "#2"},
				"east": {"uv": [1, 10, 2, 11], "texture": "#2"},
				"south": {"uv": [2, 10, 3, 11], "texture": "#2"},
				"west": {"uv": [3, 10, 4, 11], "texture": "#2"},
				"up": {"uv": [5, 11, 4, 10], "texture": "#2"},
				"down": {"uv": [6, 10, 5, 11], "texture": "#2"}
			}
		},
		{
			"from": [5, 0, 5],
			"to": [10, 1, 10],
			"faces": {
				"north": {"uv": [9, 6, 14, 7], "texture": "#2"},
				"east": {"uv": [9, 7, 14, 8], "texture": "#2"},
				"south": {"uv": [9, 8, 14, 9], "texture": "#2"},
				"west": {"uv": [9, 9, 14, 10], "texture": "#2"},
				"up": {"uv": [5, 5, 0, 0], "texture": "#2"},
				"down": {"uv": [5, 5, 0, 10], "texture": "#2"}
			}
		},
		{
			"from": [5.5, 1, 5.5],
			"to": [9.5, 3, 9.5],
			"faces": {
				"north": {"uv": [5, 8, 9, 10], "texture": "#2"},
				"east": {"uv": [9, 0, 13, 2], "texture": "#2"},
				"south": {"uv": [9, 2, 13, 4], "texture": "#2"},
				"west": {"uv": [9, 4, 13, 6], "texture": "#2"},
				"up": {"uv": [9, 4, 5, 0], "texture": "#2"},
				"down": {"uv": [9, 4, 5, 8], "texture": "#2"}
			}
		}
	],
	"display": {
		"thirdperson_righthand": {
			"rotation": [75, 45, 0],
			"translation": [0, 2.5, 0],
			"scale": [0.375, 0.375, 0.375]
		},
		"thirdperson_lefthand": {
			"rotation": [75, 45, 0],
			"translation": [0, 2.5, 0],
			"scale": [0.375, 0.375, 0.375]
		},
		"firstperson_righthand": {
			"rotation": [0, 45, 0],
			"scale": [0.4, 0.4, 0.4]
		},
		"firstperson_lefthand": {
			"rotation": [0, 225, 0],
			"scale": [0.4, 0.4, 0.4]
		},
		"ground": {
			"translation": [0, 3, 0],
			"scale": [0.25, 0.25, 0.25]
		},
		"gui": {
			"rotation": [30, 225, 0],
			"translation": [0, 2.5, 0],
			"scale": [0.7, 0.7, 0.7]
		},
		"fixed": {
			"rotation": [-90, 0, 0],
			"translation": [0, 0, -16],
			"scale": [2, 2, 2]
		}
	}
}