{
	"credit": "Made with Blockbench",
	"texture_size": [32, 32],
	"textures": {
		"0": "custom/blocks/rizaan/village/traffic_cone",
		"particle": "traffic_cone"
	},
	"elements": [
		{
			"from": [3, 0, 3],
			"to": [13, 1, 13],
			"faces": {
				"north": {"uv": [11, 0, 16, 0.5], "texture": "#0"},
				"east": {"uv": [11, 0.5, 16, 1], "texture": "#0"},
				"south": {"uv": [11, 1, 16, 1.5], "texture": "#0"},
				"west": {"uv": [11, 1.5, 16, 2], "texture": "#0"},
				"up": {"uv": [5, 5, 0, 0], "texture": "#0"},
				"down": {"uv": [5, 5, 0, 10], "texture": "#0"}
			}
		},
		{
			"from": [5, 1, 5],
			"to": [11, 8, 11],
			"faces": {
				"north": {"uv": [5, 0, 8, 3.5], "texture": "#0"},
				"east": {"uv": [5, 3.5, 8, 7], "texture": "#0"},
				"south": {"uv": [5, 7, 8, 10.5], "texture": "#0"},
				"west": {"uv": [8, 0, 11, 3.5], "texture": "#0"},
				"up": {"uv": [11, 6.5, 8, 3.5], "texture": "#0"},
				"down": {"uv": [11, 6.5, 8, 9.5], "texture": "#0"}
			}
		},
		{
			"from": [6, 8, 6],
			"to": [10, 14, 10],
			"faces": {
				"north": {"uv": [8, 9.5, 10, 12.5], "texture": "#0"},
				"east": {"uv": [0, 10, 2, 13], "texture": "#0"},
				"south": {"uv": [2, 10, 4, 13], "texture": "#0"},
				"west": {"uv": [10, 9.5, 12, 12.5], "texture": "#0"},
				"up": {"uv": [6, 12.5, 4, 10.5], "texture": "#0"},
				"down": {"uv": [8, 10.5, 6, 12.5], "texture": "#0"}
			}
		},
		{
			"from": [7, 14, 7],
			"to": [9, 16, 9],
			"faces": {
				"north": {"uv": [11, 2, 12, 3], "texture": "#0"},
				"east": {"uv": [11, 3, 12, 4], "texture": "#0"},
				"south": {"uv": [11, 4, 12, 5], "texture": "#0"},
				"west": {"uv": [11, 5, 12, 6], "texture": "#0"},
				"up": {"uv": [12, 7, 11, 6], "texture": "#0"},
				"down": {"uv": [12, 7, 11, 8], "texture": "#0"}
			}
		}
	],
	"gui_light": "front",
	"display": {
		"thirdperson_righthand": {
			"rotation": [75, 45, 0],
			"translation": [0, 2.5, 0],
			"scale": [0.375, 0.375, 0.375]
		},
		"thirdperson_lefthand": {
			"rotation": [75, 45, 0],
			"translation": [0, 2.5, 0],
			"scale": [0.375, 0.375, 0.375]
		},
		"firstperson_righthand": {
			"rotation": [0, 45, 0],
			"scale": [0.4, 0.4, 0.4]
		},
		"firstperson_lefthand": {
			"rotation": [0, 225, 0],
			"scale": [0.4, 0.4, 0.4]
		},
		"ground": {
			"translation": [0, 3, 0],
			"scale": [0.25, 0.25, 0.25]
		},
		"gui": {
			"rotation": [30, 225, 0],
			"scale": [0.625, 0.625, 0.625]
		},
		"fixed": {
			"rotation": [-90, 180, 0],
			"translation": [0, 0, -15],
			"scale": [2, 2, 2]
		}
	}
}