{"textures":{"0":"glorious:entity/nocsy_cat4"},"elements":[{"from":[7.142857,7.0346484,7.2448263],"to":[8.857143,8.1775055,8.959112],"rotation":{"angle":0.0,"axis":"y","origin":[10.571428,5.2060766,10.159112]},"faces":{"east":{"uv":[12.25,9.5,13.0,10.0],"rotation":0,"texture":"#0","tintindex":0},"south":{"uv":[12.25,10.25,13.0,10.75],"rotation":0,"texture":"#0","tintindex":0},"north":{"uv":[12.25,6.5,13.0,7.0],"rotation":0,"texture":"#0","tintindex":0},"west":{"uv":[12.25,11.0,13.0,11.5],"rotation":0,"texture":"#0","tintindex":0},"up":{"uv":[8.75,11.75,8.0,11.0],"rotation":0,"texture":"#0","tintindex":0},"down":{"uv":[9.75,11.0,9.0,11.75],"rotation":0,"texture":"#0","tintindex":0}}}],"display":{"head":{"translation":[0.0,-6.4,0.0],"scale":[4.0,4.0,4.0]}}}