{
	"credit": "magic_store_official",
	"texture_size": [64, 64],
	"textures": {
		"0": "glorious:item/bank/bank_document",
		"particle": "glorious:item/bank/bank_document"
	},
	"elements": [
		{
			"from": [12, 0, 2],
			"to": [12, 8, 14],
			"faces": {
				"north": {"uv": [0, 0, 0, 2], "texture": "#0"},
				"east": {"uv": [0, 0, 3, 2], "texture": "#0"},
				"south": {"uv": [0, 0, 0, 2], "texture": "#0"},
				"west": {"uv": [3, 0, 0, 2], "texture": "#0"},
				"up": {"uv": [0, 3, 0, 0], "texture": "#0"},
				"down": {"uv": [0, 0, 0, 3], "texture": "#0"}
			}
		},
		{
			"from": [4, 0, 2],
			"to": [4, 8, 14],
			"faces": {
				"north": {"uv": [0, 0, 0, 2], "texture": "#0"},
				"east": {"uv": [0, 0, 3, 2], "texture": "#0"},
				"south": {"uv": [0, 0, 0, 2], "texture": "#0"},
				"west": {"uv": [3, 0, 0, 2], "texture": "#0"},
				"up": {"uv": [0, 3, 0, 0], "texture": "#0"},
				"down": {"uv": [0, 0, 0, 3], "texture": "#0"}
			}
		},
		{
			"from": [4, 0, 2],
			"to": [12, 0, 14],
			"faces": {
				"north": {"uv": [0, 0, 2, 0], "texture": "#0"},
				"east": {"uv": [0, 0, 3, 0], "texture": "#0"},
				"south": {"uv": [0, 0, 2, 0], "texture": "#0"},
				"west": {"uv": [0, 0, 3, 0], "texture": "#0"},
				"up": {"uv": [3, 6, 5, 3], "texture": "#0"},
				"down": {"uv": [5, 3, 3, 6], "texture": "#0"}
			}
		},
		{
			"from": [4, 3, 2],
			"to": [12, 3, 14],
			"faces": {
				"north": {"uv": [0, 0, 2, 0], "texture": "#0"},
				"east": {"uv": [0, 0, 3, 0], "texture": "#0"},
				"south": {"uv": [0, 0, 2, 0], "texture": "#0"},
				"west": {"uv": [0, 0, 3, 0], "texture": "#0"},
				"up": {"uv": [3, 6, 5, 3], "texture": "#0"},
				"down": {"uv": [5, 3, 3, 6], "texture": "#0"}
			}
		},
		{
			"from": [4, 6, 2],
			"to": [12, 6, 14],
			"faces": {
				"north": {"uv": [0, 0, 2, 0], "texture": "#0"},
				"east": {"uv": [0, 0, 3, 0], "texture": "#0"},
				"south": {"uv": [0, 0, 2, 0], "texture": "#0"},
				"west": {"uv": [0, 0, 3, 0], "texture": "#0"},
				"up": {"uv": [3, 6, 5, 3], "texture": "#0"},
				"down": {"uv": [5, 3, 3, 6], "texture": "#0"}
			}
		},
		{
			"from": [4, 0, 2],
			"to": [12, 8, 2],
			"faces": {
				"north": {"uv": [0, 7, 2, 9], "texture": "#0"},
				"east": {"uv": [0, 0, 0, 2], "texture": "#0"},
				"south": {"uv": [0, 7, 2, 9], "texture": "#0"},
				"west": {"uv": [0, 0, 0, 2], "texture": "#0"},
				"up": {"uv": [2, 0, 0, 0], "texture": "#0"},
				"down": {"uv": [2, 0, 0, 0], "texture": "#0"}
			}
		},
		{
			"from": [4.25, 3.1, 2.25],
			"to": [11.25, 5.1, 14.25],
			"faces": {
				"north": {"uv": [0, 6.5, 1.75, 7], "texture": "#0"},
				"east": {"uv": [0, 6, 3, 6.5], "texture": "#0"},
				"south": {"uv": [0, 6.5, 1.75, 7], "texture": "#0"},
				"west": {"uv": [0, 6, 3, 6.5], "texture": "#0"},
				"up": {"uv": [3, 6, 4.75, 9], "texture": "#0"},
				"down": {"uv": [4.75, 6, 6.5, 9], "texture": "#0"}
			}
		},
		{
			"from": [4.25, 0.1, 2.25],
			"to": [11.25, 2.1, 14.25],
			"faces": {
				"north": {"uv": [0, 6.5, 1.75, 7], "texture": "#0"},
				"east": {"uv": [0, 6, 3, 6.5], "texture": "#0"},
				"south": {"uv": [0, 6.5, 1.75, 7], "texture": "#0"},
				"west": {"uv": [0, 6, 3, 6.5], "texture": "#0"},
				"up": {"uv": [3, 6, 4.75, 9], "texture": "#0"},
				"down": {"uv": [4.75, 6, 6.5, 9], "texture": "#0"}
			}
		}
	],
	"display": {
		"thirdperson_righthand": {
			"rotation": [49, 36, 0],
			"translation": [-0.5, 3, 0.5],
			"scale": [0.45, 0.45, 0.45]
		},
		"thirdperson_lefthand": {
			"rotation": [49, 36, 0],
			"translation": [-0.5, 3, 0.5],
			"scale": [0.45, 0.45, 0.45]
		},
		"firstperson_righthand": {
			"rotation": [-180, 65, -180],
			"translation": [9.75, 0, -9.25],
			"scale": [0.85, 0.85, 0.85]
		},
		"firstperson_lefthand": {
			"rotation": [-180, 65, -180],
			"translation": [9.75, 0, -9.25],
			"scale": [0.85, 0.85, 0.85]
		},
		"ground": {
			"translation": [0, 5.5, 0],
			"scale": [0.4, 0.4, 0.4]
		},
		"gui": {
			"rotation": [30, 145.5, 0],
			"translation": [0, 2, 0],
			"scale": [0.75, 0.75, 0.75]
		},
		"head": {
			"translation": [0, -30.5, 0],
			"scale": [1.6, 1.6, 1.6]
		},
		"fixed": {
			"rotation": [-90, 0, 0],
			"translation": [0, -3, -16],
			"scale": [2, 2, 2]
		}
	},
	"groups": [
		{
			"name": "group",
			"origin": [0, 0, 0],
			"color": 0,
			"children": [0, 1, 2, 3, 4, 5, 6, 7]
		}
	]
}