{"textures":{"0":"glorious:entity/nocsy_cat1"},"elements":[{"from":[6.5714283,5.9988003,5.475932],"to":[9.428572,8.855944,11.190218],"rotation":{"angle":0.0,"axis":"y","origin":[8.857143,2.3416572,8.904504]},"faces":{"east":{"uv":[0.0,0.0,1.25,0.625],"rotation":0,"texture":"#0","tintindex":0},"south":{"uv":[1.75,4.375,2.375,5.0],"rotation":0,"texture":"#0","tintindex":0},"north":{"uv":[0.0,4.125,0.625,4.75],"rotation":0,"texture":"#0","tintindex":0},"west":{"uv":[0.0,0.75,1.25,1.375],"rotation":0,"texture":"#0","tintindex":0},"up":{"uv":[2.0,1.25,1.375,0.0],"rotation":0,"texture":"#0","tintindex":0},"down":{"uv":[2.0,1.375,1.375,2.625],"rotation":0,"texture":"#0","tintindex":0}}}],"display":{"head":{"translation":[0.0,-6.4,0.0],"scale":[4.0,4.0,4.0]}}}