{"textures":{"0":"glorious:entity/nocsy_cat1"},"elements":[{"from":[6.8592844,7.1089087,7.568866],"to":[8.687856,8.93748,9.968865],"rotation":{"angle":0.0,"axis":"y","origin":[7.838773,8.066635,7.673534]},"faces":{"east":{"uv":[5.625,1.25,6.125,1.625],"rotation":0,"texture":"#0","tintindex":0},"south":{"uv":[2.625,6.0,3.0,6.375],"rotation":0,"texture":"#0","tintindex":0},"north":{"uv":[0.0,6.0,0.375,6.375],"rotation":0,"texture":"#0","tintindex":0},"west":{"uv":[5.625,1.75,6.125,2.125],"rotation":0,"texture":"#0","tintindex":0},"up":{"uv":[6.0,2.75,5.625,2.25],"rotation":0,"texture":"#0","tintindex":0},"down":{"uv":[6.0,2.875,5.625,3.375],"rotation":0,"texture":"#0","tintindex":0}}}],"display":{"head":{"translation":[0.0,-6.4,0.0],"scale":[4.0,4.0,4.0]}}}