{"textures":{"0":"glorious:entity/nocsy_cat1"},"elements":[{"from":[7.4,6.572625,7.3973956],"to":[8.942857,8.686912,8.940253],"rotation":{"angle":0.0,"axis":"y","origin":[8.171429,7.142857,8.0]},"faces":{"east":{"uv":[1.125,5.875,1.5,6.375],"rotation":0,"texture":"#0","tintindex":0},"south":{"uv":[1.625,5.875,2.0,6.375],"rotation":0,"texture":"#0","tintindex":0},"north":{"uv":[4.5,5.75,4.875,6.25],"rotation":0,"texture":"#0","tintindex":0},"west":{"uv":[2.125,5.875,2.5,6.375],"rotation":0,"texture":"#0","tintindex":0},"up":{"uv":[6.625,1.375,6.25,1.0],"rotation":0,"texture":"#0","tintindex":0},"down":{"uv":[6.625,1.5,6.25,1.875],"rotation":0,"texture":"#0","tintindex":0}}}],"display":{"head":{"translation":[0.0,-6.4,0.0],"scale":[4.0,4.0,4.0]}}}