{"credit":"MadewithBlockbench","texture_size":[64,64],"textures":{"0":"glorious:item/office_decoration_v1/office_sofa_1","particle":"glorious:item/office_decoration_v1/office_sofa_1"},"elements":[{"from":[2,2,2],"to":[14,9,12],"faces":{"north":{"uv":[6,0,9,1.75],"texture":"#0"},"up":{"uv":[3,5.75,0,3.25],"texture":"#0"},"down":{"uv":[6,3.25,3,5.75],"texture":"#0"}}},{"from":[2,2,12],"to":[14,15,14],"faces":{"north":{"uv":[0,0,3,3.25],"texture":"#0"},"east":{"uv":[6,1.75,6.5,5],"texture":"#0"},"south":{"uv":[3,0,6,3.25],"texture":"#0"},"west":{"uv":[6,1.75,6.5,5],"texture":"#0"},"up":{"uv":[9.5,2.25,6.5,1.75],"texture":"#0"},"down":{"uv":[9.5,2.25,6.5,2.75],"texture":"#0"}}},{"from":[14,2,2],"to":[16,12,14],"faces":{"north":{"uv":[6,5,6.5,7.5],"texture":"#0"},"east":{"uv":[0,5.75,3,8.25],"texture":"#0"},"south":{"uv":[6,5,6.5,7.5],"texture":"#0"},"west":{"uv":[3,5.75,6,8.25],"texture":"#0"},"up":{"uv":[7,5.75,6.5,2.75],"texture":"#0"},"down":{"uv":[7.5,2.75,7,5.75],"texture":"#0"}}},{"from":[0,2,2],"to":[2,12,14],"rotation":{"angle":0,"axis":"y","origin":[16,0,0]},"faces":{"north":{"uv":[6.5,5,6,7.5],"texture":"#0"},"east":{"uv":[6,5.75,3,8.25],"texture":"#0"},"south":{"uv":[6.5,5,6,7.5],"texture":"#0"},"west":{"uv":[3,5.75,0,8.25],"texture":"#0"},"up":{"uv":[6.5,5.75,7,2.75],"texture":"#0"},"down":{"uv":[7,2.75,7.5,5.75],"texture":"#0"}}},{"from":[13,0,3],"to":[15,2,5],"rotation":{"angle":0,"axis":"y","origin":[16,0,0]},"faces":{"north":{"uv":[6.5,5.75,7,6.25],"texture":"#0"},"east":{"uv":[6.5,5.75,7,6.25],"texture":"#0"},"south":{"uv":[6.5,5.75,7,6.25],"texture":"#0"},"west":{"uv":[6.5,5.75,7,6.25],"texture":"#0"},"up":{"uv":[6.5,5.75,7,6.25],"texture":"#0"},"down":{"uv":[6.5,6.25,7,6.75],"texture":"#0"}}},{"from":[1,0,3],"to":[3,2,5],"rotation":{"angle":0,"axis":"y","origin":[16,0,0]},"faces":{"north":{"uv":[6.5,5.75,7,6.25],"texture":"#0"},"east":{"uv":[6.5,5.75,7,6.25],"texture":"#0"},"south":{"uv":[6.5,5.75,7,6.25],"texture":"#0"},"west":{"uv":[6.5,5.75,7,6.25],"texture":"#0"},"up":{"uv":[6.5,5.75,7,6.25],"texture":"#0"},"down":{"uv":[6.5,6.25,7,6.75],"texture":"#0"}}},{"from":[1,0,11],"to":[3,2,13],"rotation":{"angle":0,"axis":"y","origin":[16,0,16]},"faces":{"north":{"uv":[7,5.75,6.5,6.25],"texture":"#0"},"east":{"uv":[7,5.75,6.5,6.25],"texture":"#0"},"south":{"uv":[7,5.75,6.5,6.25],"texture":"#0"},"west":{"uv":[7,5.75,6.5,6.25],"texture":"#0"},"up":{"uv":[6.5,6.25,7,5.75],"texture":"#0"},"down":{"uv":[6.5,6.75,7,6.25],"texture":"#0"}}},{"from":[13,0,11],"to":[15,2,13],"rotation":{"angle":0,"axis":"y","origin":[16,0,16]},"faces":{"north":{"uv":[7,5.75,6.5,6.25],"texture":"#0"},"east":{"uv":[7,5.75,6.5,6.25],"texture":"#0"},"south":{"uv":[7,5.75,6.5,6.25],"texture":"#0"},"west":{"uv":[7,5.75,6.5,6.25],"texture":"#0"},"up":{"uv":[6.5,6.25,7,5.75],"texture":"#0"},"down":{"uv":[6.5,6.75,7,6.25],"texture":"#0"}}}],"gui_light":"front","display":{"thirdperson_righthand":{"rotation":[67.5,0,0],"translation":[0,2.75,0.5],"scale":[0.39446,0.39446,0.39446]},"thirdperson_lefthand":{"rotation":[67.5,0,0],"translation":[0,2.75,0.5],"scale":[0.39446,0.39446,0.39446]},"firstperson_righthand":{"translation":[-0.75,4,1.5],"scale":[0.45125,0.45125,0.45125]},"firstperson_lefthand":{"translation":[-0.75,4,1.5],"scale":[0.45125,0.45125,0.45125]},"ground":{"translation":[0.75,2,0],"scale":[0.5,0.5,0.5]},"gui":{"rotation":[30,225,0],"translation":[0.25,0,0],"scale":[0.59102,0.59102,0.59102]},"head":{"rotation":[0,180,0],"translation":[0,-27.25,0],"scale":[0,0,0]},"fixed":{"rotation":[-90,0,0],"translation":[0,0,-16],"scale":[2,2,2]}}}