{
	"credit": "Made with Blockbench",
	"texture_size": [128, 128],
	"textures": {
		"5": "glorious:item/signs/hotel_sign"
	},
	"elements": [
		{
			"from": [-12, 0, 7.5],
			"to": [28, 16, 8.5],
			"faces": {
				"north": {"uv": [0, 0, 5, 2], "texture": "#5"},
				"east": {"uv": [0.5, 4.875, 0.625, 6.875], "texture": "#5"},
				"south": {"uv": [0, 2, 5, 4], "texture": "#5"},
				"west": {"uv": [0.625, 4.875, 0.75, 6.875], "texture": "#5"},
				"up": {"uv": [9, 4.125, 4, 4], "texture": "#5"},
				"down": {"uv": [9, 4.125, 4, 4.25], "texture": "#5"}
			}
		},
		{
			"from": [-13, -0.0625, 7],
			"to": [-12, 16.0625, 9],
			"faces": {
				"north": {"uv": [0, 4.875, 0.125, 6.875], "texture": "#5"},
				"east": {"uv": [4, 4.25, 4.25, 6.25], "texture": "#5"},
				"south": {"uv": [0.125, 4.875, 0.25, 6.875], "texture": "#5"},
				"west": {"uv": [4.25, 4.25, 4.5, 6.25], "texture": "#5"},
				"up": {"uv": [3.875, 5.125, 3.75, 4.875], "texture": "#5"},
				"down": {"uv": [4, 4.875, 3.875, 5.125], "texture": "#5"}
			}
		},
		{
			"from": [28, -0.0625, 7],
			"to": [29, 16.125, 9],
			"rotation": {"angle": 0, "axis": "y", "origin": [16, 0, 0]},
			"faces": {
				"north": {"uv": [0.25, 4.875, 0.375, 6.875], "texture": "#5"},
				"east": {"uv": [4.5, 4.25, 4.75, 6.25], "texture": "#5"},
				"south": {"uv": [0.375, 4.875, 0.5, 6.875], "texture": "#5"},
				"west": {"uv": [4.75, 4.25, 5, 6.25], "texture": "#5"},
				"up": {"uv": [2, 5.25, 1.875, 5], "texture": "#5"},
				"down": {"uv": [5.125, 1.875, 5, 2.125], "texture": "#5"}
			}
		},
		{
			"name": "open sign",
			"from": [0, -10, 7.5],
			"to": [16, -3, 8.5],
			"faces": {
				"north": {"uv": [0, 4, 2, 4.875], "texture": "#5"},
				"east": {"uv": [2.75, 4.875, 2.875, 5.75], "texture": "#5"},
				"south": {"uv": [2, 4, 4, 4.875], "texture": "#5"},
				"west": {"uv": [2.875, 4.875, 3, 5.75], "texture": "#5"},
				"up": {"uv": [2.75, 5, 0.75, 4.875], "texture": "#5"},
				"down": {"uv": [7, 0, 5, 0.125], "texture": "#5"}
			}
		},
		{
			"from": [-5, 16, 8],
			"to": [-2, 18, 8],
			"faces": {
				"north": {"uv": [3, 4.875, 3.375, 5.125], "texture": "#5"},
				"east": {"uv": [0, 0, 0, 0.25], "texture": "#5"},
				"south": {"uv": [3.375, 4.875, 3.75, 5.125], "texture": "#5"},
				"west": {"uv": [0, 0, 0, 0.25], "texture": "#5"},
				"up": {"uv": [0.375, 0, 0, 0], "texture": "#5"},
				"down": {"uv": [0.375, 0, 0, 0], "texture": "#5"}
			}
		},
		{
			"from": [18, 16, 8],
			"to": [21, 18, 8],
			"faces": {
				"north": {"uv": [5, 0.125, 5.375, 0.375], "texture": "#5"},
				"east": {"uv": [0, 0, 0, 0.25], "texture": "#5"},
				"south": {"uv": [5, 0.375, 5.375, 0.625], "texture": "#5"},
				"west": {"uv": [0, 0, 0, 0.25], "texture": "#5"},
				"up": {"uv": [0.375, 0, 0, 0], "texture": "#5"},
				"down": {"uv": [0.375, 0, 0, 0], "texture": "#5"}
			}
		},
		{
			"from": [1, -3, 8],
			"to": [4, -1, 8],
			"faces": {
				"north": {"uv": [5, 0.875, 5.375, 1.125], "texture": "#5"},
				"east": {"uv": [0, 0, 0, 0.25], "texture": "#5"},
				"south": {"uv": [1.125, 5, 1.5, 5.25], "texture": "#5"},
				"west": {"uv": [0, 0, 0, 0.25], "texture": "#5"},
				"up": {"uv": [0.375, 0, 0, 0], "texture": "#5"},
				"down": {"uv": [0.375, 0, 0, 0], "texture": "#5"}
			}
		},
		{
			"from": [2.5, -2, 6.5],
			"to": [2.5, 0, 9.5],
			"rotation": {"angle": 0, "axis": "y", "origin": [0.5, -2, 7.5]},
			"faces": {
				"north": {"uv": [0, 0, 0, 0.25], "texture": "#5"},
				"east": {"uv": [5, 1.125, 5.375, 1.375], "texture": "#5"},
				"south": {"uv": [0, 0, 0, 0.25], "texture": "#5"},
				"west": {"uv": [5, 1.375, 5.375, 1.625], "texture": "#5"},
				"up": {"uv": [0, 0.375, 0, 0], "texture": "#5"},
				"down": {"uv": [0, 0, 0, 0.375], "texture": "#5"}
			}
		},
		{
			"from": [13.5, -2, 6.5],
			"to": [13.5, 0, 9.5],
			"rotation": {"angle": 0, "axis": "y", "origin": [0.5, -2, 7.5]},
			"faces": {
				"north": {"uv": [0, 0, 0, 0.25], "texture": "#5"},
				"east": {"uv": [1.5, 5, 1.875, 5.25], "texture": "#5"},
				"south": {"uv": [0, 0, 0, 0.25], "texture": "#5"},
				"west": {"uv": [5, 1.625, 5.375, 1.875], "texture": "#5"},
				"up": {"uv": [0, 0.375, 0, 0], "texture": "#5"},
				"down": {"uv": [0, 0, 0, 0.375], "texture": "#5"}
			}
		},
		{
			"from": [12, -3, 8],
			"to": [15, -1, 8],
			"rotation": {"angle": 0, "axis": "y", "origin": [15.5, -2, 7.5]},
			"faces": {
				"north": {"uv": [5, 0.625, 5.375, 0.875], "texture": "#5"},
				"east": {"uv": [0, 0, 0, 0.25], "texture": "#5"},
				"south": {"uv": [0.75, 5, 1.125, 5.25], "texture": "#5"},
				"west": {"uv": [0, 0, 0, 0.25], "texture": "#5"},
				"up": {"uv": [0.375, 0, 0, 0], "texture": "#5"},
				"down": {"uv": [0.375, 0, 0, 0], "texture": "#5"}
			}
		}
	],
	"gui_light": "front",
	"display": {
		"thirdperson_righthand": {
			"rotation": [75, 28, 0],
			"translation": [0, 0.75, 0],
			"scale": [0.25195, 0.25195, 0.25195]
		},
		"thirdperson_lefthand": {
			"rotation": [75, 28, 0],
			"translation": [0, 0.75, 0],
			"scale": [0.25195, 0.25195, 0.25195]
		},
		"firstperson_righthand": {
			"rotation": [0, -154, 0],
			"translation": [1.25, 1.75, 0],
			"scale": [0.4, 0.4, 0.4]
		},
		"firstperson_lefthand": {
			"rotation": [0, -154, 0],
			"translation": [1.25, 1.75, 0],
			"scale": [0.4, 0.4, 0.4]
		},
		"ground": {
			"translation": [0, 3, 0],
			"scale": [0.25, 0.25, 0.25]
		},
		"gui": {
			"rotation": [30, 225, 0],
			"translation": [0, 1, 0],
			"scale": [0.46055, 0.46055, 0.46055]
		},
		"head": {
			"scale": [2.21875, 2.21875, 2.21875]
		},
		"fixed": {
			"rotation": [-90, 0, 0],
			"translation": [0, 0, -32],
			"scale": [4, 4, 4]
		}
	},
	"groups": [
		{
			"name": "top sign",
			"origin": [0, 0, 0],
			"color": 0,
			"children": [0, 1, 2]
		},
		{
			"name": "bottom sign",
			"origin": [0, 0, 0],
			"color": 0,
			"children": [3]
		},
		{
			"name": "chains",
			"origin": [15.5, -2, 7.5],
			"color": 0,
			"children": [4, 5, 6, 7, 8, 9]
		}
	]
}