{"textures":{"0":"glorious:entity/nocsy_cat6"},"elements":[{"from":[7.4,5.7726254,7.3454614],"to":[8.942857,8.45834,8.888319],"rotation":{"angle":0.0,"axis":"y","origin":[8.171429,6.342857,8.285714]},"faces":{"east":{"uv":[4.25,8.0,3.5,9.25],"rotation":0,"texture":"#0","tintindex":0},"south":{"uv":[0.75,8.0,0.0,9.25],"rotation":0,"texture":"#0","tintindex":0},"north":{"uv":[3.25,7.25,2.5,8.5],"rotation":0,"texture":"#0","tintindex":0},"west":{"uv":[7.75,7.75,7.0,9.0],"rotation":0,"texture":"#0","tintindex":0},"up":{"uv":[10.5,4.75,11.25,4.0],"rotation":0,"texture":"#0","tintindex":0},"down":{"uv":[6.5,10.5,7.25,11.25],"rotation":0,"texture":"#0","tintindex":0}}}],"display":{"head":{"translation":[0.0,-6.4,0.0],"scale":[4.0,4.0,4.0]}}}