{
	"credit": "Made with Blockbench",
	"texture_size": [128, 128],
	"textures": {
		"2": "glorious:item/messy_room/messy_table_2",
		"particle": "glorious:item/messy_room/messy_table_2"
	},
	"elements": [
		{
			"from": [2, 0, 28],
			"to": [4, 14, 30],
			"faces": {
				"north": {"uv": [7.25, 1, 7.5, 2.75], "texture": "#2"},
				"east": {"uv": [7.25, 2.75, 7.5, 4.5], "texture": "#2"},
				"south": {"uv": [7.25, 4.5, 7.5, 6.25], "texture": "#2"},
				"west": {"uv": [7.5, 1, 7.75, 2.75], "texture": "#2"},
				"up": {"uv": [2.5, 8, 2.25, 7.75], "texture": "#2"},
				"down": {"uv": [2.75, 7.75, 2.5, 8], "texture": "#2"}
			}
		},
		{
			"from": [28, 0, 28],
			"to": [30, 14, 30],
			"rotation": {"angle": 0, "axis": "y", "origin": [16, 0, 0]},
			"faces": {
				"north": {"uv": [7.5, 2.75, 7.75, 4.5], "texture": "#2"},
				"east": {"uv": [7.5, 4.5, 7.75, 6.25], "texture": "#2"},
				"south": {"uv": [0, 7.75, 0.25, 9.5], "texture": "#2"},
				"west": {"uv": [0.25, 7.75, 0.5, 9.5], "texture": "#2"},
				"up": {"uv": [3, 8, 2.75, 7.75], "texture": "#2"},
				"down": {"uv": [8, 2.75, 7.75, 3], "texture": "#2"}
			}
		},
		{
			"from": [28, 0, 2],
			"to": [30, 14, 4],
			"rotation": {"angle": 0, "axis": "y", "origin": [16, 0, 16]},
			"faces": {
				"north": {"uv": [1.25, 7.75, 1.5, 9.5], "texture": "#2"},
				"east": {"uv": [1.5, 7.75, 1.75, 9.5], "texture": "#2"},
				"south": {"uv": [1.75, 7.75, 2, 9.5], "texture": "#2"},
				"west": {"uv": [2, 7.75, 2.25, 9.5], "texture": "#2"},
				"up": {"uv": [3.5, 8, 3.25, 7.75], "texture": "#2"},
				"down": {"uv": [8, 3.25, 7.75, 3.5], "texture": "#2"}
			}
		},
		{
			"from": [2, 0, 2],
			"to": [4, 14, 4],
			"rotation": {"angle": 0, "axis": "y", "origin": [0, 0, 16]},
			"faces": {
				"north": {"uv": [0.5, 7.75, 0.75, 9.5], "texture": "#2"},
				"east": {"uv": [0.75, 7.75, 1, 9.5], "texture": "#2"},
				"south": {"uv": [1, 7.75, 1.25, 9.5], "texture": "#2"},
				"west": {"uv": [7.75, 1, 8, 2.75], "texture": "#2"},
				"up": {"uv": [3.25, 8, 3, 7.75], "texture": "#2"},
				"down": {"uv": [8, 3, 7.75, 3.25], "texture": "#2"}
			}
		},
		{
			"from": [0.5, 14, 0.5],
			"to": [31.5, 16, 31.5],
			"faces": {
				"north": {"uv": [7.25, 0, 11.125, 0.25], "texture": "#2"},
				"east": {"uv": [7.25, 0.25, 11.125, 0.5], "texture": "#2"},
				"south": {"uv": [7.25, 0.5, 11.125, 0.75], "texture": "#2"},
				"west": {"uv": [7.25, 0.75, 11.125, 1], "texture": "#2"},
				"up": {"uv": [3.875, 3.875, 0, 0], "texture": "#2"},
				"down": {"uv": [3.875, 3.875, 0, 7.75], "texture": "#2"}
			}
		},
		{
			"from": [2.5, 13, 2.5],
			"to": [29.5, 14, 29.5],
			"faces": {
				"north": {"uv": [7.25, 6.25, 10.625, 6.375], "texture": "#2"},
				"east": {"uv": [7.25, 6.375, 10.625, 6.5], "texture": "#2"},
				"south": {"uv": [7.25, 6.5, 10.625, 6.625], "texture": "#2"},
				"west": {"uv": [7.25, 6.625, 10.625, 6.75], "texture": "#2"},
				"up": {"uv": [7.25, 3.375, 3.875, 0], "texture": "#2"},
				"down": {"uv": [7.25, 3.375, 3.875, 6.75], "texture": "#2"}
			}
		},
		{
			"from": [4, 16.2, 4],
			"to": [27, 16.2, 27],
			"rotation": {"angle": 22.5, "axis": "y", "origin": [16, 16.2, 13]},
			"faces": {
				"north": {"uv": [0, 0, 2.875, 0], "texture": "#2"},
				"east": {"uv": [0, 0, 2.875, 0], "texture": "#2"},
				"south": {"uv": [0, 0, 2.875, 0], "texture": "#2"},
				"west": {"uv": [0, 0, 2.875, 0], "texture": "#2"},
				"up": {"uv": [6.75, 9.625, 3.875, 6.75], "texture": "#2", "tintindex": 0},
				"down": {"uv": [9.625, 6.75, 6.75, 9.625], "texture": "#2", "tintindex": 0}
			}
		}
	],
	"display": {
		"thirdperson_righthand": {
			"rotation": [75, 45, 0],
			"translation": [0, 2.5, 0],
			"scale": [0.375, 0.375, 0.375]
		},
		"thirdperson_lefthand": {
			"rotation": [75, 45, 0],
			"translation": [0, 2.5, 0],
			"scale": [0.375, 0.375, 0.375]
		},
		"firstperson_righthand": {
			"rotation": [0, 45, 0],
			"scale": [0.4, 0.4, 0.4]
		},
		"firstperson_lefthand": {
			"rotation": [0, 225, 0],
			"scale": [0.4, 0.4, 0.4]
		},
		"ground": {
			"translation": [0, 3, 0],
			"scale": [0.25, 0.25, 0.25]
		},
		"gui": {
			"rotation": [30, 225, 0],
			"translation": [3.25, 0, 0],
			"scale": [0.3, 0.3, 0.3]
		},
		"fixed": {
			"rotation": [-90, 0, 0],
			"translation": [0, 0, -16],
			"scale": [2, 2, 2]
		}
	}
}