{"textures":{"0":"glorious:entity/nocsy_cat4"},"elements":[{"from":[7.142857,7.000343,6.9714284],"to":[8.857143,8.1432,8.685715],"rotation":{"angle":0.0,"axis":"y","origin":[5.428571,5.171771,5.771428]},"faces":{"east":{"uv":[8.75,12.5,9.5,13.0],"rotation":0,"texture":"#0","tintindex":0},"south":{"uv":[12.5,8.75,13.25,9.25],"rotation":0,"texture":"#0","tintindex":0},"north":{"uv":[12.5,8.0,13.25,8.5],"rotation":0,"texture":"#0","tintindex":0},"west":{"uv":[9.75,12.5,10.5,13.0],"rotation":0,"texture":"#0","tintindex":0},"up":{"uv":[12.25,4.75,11.5,4.0],"rotation":0,"texture":"#0","tintindex":0},"down":{"uv":[12.25,5.0,11.5,5.75],"rotation":0,"texture":"#0","tintindex":0}}}],"display":{"head":{"translation":[0.0,-6.4,0.0],"scale":[4.0,4.0,4.0]}}}