{"textures":{"particle":"glorious:item/mc/gfx_bookshelf"},"elements":[{"from":[-6,20,3],"to":[22,21,13],"rotation":{"angle":0,"axis":"y","origin":[16,28,22]},"faces":{"north":{"uv":[4.875,1.375,8.375,1.5],"texture":"#particle"},"up":{"uv":[8.375,1.375,4.875,0.125],"texture":"#particle"},"down":{"uv":[8.375,2.75,4.875,1.5],"texture":"#particle"}}},{"from":[-6,11,3],"to":[22,12,13],"rotation":{"angle":0,"axis":"y","origin":[16,19,22]},"faces":{"north":{"uv":[4.875,1.375,8.375,1.5],"texture":"#particle"},"up":{"uv":[8.375,1.375,4.875,0.125],"texture":"#particle"},"down":{"uv":[8.375,2.75,4.875,1.5],"texture":"#particle"}}},{"from":[-6,2,3],"to":[22,3,13],"rotation":{"angle":0,"axis":"y","origin":[16,10,22]},"faces":{"north":{"uv":[4.875,1.375,8.375,1.5],"texture":"#particle"},"up":{"uv":[8.375,1.375,4.875,0.125],"texture":"#particle"},"down":{"uv":[8.375,2.75,4.875,1.5],"texture":"#particle"}}},{"from":[-6,29,3],"to":[22,31,13],"rotation":{"angle":0,"axis":"y","origin":[16,38,22]},"faces":{"north":{"uv":[4.875,3,8.375,3.25],"texture":"#particle"},"down":{"uv":[8.375,4.5,4.875,3.25],"texture":"#particle"}}},{"from":[-5,2,13],"to":[21,31,13.01],"rotation":{"angle":0,"axis":"y","origin":[16,36,23]},"faces":{"north":{"uv":[0.125,0.125,3.375,3.75],"texture":"#particle"},"south":{"uv":[0.125,0.125,3.375,3.75],"texture":"#particle"}}},{"from":[-8,31,1],"to":[24,32,15],"rotation":{"angle":0,"axis":"y","origin":[16,39,22]},"faces":{"north":{"uv":[0.125,5.75,4.125,5.875],"texture":"#particle"},"east":{"uv":[0.125,8,1.875,8.125],"texture":"#particle"},"south":{"uv":[4.125,7.75,0.125,7.625],"texture":"#particle"},"west":{"uv":[0.125,8.375,1.875,8.5],"texture":"#particle"},"up":{"uv":[4.125,5.75,0.125,4],"texture":"#particle"},"down":{"uv":[4.125,7.625,0.125,5.875],"texture":"#particle"}}},{"from":[-7,0,2],"to":[-5,31,4],"rotation":{"angle":0,"axis":"y","origin":[17,8,25]},"faces":{"north":{"uv":[8.875,0.125,9.125,4],"texture":"#particle"},"east":{"uv":[8.625,0.125,8.875,4],"texture":"#particle"},"south":{"uv":[9.375,0.125,9.625,4],"texture":"#particle"},"west":{"uv":[9.125,0.125,9.375,4],"texture":"#particle"},"down":{"uv":[9.125,4.25,8.875,4],"texture":"#particle"}}},{"from":[-7,0,12],"to":[-5,31,14],"rotation":{"angle":0,"axis":"y","origin":[17,8,35]},"faces":{"north":{"uv":[8.875,0.125,9.125,4],"texture":"#particle"},"east":{"uv":[8.625,0.125,8.875,4],"texture":"#particle"},"south":{"uv":[9.375,0.125,9.625,4],"texture":"#particle"},"west":{"uv":[9.125,0.125,9.375,4],"texture":"#particle"},"down":{"uv":[9.125,4.25,8.875,4],"texture":"#particle"}}},{"from":[21,0,2],"to":[23,31,4],"rotation":{"angle":0,"axis":"y","origin":[45,8,25]},"faces":{"north":{"uv":[8.875,0.125,9.125,4],"texture":"#particle"},"east":{"uv":[8.625,0.125,8.875,4],"texture":"#particle"},"south":{"uv":[9.375,0.125,9.625,4],"texture":"#particle"},"west":{"uv":[9.125,0.125,9.375,4],"texture":"#particle"},"down":{"uv":[9.125,4.25,8.875,4],"texture":"#particle"}}},{"from":[21,0,12],"to":[23,31,14],"rotation":{"angle":0,"axis":"y","origin":[45,8,35]},"faces":{"north":{"uv":[8.875,0.125,9.125,4],"texture":"#particle"},"east":{"uv":[8.625,0.125,8.875,4],"texture":"#particle"},"south":{"uv":[9.375,0.125,9.625,4],"texture":"#particle"},"west":{"uv":[9.125,0.125,9.375,4],"texture":"#particle"},"down":{"uv":[9.125,4.25,8.875,4],"texture":"#particle"}}},{"from":[-6.01,2,4],"to":[-6,31,12],"rotation":{"angle":0,"axis":"y","origin":[16.99,8,25]},"faces":{"east":{"uv":[4.625,0.125,3.625,3.75],"texture":"#particle"},"west":{"uv":[3.625,0.125,4.625,3.75],"texture":"#particle"}}},{"from":[22,2,4],"to":[22.01,31,12],"rotation":{"angle":0,"axis":"y","origin":[45,8,25]},"faces":{"east":{"uv":[4.625,0.125,3.625,3.75],"texture":"#particle"},"west":{"uv":[3.625,0.125,4.625,3.75],"texture":"#particle"}}},{"from":[9,3,5],"to":[21,11,11],"rotation":{"angle":0,"axis":"y","origin":[29,11,17]},"faces":{"north":{"uv":[5.125,6,6.625,7],"texture":"#particle"},"east":{"uv":[4.375,6,5.125,7],"texture":"#particle"},"west":{"uv":[6.625,6,7.375,7],"texture":"#particle"}}},{"from":[11,12,5],"to":[19,14,11],"rotation":{"angle":-22.5,"axis":"y","origin":[15,13,8]},"faces":{"north":{"uv":[11.875,3.25,12.875,3.5],"texture":"#particle"},"west":{"uv":[12.875,3.25,13.625,3.5],"texture":"#particle"},"up":{"uv":[12.875,3.25,11.875,2.5],"texture":"#particle"}}},{"from":[11,16,5],"to":[19,18,11],"rotation":{"angle":-22.5,"axis":"y","origin":[15,17,8]},"faces":{"north":{"uv":[9.875,0.875,10.875,1.125],"texture":"#particle"},"west":{"uv":[10.875,0.875,11.625,1.125],"texture":"#particle"},"up":{"uv":[10.875,0.875,9.875,0.125],"texture":"#particle"},"down":{"uv":[10.875,1.875,9.875,1.125],"texture":"#particle"}}},{"from":[11,14,5],"to":[19,16,11],"rotation":{"angle":22.5,"axis":"y","origin":[15,15,8]},"faces":{"north":{"uv":[12.625,0.875,13.625,1.125],"texture":"#particle"},"east":{"uv":[11.875,0.875,12.625,1.125],"texture":"#particle"},"west":{"uv":[13.625,0.875,14.375,1.125],"texture":"#particle"},"up":{"uv":[13.625,0.875,12.625,0.125],"texture":"#particle"},"down":{"uv":[13.625,1.875,12.625,1.125],"texture":"#particle"}}},{"from":[-5,21,5],"to":[7,29,11],"rotation":{"angle":0,"axis":"y","origin":[15,29,17]},"faces":{"north":{"uv":[5.125,4.75,6.625,5.75],"texture":"#particle"},"east":{"uv":[4.375,4.75,5.125,5.75],"texture":"#particle"},"west":{"uv":[6.625,4.75,7.375,5.75],"texture":"#particle"}}},{"from":[-3,12,5],"to":[5,17,11],"rotation":{"angle":0,"axis":"y","origin":[1,14.5,8]},"faces":{"north":{"uv":[9.875,2.875,10.875,3.5],"texture":"#particle"},"east":{"uv":[10.875,2.875,11.625,3.5],"texture":"#particle"},"west":{"uv":[10.875,2.875,11.625,3.5],"texture":"#particle"},"up":{"uv":[10.875,2.875,9.875,2.125],"texture":"#particle"}}},{"from":[15,21,6],"to":[19,27,10],"rotation":{"angle":22.5,"axis":"y","origin":[17,24,8]},"faces":{"north":{"uv":[11.125,1.875,11.625,2.625],"texture":"#particle"},"east":{"uv":[11.125,1.875,11.625,2.625],"texture":"#particle"},"south":{"uv":[11.125,1.875,11.625,2.625],"texture":"#particle"},"west":{"uv":[11.125,1.875,11.625,2.625],"texture":"#particle"},"up":{"uv":[11.625,1.875,11.125,1.375],"texture":"#particle"}}},{"from":[14,22,5],"to":[20,26,11],"rotation":{"angle":22.5,"axis":"y","origin":[17,24,8]},"faces":{"north":{"uv":[14.625,0.875,15.375,1.375],"texture":"#particle"},"east":{"uv":[14.625,0.875,15.375,1.375],"texture":"#particle"},"south":{"uv":[14.625,0.875,15.375,1.375],"texture":"#particle"},"west":{"uv":[14.625,0.875,15.375,1.375],"texture":"#particle"},"up":{"uv":[15.375,0.875,14.625,0.125],"texture":"#particle"},"down":{"uv":[15.375,2.125,14.625,1.375],"texture":"#particle"}}},{"from":[10.0625,21,5],"to":[12.0625,29,11],"rotation":{"angle":22.5,"axis":"z","origin":[10.0625,21,8]},"faces":{"north":{"uv":[8.375,4.75,8.625,5.75],"texture":"#particle"},"east":{"uv":[7.625,4.75,8.375,5.75],"texture":"#particle"},"west":{"uv":[8.625,4.75,9.375,5.75],"texture":"#particle"},"up":{"uv":[9.875,5.5,9.625,4.75],"texture":"#particle"},"down":{"uv":[10.375,5.5,10.125,4.75],"texture":"#particle"}}},{"from":[3.9375,3,5],"to":[5.9375,11,11],"rotation":{"angle":-22.5,"axis":"z","origin":[5.9375,3,8]},"faces":{"north":{"uv":[8.375,6,8.625,7],"texture":"#particle"},"east":{"uv":[7.625,6,8.375,7],"texture":"#particle"},"west":{"uv":[8.625,6,9.375,7],"texture":"#particle"},"up":{"uv":[9.875,6.75,9.625,6],"texture":"#particle"},"down":{"uv":[10.375,6.75,10.125,6],"texture":"#particle"}}}],"display":{"thirdperson_righthand":{"rotation":[75,45,0],"translation":[0,2.5,0],"scale":[0.375,0.375,0.375]},"thirdperson_lefthand":{"rotation":[75,45,0],"translation":[0,2.5,0],"scale":[0.375,0.375,0.375]},"firstperson_righthand":{"rotation":[0,135,0],"translation":[0,-1,0],"scale":[0.4,0.4,0.4]},"firstperson_lefthand":{"rotation":[0,135,0],"translation":[0,-1,0],"scale":[0.4,0.4,0.4]},"ground":{"translation":[0,1,0],"scale":[0.5,0.5,0.5]},"gui":{"rotation":[30,225,0],"translation":[0,-2.5,0],"scale":[0.35,0.35,0.35]},"head":{"translation":[0,-32.4,0],"scale":[1.6,1.6,1.6]},"fixed":{"rotation":[-90,0,0],"translation":[-14.75,-3.5,-14],"scale":[2,2,2]}}}