{"textures":{"particle":"glorious:item/mc/gfx_toilet"},"elements":[{"from":[2,8,11],"to":[14,17,16],"rotation":{"angle":0,"axis":"y","origin":[17,10,23]},"faces":{"north":{"uv":[0.25,4.25,3.25,6.5],"texture":"#particle"},"east":{"uv":[3.25,4.25,4.5,6.5],"texture":"#particle"},"south":{"uv":[3.25,10,0.25,7.75],"texture":"#particle"},"west":{"uv":[3.25,4.25,4.5,6.5],"texture":"#particle"},"down":{"uv":[3.25,7.75,0.25,6.5],"texture":"#particle"}}},{"from":[1,17,11],"to":[15,19,16],"rotation":{"angle":0,"axis":"y","origin":[17,11,23]},"faces":{"north":{"uv":[0.25,1.5,3.75,2],"texture":"#particle"},"east":{"uv":[3.75,1.5,5,2],"texture":"#particle"},"south":{"uv":[3.75,3.75,0.25,3.25],"texture":"#particle"},"west":{"uv":[3.75,1.5,5,2],"texture":"#particle"},"up":{"uv":[3.75,1.5,0.25,0.25],"texture":"#particle"},"down":{"uv":[3.75,3.25,0.25,2],"texture":"#particle"}}},{"from":[3,4,0],"to":[13,8,11],"rotation":{"angle":0,"axis":"y","origin":[17,2,16]},"faces":{"north":{"uv":[5.75,3,8.25,4],"texture":"#particle"},"east":{"uv":[8.25,3,11,4],"texture":"#particle"},"south":{"uv":[11,3,13.5,4],"texture":"#particle"},"west":{"uv":[8.25,3,11,4],"texture":"#particle"},"up":{"uv":[8.25,3,5.75,0.25],"texture":"#particle"},"down":{"uv":[8.25,6.75,5.75,4],"texture":"#particle"}}},{"from":[3,8,0],"to":[13,9,2],"rotation":{"angle":0,"axis":"y","origin":[17,3,16]},"faces":{"north":{"uv":[12.5,2.25,15,2.5],"texture":"#particle"},"east":{"uv":[15.5,2.25,15,2.5],"texture":"#particle"},"south":{"uv":[15,1.75,12.5,1.5],"texture":"#particle"},"west":{"uv":[15,2.25,15.5,2.5],"texture":"#particle"},"up":{"uv":[15,2.25,12.5,1.75],"texture":"#particle"}}},{"from":[3,8,8],"to":[13,9,11],"rotation":{"angle":0,"axis":"y","origin":[17,3,24]},"faces":{"north":{"uv":[8.75,2.25,11.25,2.5],"texture":"#particle"},"east":{"uv":[12,2.25,11.25,2.5],"texture":"#particle"},"west":{"uv":[11.25,2.25,12,2.5],"texture":"#particle"},"up":{"uv":[11.25,2.25,8.75,1.5],"texture":"#particle"}}},{"from":[3,8,2],"to":[5,9,8],"rotation":{"angle":0,"axis":"y","origin":[17,3,22]},"faces":{"east":{"uv":[2.25,13.5,3.75,13.75],"texture":"#particle"},"west":{"uv":[2.25,14.25,3.75,14.5],"texture":"#particle"},"up":{"uv":[1.75,15,1.25,13.5],"texture":"#particle"}}},{"from":[11,8,2],"to":[13,9,8],"rotation":{"angle":0,"axis":"y","origin":[-1,3,22]},"faces":{"east":{"uv":[3.75,14.25,2.25,14.5],"texture":"#particle"},"west":{"uv":[3.75,13.5,2.25,13.75],"texture":"#particle"},"up":{"uv":[0.75,15,0.25,13.5],"texture":"#particle"}}},{"from":[3,9,10],"to":[13,18,11],"rotation":{"angle":0,"axis":"y","origin":[17,4,17]},"faces":{"north":{"uv":[0.25,10.75,2.75,13],"texture":"#particle"},"east":{"uv":[3,10.75,2.75,13],"texture":"#particle"},"west":{"uv":[2.75,10.75,3,13],"texture":"#particle"},"up":{"uv":[2.75,10.75,0.25,10.5],"texture":"#particle"}}},{"from":[5,1,2],"to":[11,4,9],"rotation":{"angle":0,"axis":"y","origin":[17,-1,16]},"faces":{"north":{"uv":[8.75,0.25,10.25,1],"texture":"#particle"},"east":{"uv":[10.25,0.25,12,1],"texture":"#particle"},"south":{"uv":[12,0.25,13.5,1],"texture":"#particle"},"west":{"uv":[10.25,0.25,12,1],"texture":"#particle"}}},{"from":[4,0,1],"to":[12,1,10],"rotation":{"angle":0,"axis":"y","origin":[17,-2,16]},"faces":{"north":{"uv":[3.75,9.75,5.75,10],"texture":"#particle"},"east":{"uv":[5.75,9.75,8,10],"texture":"#particle"},"south":{"uv":[5.75,12.5,3.75,12.25],"texture":"#particle"},"west":{"uv":[5.75,9.75,8,10],"texture":"#particle"},"up":{"uv":[5.75,9.75,3.75,7.5],"texture":"#particle"},"down":{"uv":[5.75,12.25,3.75,10],"texture":"#particle"}}},{"from":[5,5,11],"to":[11,8,15],"rotation":{"angle":0,"axis":"y","origin":[17,2,23]},"faces":{"east":{"uv":[7.25,7.5,6.25,8.25],"texture":"#particle"},"south":{"uv":[7.25,7.5,8.75,8.25],"texture":"#particle"},"west":{"uv":[6.25,7.5,7.25,8.25],"texture":"#particle"},"down":{"uv":[7.25,8.25,8.75,9.25],"texture":"#particle"}}},{"from":[6,18.5,13],"to":[10,19.5,14],"rotation":{"angle":0,"axis":"y","origin":[15,26.5,21]},"faces":{"north":{"uv":[14.25,0.5,15.25,0.75],"texture":"#particle"},"east":{"uv":[14,0.5,14.25,0.75],"texture":"#particle"},"south":{"uv":[14.25,0.5,15.25,0.75],"texture":"#particle"},"west":{"uv":[15.25,0.5,15.5,0.75],"texture":"#particle"},"up":{"uv":[15.25,0.5,14.25,0.25],"texture":"#particle"}}}],"display":{"thirdperson_righthand":{"rotation":[75,45,0],"translation":[0,2.5,0],"scale":[0.375,0.375,0.375]},"thirdperson_lefthand":{"rotation":[75,45,0],"translation":[0,2.5,0],"scale":[0.375,0.375,0.375]},"firstperson_righthand":{"rotation":[0,45,0],"translation":[0,1,0],"scale":[0.4,0.4,0.4]},"firstperson_lefthand":{"rotation":[0,45,0],"translation":[0,1,0],"scale":[0.4,0.4,0.4]},"ground":{"translation":[0,1,0],"scale":[0.5,0.5,0.5]},"gui":{"rotation":[30,225,0],"translation":[0,-1,0],"scale":[0.55,0.55,0.55]},"fixed":{"rotation":[-90,0,0],"translation":[0,0,-16],"scale":[2,2,2]}}}