{"credit":"MadewithBlockbench","texture_size":[64,64],"textures":{"0":"glorious:item/bakery/table","particle":"glorious:item/bakery/table"},"elements":[{"from":[-16,14,-16],"to":[16,16,16],"faces":{"north":{"uv":[8,0,16,0.5],"texture":"#0"},"east":{"uv":[8,0,16,0.5],"texture":"#0"},"south":{"uv":[8,0,16,0.5],"texture":"#0"},"west":{"uv":[8,0,16,0.5],"texture":"#0"},"up":{"uv":[8,8,0,0],"texture":"#0"},"down":{"uv":[8,0,0,8],"texture":"#0"}}},{"from":[13.5,8,-13],"to":[14.5,17,-11],"rotation":{"angle":45,"axis":"x","origin":[14,10.5,-12]},"faces":{"north":{"uv":[9,0.5,9.25,2.75],"texture":"#0"},"east":{"uv":[8.5,0.5,9,2.75],"texture":"#0"},"south":{"uv":[9,0.5,9.25,2.75],"texture":"#0"},"west":{"uv":[8.5,0.5,9,2.75],"texture":"#0"}}},{"from":[13,0,-15],"to":[15,14,-13],"faces":{"north":{"uv":[8,0.5,8.5,4],"texture":"#0"},"east":{"uv":[8,0.5,8.5,4],"texture":"#0"},"south":{"uv":[8,0.5,8.5,4],"texture":"#0"},"west":{"uv":[8,0.5,8.5,4],"texture":"#0"},"up":{"uv":[8.5,4.5,8,4],"texture":"#0"},"down":{"uv":[8.5,4,8,4.5],"texture":"#0"}}},{"from":[11,8,-14.5],"to":[13,17,-13.5],"rotation":{"angle":45,"axis":"z","origin":[12,10.5,-14]},"faces":{"north":{"uv":[9.25,0.5,9.75,2.75],"texture":"#0"},"east":{"uv":[9.75,0.5,10,2.75],"texture":"#0"},"south":{"uv":[9.25,0.5,9.75,2.75],"texture":"#0"},"west":{"uv":[9.75,0.5,10,2.75],"texture":"#0"}}},{"from":[-14.5,8,-13],"to":[-13.5,17,-11],"rotation":{"angle":45,"axis":"x","origin":[-14,10.5,-12]},"faces":{"north":{"uv":[9.25,0.5,9,2.75],"texture":"#0"},"east":{"uv":[9,0.5,8.5,2.75],"texture":"#0"},"south":{"uv":[9.25,0.5,9,2.75],"texture":"#0"},"west":{"uv":[9,0.5,8.5,2.75],"texture":"#0"}}},{"from":[-15,0,-15],"to":[-13,14,-13],"faces":{"north":{"uv":[8.5,0.5,8,4],"texture":"#0"},"east":{"uv":[8.5,0.5,8,4],"texture":"#0"},"south":{"uv":[8.5,0.5,8,4],"texture":"#0"},"west":{"uv":[8.5,0.5,8,4],"texture":"#0"},"up":{"uv":[8,4.5,8.5,4],"texture":"#0"},"down":{"uv":[8,4,8.5,4.5],"texture":"#0"}}},{"from":[-13,8,-14.5],"to":[-11,17,-13.5],"rotation":{"angle":-45,"axis":"z","origin":[-12,10.5,-14]},"faces":{"north":{"uv":[9.75,0.5,9.25,2.75],"texture":"#0"},"east":{"uv":[10,0.5,9.75,2.75],"texture":"#0"},"south":{"uv":[9.75,0.5,9.25,2.75],"texture":"#0"},"west":{"uv":[10,0.5,9.75,2.75],"texture":"#0"}}},{"from":[-14.5,8,11],"to":[-13.5,17,13],"rotation":{"angle":-45,"axis":"x","origin":[-14,10.5,12]},"faces":{"north":{"uv":[9,0.5,9.25,2.75],"texture":"#0"},"east":{"uv":[8.5,0.5,9,2.75],"texture":"#0"},"south":{"uv":[9,0.5,9.25,2.75],"texture":"#0"},"west":{"uv":[8.5,0.5,9,2.75],"texture":"#0"}}},{"from":[-15,0,13],"to":[-13,14,15],"faces":{"north":{"uv":[8,0.5,8.5,4],"texture":"#0"},"east":{"uv":[8,0.5,8.5,4],"texture":"#0"},"south":{"uv":[8,0.5,8.5,4],"texture":"#0"},"west":{"uv":[8,0.5,8.5,4],"texture":"#0"},"up":{"uv":[8,4,8.5,4.5],"texture":"#0"},"down":{"uv":[8,4.5,8.5,4],"texture":"#0"}}},{"from":[-13,8,13.5],"to":[-11,17,14.5],"rotation":{"angle":-45,"axis":"z","origin":[-12,10.5,14]},"faces":{"north":{"uv":[9.25,0.5,9.75,2.75],"texture":"#0"},"east":{"uv":[9.75,0.5,10,2.75],"texture":"#0"},"south":{"uv":[9.25,0.5,9.75,2.75],"texture":"#0"},"west":{"uv":[9.75,0.5,10,2.75],"texture":"#0"}}},{"from":[13.5,8,11],"to":[14.5,17,13],"rotation":{"angle":-45,"axis":"x","origin":[14,10.5,12]},"faces":{"north":{"uv":[9.25,0.5,9,2.75],"texture":"#0"},"east":{"uv":[9,0.5,8.5,2.75],"texture":"#0"},"south":{"uv":[9.25,0.5,9,2.75],"texture":"#0"},"west":{"uv":[9,0.5,8.5,2.75],"texture":"#0"}}},{"from":[13,0,13],"to":[15,14,15],"faces":{"north":{"uv":[8.5,0.5,8,4],"texture":"#0"},"east":{"uv":[8.5,0.5,8,4],"texture":"#0"},"south":{"uv":[8.5,0.5,8,4],"texture":"#0"},"west":{"uv":[8.5,0.5,8,4],"texture":"#0"},"up":{"uv":[8.5,4,8,4.5],"texture":"#0"},"down":{"uv":[8.5,4.5,8,4],"texture":"#0"}}},{"from":[11,8,13.5],"to":[13,17,14.5],"rotation":{"angle":45,"axis":"z","origin":[12,10.5,14]},"faces":{"north":{"uv":[9.75,0.5,9.25,2.75],"texture":"#0"},"east":{"uv":[10,0.5,9.75,2.75],"texture":"#0"},"south":{"uv":[9.75,0.5,9.25,2.75],"texture":"#0"},"west":{"uv":[10,0.5,9.75,2.75],"texture":"#0"}}}],"gui_light":"front","display":{"thirdperson_righthand":{"rotation":[67.5,0,0],"translation":[1.5,1.25,0],"scale":[0.19,0.19,0.19]},"thirdperson_lefthand":{"rotation":[67.5,0,0],"translation":[-1.25,1.25,0],"scale":[0.19,0.19,0.19]},"firstperson_righthand":{"translation":[4.25,1.75,0],"scale":[0.37266,0.37266,0.37266]},"firstperson_lefthand":{"translation":[0,1.75,0],"scale":[0.37266,0.37266,0.37266]},"ground":{"translation":[3.75,3,3.5],"scale":[0.38477,0.38477,0.38477]},"gui":{"rotation":[30,225,0],"translation":[-3.5,-0.5,0],"scale":[0.30977,0.30977,0.30977]},"head":{"rotation":[0,-90,0],"translation":[0,-30.25,0],"scale":[0,0,0]},"fixed":{"rotation":[-90,90,0],"translation":[-2,-30,-16],"scale":[2,2,2]}},"groups":[{"name":"group","origin":[12,10.5,-14],"color":0,"children":[0,1,2,3,4,5,6,7,8,9,10,11,12]}]}