{"credit":"MadewithBlockbench","texture_size":[64,64],"textures":{"0":"glorious:item/bakery/tray","particle":"glorious:item/bakery/tray"},"elements":[{"from":[13,0,10],"to":[15,1,16],"faces":{"north":{"uv":[8,0.25,8.5,0.5],"texture":"#0"},"east":{"uv":[8.5,0.25,10,0.5],"texture":"#0"},"south":{"uv":[8,0.25,8.5,0.5],"texture":"#0"},"west":{"uv":[8.5,0.25,10,0.5],"texture":"#0"},"up":{"uv":[8.5,2,8,0.5],"texture":"#0"},"down":{"uv":[8.5,0.5,8,2],"texture":"#0"}}},{"from":[-1,0,-5],"to":[17,1,9],"rotation":{"angle":0,"axis":"y","origin":[24,0.5,7]},"faces":{"north":{"uv":[3.5,0,8,0.25],"texture":"#0"},"east":{"uv":[3.5,0.25,7,0.5],"texture":"#0"},"south":{"uv":[3.5,0,8,0.25],"texture":"#0"},"west":{"uv":[3.5,0.25,7,0.5],"texture":"#0"},"up":{"uv":[3.5,4.5,0,0],"rotation":270,"texture":"#0"},"down":{"uv":[3.5,4.5,0,9],"rotation":90,"texture":"#0"}}},{"from":[-7.75,0,9],"to":[-2.75,7,14],"rotation":{"angle":22.5,"axis":"y","origin":[-4.5,0.5,12.5]},"faces":{"north":{"uv":[3.5,4.75,4.75,6.5],"texture":"#0"},"east":{"uv":[3.5,4.75,4.75,6.5],"texture":"#0"},"south":{"uv":[3.5,4.75,4.75,6.5],"texture":"#0"},"west":{"uv":[3.5,4.75,4.75,6.5],"texture":"#0"},"up":{"uv":[4.75,4.75,3.5,3.5],"texture":"#0"},"down":{"uv":[4.75,3.5,3.5,4.75],"texture":"#0"}}},{"from":[-7.25,7,9.5],"to":[-3.25,14,13.5],"rotation":{"angle":22.5,"axis":"y","origin":[-4.5,0.5,12.5]},"faces":{"north":{"uv":[4.75,4.5,5.75,6.25],"texture":"#0"},"east":{"uv":[4.75,4.5,5.75,6.25],"texture":"#0"},"south":{"uv":[4.75,4.5,5.75,6.25],"texture":"#0"},"west":{"uv":[4.75,4.5,5.75,6.25],"texture":"#0"},"up":{"uv":[5.75,4.5,4.75,3.5],"texture":"#0"},"down":{"uv":[5.75,3.5,4.75,4.5],"texture":"#0"}}},{"from":[-7,9,9.75],"to":[-3.5,16,13.25],"rotation":{"angle":22.5,"axis":"y","origin":[-4.5,0.5,12.5]},"faces":{"north":{"uv":[5.75,4.5,6.75,6.25],"texture":"#0"},"east":{"uv":[5.75,4.5,6.75,6.25],"texture":"#0"},"south":{"uv":[5.75,4.5,6.75,6.25],"texture":"#0"},"west":{"uv":[5.75,4.5,6.75,6.25],"texture":"#0"},"up":{"uv":[6.75,4.5,5.75,3.5],"texture":"#0"},"down":{"uv":[6.75,3.5,5.75,4.5],"texture":"#0"}}},{"from":[-3.5,9,9.75],"to":[-7,16,13.25],"rotation":{"angle":22.5,"axis":"y","origin":[-4.5,0.5,12.5]},"faces":{"north":{"uv":[6.75,4.5,5.75,6.25],"texture":"#0"},"east":{"uv":[6.75,4.5,5.75,6.25],"texture":"#0"},"south":{"uv":[6.75,4.5,5.75,6.25],"texture":"#0"},"west":{"uv":[6.75,4.5,5.75,6.25],"texture":"#0"},"up":{"uv":[5.75,4.5,6.75,3.5],"texture":"#0"},"down":{"uv":[5.75,3.5,6.75,4.5],"texture":"#0"}}},{"from":[13.5,1,12],"to":[14.5,9,14],"faces":{"north":{"uv":[9,0.5,9.25,2.5],"texture":"#0"},"east":{"uv":[8.5,0.5,9,2.5],"texture":"#0"},"south":{"uv":[9,0.5,9.25,2.5],"texture":"#0"},"west":{"uv":[8.5,0.5,9,2.5],"texture":"#0"},"up":{"uv":[9.5,1,9.25,0.5],"texture":"#0"},"down":{"uv":[9.5,0.5,9.25,1],"texture":"#0"}}},{"from":[1.5,1,12],"to":[2.5,9,14],"rotation":{"angle":0,"axis":"y","origin":[16,0,0]},"faces":{"north":{"uv":[9.25,0.5,9,2.5],"texture":"#0"},"east":{"uv":[9,0.5,8.5,2.5],"texture":"#0"},"south":{"uv":[9.25,0.5,9,2.5],"texture":"#0"},"west":{"uv":[9,0.5,8.5,2.5],"texture":"#0"},"up":{"uv":[9.25,1,9.5,0.5],"texture":"#0"},"down":{"uv":[9.25,0.5,9.5,1],"texture":"#0"}}},{"from":[1,0,10],"to":[3,1,16],"rotation":{"angle":0,"axis":"y","origin":[16,0,0]},"faces":{"north":{"uv":[8.5,0.25,8,0.5],"texture":"#0"},"east":{"uv":[10,0.25,8.5,0.5],"texture":"#0"},"south":{"uv":[8.5,0.25,8,0.5],"texture":"#0"},"west":{"uv":[10,0.25,8.5,0.5],"texture":"#0"},"up":{"uv":[8,2,8.5,0.5],"texture":"#0"},"down":{"uv":[8,0.5,8.5,2],"texture":"#0"}}},{"from":[2.5,8,12.5],"to":[13.5,9,13.5],"faces":{"north":{"uv":[8,0,10.75,0.25],"texture":"#0"},"south":{"uv":[8,0,10.75,0.25],"texture":"#0"},"up":{"uv":[10.75,0.25,8,0],"texture":"#0"},"down":{"uv":[10.75,0,8,0.25],"texture":"#0"}}},{"from":[12,3.38715,12.03665],"to":[13,10.38715,12.03665],"rotation":{"angle":22.5,"axis":"x","origin":[7.5,7.88715,12.14438]},"faces":{"north":{"uv":[9.5,0.5,9.75,2.25],"texture":"#0"},"south":{"uv":[9.5,0.5,9.75,2.25],"texture":"#0"}}},{"from":[12,1,12.85],"to":[13,8,12.85],"rotation":{"angle":-22.5,"axis":"x","origin":[7.5,9.5,7.3]},"faces":{"north":{"uv":[9.5,0.5,9.75,2.25],"texture":"#0"},"south":{"uv":[9.5,0.5,9.75,2.25],"texture":"#0"}}},{"from":[10,3.38715,12.03665],"to":[11,10.38715,12.03665],"rotation":{"angle":22.5,"axis":"x","origin":[5.5,7.88715,12.14438]},"faces":{"north":{"uv":[9.5,0.5,9.75,2.25],"texture":"#0"},"south":{"uv":[9.5,0.5,9.75,2.25],"texture":"#0"}}},{"from":[10,1,12.85],"to":[11,8,12.85],"rotation":{"angle":-22.5,"axis":"x","origin":[5.5,9.5,7.3]},"faces":{"north":{"uv":[9.5,0.5,9.75,2.25],"texture":"#0"},"south":{"uv":[9.5,0.5,9.75,2.25],"texture":"#0"}}},{"from":[8,3.38715,12.03665],"to":[9,10.38715,12.03665],"rotation":{"angle":22.5,"axis":"x","origin":[3.5,7.88715,12.14438]},"faces":{"north":{"uv":[9.5,0.5,9.75,2.25],"texture":"#0"},"south":{"uv":[9.5,0.5,9.75,2.25],"texture":"#0"}}},{"from":[8,1,12.85],"to":[9,8,12.85],"rotation":{"angle":-22.5,"axis":"x","origin":[3.5,9.5,7.3]},"faces":{"north":{"uv":[9.5,0.5,9.75,2.25],"texture":"#0"},"south":{"uv":[9.5,0.5,9.75,2.25],"texture":"#0"}}},{"from":[5,3.38715,12.03665],"to":[6,10.38715,12.03665],"rotation":{"angle":22.5,"axis":"x","origin":[0.5,7.88715,12.14438]},"faces":{"north":{"uv":[9.5,0.5,9.75,2.25],"texture":"#0"},"south":{"uv":[9.5,0.5,9.75,2.25],"texture":"#0"}}},{"from":[5,1,12.85],"to":[6,8,12.85],"rotation":{"angle":-22.5,"axis":"x","origin":[0.5,9.5,7.3]},"faces":{"north":{"uv":[9.5,0.5,9.75,2.25],"texture":"#0"},"south":{"uv":[9.5,0.5,9.75,2.25],"texture":"#0"}}}],"gui_light":"front","display":{"thirdperson_righthand":{"rotation":[67.5,0,0],"translation":[0,2.5,2],"scale":[0.375,0.375,0.375]},"thirdperson_lefthand":{"rotation":[67.5,0,0],"translation":[0,2.5,2],"scale":[0.375,0.375,0.375]},"firstperson_righthand":{"translation":[1,4.75,0],"scale":[0.49602,0.49602,0.49602]},"firstperson_lefthand":{"translation":[-1.5,4.75,0],"scale":[0.49602,0.49602,0.49602]},"ground":{"translation":[0,3,0],"scale":[0.5,0.5,0.5]},"gui":{"rotation":[30,225,0],"translation":[-1.25,0.25,0],"scale":[0.49148,0.49148,0.49148]},"head":{"translation":[0,-30.5,0],"scale":[0,0,0]},"fixed":{"rotation":[-90,0,0],"translation":[0,0,-16],"scale":[2,2,2]}}}