{
	"credit": "Made with Blockbench",
	"parent": "wet_floor_sign",
	"texture_size": [64, 64],
	"textures": {
		"0": "glorious:item/mc/wet_floor_sign",
		"particle": "glorious:item/mc/wet_floor_sign"
	},
	"elements": [
		{
			"from": [2, 1, 4],
			"to": [5, 25, 5],
			"rotation": {"angle": 22.5, "axis": "x", "origin": [8, 17.5, 0.5]},
			"faces": {
				"north": {"uv": [3, 0, 3.75, 6], "texture": "#0"},
				"east": {"uv": [0.75, 4.75, 1, 10.75], "texture": "#0"},
				"south": {"uv": [3.75, 0, 4.5, 6], "texture": "#0"},
				"west": {"uv": [1, 4.75, 1.25, 10.75], "texture": "#0"},
				"up": {"uv": [3, 5, 2.25, 4.75], "texture": "#0"},
				"down": {"uv": [3, 5, 2.25, 5.25], "texture": "#0"}
			}
		},
		{
			"from": [11, 1, 4],
			"to": [14, 25, 5],
			"rotation": {"angle": 22.5, "axis": "x", "origin": [8, 17.5, 0.5]},
			"faces": {
				"north": {"uv": [4.5, 0, 5.25, 6], "texture": "#0"},
				"east": {"uv": [1.25, 4.75, 1.5, 10.75], "texture": "#0"},
				"south": {"uv": [0, 4.75, 0.75, 10.75], "texture": "#0"},
				"west": {"uv": [1.5, 4.75, 1.75, 10.75], "texture": "#0"},
				"up": {"uv": [6, 1.75, 5.25, 1.5], "texture": "#0"},
				"down": {"uv": [6, 1.75, 5.25, 2], "texture": "#0"}
			}
		},
		{
			"from": [5, 3, 4],
			"to": [11, 22, 5],
			"rotation": {"angle": 22.5, "axis": "x", "origin": [8, 17.5, 0.5]},
			"faces": {
				"north": {"uv": [0, 0, 1.5, 4.75], "texture": "#0"},
				"east": {"uv": [1.75, 4.75, 2, 9.5], "texture": "#0"},
				"south": {"uv": [1.5, 0, 3, 4.75], "texture": "#0"},
				"west": {"uv": [2, 4.75, 2.25, 9.5], "texture": "#0"},
				"up": {"uv": [6.75, 0.25, 5.25, 0], "texture": "#0"},
				"down": {"uv": [6.75, 0.25, 5.25, 0.5], "texture": "#0"}
			}
		},
		{
			"from": [5, 24, 4],
			"to": [11, 25, 5],
			"rotation": {"angle": 22.5, "axis": "x", "origin": [8, 17.5, 0.5]},
			"faces": {
				"north": {"uv": [5.25, 0.5, 6.75, 0.75], "texture": "#0"},
				"east": {"uv": [5.25, 2, 5.5, 2.25], "texture": "#0"},
				"south": {"uv": [5.25, 0.75, 6.75, 1], "texture": "#0"},
				"west": {"uv": [2.25, 5.25, 2.5, 5.5], "texture": "#0"},
				"up": {"uv": [6.75, 1.25, 5.25, 1], "texture": "#0"},
				"down": {"uv": [6.75, 1.25, 5.25, 1.5], "texture": "#0"}
			}
		},
		{
			"from": [11, 1, 10],
			"to": [14, 25, 11],
			"rotation": {"angle": -22.5, "axis": "x", "origin": [8, 17.5, 14.5]},
			"faces": {
				"north": {"uv": [3.75, 0, 4.5, 6], "texture": "#0"},
				"east": {"uv": [1, 4.75, 1.25, 10.75], "texture": "#0"},
				"south": {"uv": [3, 0, 3.75, 6], "texture": "#0"},
				"west": {"uv": [0.75, 4.75, 1, 10.75], "texture": "#0"},
				"up": {"uv": [3, 5, 2.25, 4.75], "rotation": 180, "texture": "#0"},
				"down": {"uv": [3, 5, 2.25, 5.25], "rotation": 180, "texture": "#0"}
			}
		},
		{
			"from": [2, 1, 10],
			"to": [5, 25, 11],
			"rotation": {"angle": -22.5, "axis": "x", "origin": [8, 17.5, 14.5]},
			"faces": {
				"north": {"uv": [0, 4.75, 0.75, 10.75], "texture": "#0"},
				"east": {"uv": [1.5, 4.75, 1.75, 10.75], "texture": "#0"},
				"south": {"uv": [4.5, 0, 5.25, 6], "texture": "#0"},
				"west": {"uv": [1.25, 4.75, 1.5, 10.75], "texture": "#0"},
				"up": {"uv": [6, 1.75, 5.25, 1.5], "rotation": 180, "texture": "#0"},
				"down": {"uv": [6, 1.75, 5.25, 2], "rotation": 180, "texture": "#0"}
			}
		},
		{
			"from": [5, 3, 10],
			"to": [11, 22, 11],
			"rotation": {"angle": -22.5, "axis": "x", "origin": [8, 17.5, 14.5]},
			"faces": {
				"north": {"uv": [1.5, 0, 3, 4.75], "texture": "#0"},
				"east": {"uv": [2, 4.75, 2.25, 9.5], "texture": "#0"},
				"south": {"uv": [0, 0, 1.5, 4.75], "texture": "#0"},
				"west": {"uv": [1.75, 4.75, 2, 9.5], "texture": "#0"},
				"up": {"uv": [6.75, 0.25, 5.25, 0], "rotation": 180, "texture": "#0"},
				"down": {"uv": [6.75, 0.25, 5.25, 0.5], "rotation": 180, "texture": "#0"}
			}
		},
		{
			"from": [5, 24, 10],
			"to": [11, 25, 11],
			"rotation": {"angle": -22.5, "axis": "x", "origin": [8, 17.5, 14.5]},
			"faces": {
				"north": {"uv": [5.25, 0.75, 6.75, 1], "texture": "#0"},
				"east": {"uv": [2.25, 5.25, 2.5, 5.5], "texture": "#0"},
				"south": {"uv": [5.25, 0.5, 6.75, 0.75], "texture": "#0"},
				"west": {"uv": [5.25, 2, 5.5, 2.25], "texture": "#0"},
				"up": {"uv": [6.75, 1.25, 5.25, 1], "rotation": 180, "texture": "#0"},
				"down": {"uv": [6.75, 1.25, 5.25, 1.5], "rotation": 180, "texture": "#0"}
			}
		}
	],
	"display": {
		"thirdperson_righthand": {
			"rotation": [77.75, 0, 0],
			"translation": [0, -2.75, -6],
			"scale": [0.47211, 0.47211, 0.47211]
		},
		"thirdperson_lefthand": {
			"rotation": [56, 0, 0],
			"scale": [0.31, 0.31, 0.31]
		},
		"firstperson_righthand": {
			"rotation": [-9.25, 0, 0],
			"translation": [0.75, 0.25, 0],
			"scale": [0.39, 0.39, 0.39]
		},
		"firstperson_lefthand": {
			"rotation": [-26, 0, 0],
			"translation": [0, 0, 1.25],
			"scale": [0.39, 0.39, 0.39]
		},
		"ground": {
			"scale": [0.32, 0.32, 0.32]
		},
		"gui": {
			"rotation": [18.75, -45.22, 3.21],
			"translation": [-0.5, -1.25, 0],
			"scale": [0.42984, 0.42984, 0.42984]
		},
		"head": {
			"translation": [0, 13.5, 0]
		},
		"fixed": {
			"rotation": [-90, 0, 0],
			"translation": [0.5, 1.25, -13],
			"scale": [2, 2, 2]
		}
	},
	"groups": [
		{
			"name": "group",
			"origin": [8, 8, 8],
			"color": 0,
			"children": [0, 1, 2, 3]
		},
		{
			"name": "group",
			"origin": [8, 8, 8],
			"color": 0,
			"children": [4, 5, 6, 7]
		}
	]
}