{
	"credit": "MadewithBlockbench",
	"texture_size": [128, 128],
	"textures": {
		"0": "glorious:item/office_decoration_v1/office_white_board",
		"particle": "glorious:item/office_decoration_v1/office_white_board"
	},
	"elements": [
		{
			"from": [-14, 3, 7],
			"to": [30, 31, 8],
			"faces": {
				"north": {"uv": [0, 0, 5.5, 3.5], "texture": "#0"},
				"east": {"uv": [0, 3.625, 0.125, 7.125], "texture": "#0"},
				"south": {"uv": [0, 0, 5.5, 3.5], "texture": "#0"},
				"west": {"uv": [0, 3.625, 0.125, 7.125], "texture": "#0"},
				"up": {"uv": [5.5, 3.625, 0, 3.5], "texture": "#0"},
				"down": {"uv": [5.5, 3.5, 0, 3.625], "texture": "#0"}
			}
		},
		{
			"from": [-14, 0, 6],
			"to": [30, 2, 9],
			"faces": {
				"north": {"uv": [5.5, 0.375, 11, 0.625], "texture": "#0"},
				"south": {"uv": [5.5, 0.375, 11, 0.625], "texture": "#0"},
				"up": {"uv": [11, 0.375, 5.5, 0], "texture": "#0"},
				"down": {"uv": [11, 0, 5.5, 0.375], "texture": "#0"}
			}
		},
		{
			"from": [30, -8, 6],
			"to": [32, 19, 9],
			"faces": {
				"north": {"uv": [0.5, 3.625, 0.75, 7], "texture": "#0"},
				"east": {"uv": [0.125, 3.625, 0.5, 7], "texture": "#0"},
				"south": {"uv": [0.5, 3.625, 0.75, 7], "texture": "#0"},
				"west": {"uv": [0.125, 3.625, 0.5, 7], "texture": "#0"},
				"up": {"uv": [1, 4, 0.75, 3.625], "texture": "#0"},
				"down": {"uv": [1, 3.625, 0.75, 4], "texture": "#0"}
			}
		},
		{
			"from": [30, -10, 2],
			"to": [32, -8, 13],
			"faces": {
				"north": {"uv": [5.5, 2.25, 5.75, 2.5], "texture": "#0"},
				"east": {"uv": [5.5, 0.625, 6.875, 0.875], "texture": "#0"},
				"south": {"uv": [5.5, 2.25, 5.75, 2.5], "texture": "#0"},
				"west": {"uv": [5.5, 0.625, 6.875, 0.875], "texture": "#0"},
				"up": {"uv": [5.75, 2.25, 5.5, 0.875], "texture": "#0"},
				"down": {"uv": [5.75, 0.875, 5.5, 2.25], "texture": "#0"}
			}
		},
		{
			"from": [30, -11, 2],
			"to": [32, -10, 4],
			"faces": {
				"north": {"uv": [5.75, 1.125, 6, 1.25], "texture": "#0"},
				"east": {"uv": [5.75, 1.125, 6, 1.25], "texture": "#0"},
				"south": {"uv": [5.75, 1.125, 6, 1.25], "texture": "#0"},
				"west": {"uv": [5.75, 1.125, 6, 1.25], "texture": "#0"},
				"up": {"uv": [6, 1.125, 5.75, 0.875], "texture": "#0"},
				"down": {"uv": [6, 0.875, 5.75, 1.125], "texture": "#0"}
			}
		},
		{
			"from": [30, -11, 11],
			"to": [32, -10, 13],
			"faces": {
				"north": {"uv": [5.75, 1.125, 6, 1.25], "texture": "#0"},
				"east": {"uv": [5.75, 1.125, 6, 1.25], "texture": "#0"},
				"south": {"uv": [5.75, 1.125, 6, 1.25], "texture": "#0"},
				"west": {"uv": [5.75, 1.125, 6, 1.25], "texture": "#0"},
				"up": {"uv": [6, 1.125, 5.75, 0.875], "texture": "#0"},
				"down": {"uv": [6, 0.875, 5.75, 1.125], "texture": "#0"}
			}
		},
		{
			"from": [-16, -11, 11],
			"to": [-14, -10, 13],
			"rotation": {"angle": 0, "axis": "y", "origin": [16, 0, 0]},
			"faces": {
				"north": {"uv": [6, 1.125, 5.75, 1.25], "texture": "#0"},
				"east": {"uv": [6, 1.125, 5.75, 1.25], "texture": "#0"},
				"south": {"uv": [6, 1.125, 5.75, 1.25], "texture": "#0"},
				"west": {"uv": [6, 1.125, 5.75, 1.25], "texture": "#0"},
				"up": {"uv": [5.75, 1.125, 6, 0.875], "texture": "#0"},
				"down": {"uv": [5.75, 0.875, 6, 1.125], "texture": "#0"}
			}
		},
		{
			"from": [-16, -10, 2],
			"to": [-14, -8, 13],
			"rotation": {"angle": 0, "axis": "y", "origin": [16, 0, 0]},
			"faces": {
				"north": {"uv": [5.75, 2.25, 5.5, 2.5], "texture": "#0"},
				"east": {"uv": [6.875, 0.625, 5.5, 0.875], "texture": "#0"},
				"south": {"uv": [5.75, 2.25, 5.5, 2.5], "texture": "#0"},
				"west": {"uv": [6.875, 0.625, 5.5, 0.875], "texture": "#0"},
				"up": {"uv": [5.5, 2.25, 5.75, 0.875], "texture": "#0"},
				"down": {"uv": [5.5, 0.875, 5.75, 2.25], "texture": "#0"}
			}
		},
		{
			"from": [-16, -8, 6],
			"to": [-14, 19, 9],
			"rotation": {"angle": 0, "axis": "y", "origin": [16, 0, 0]},
			"faces": {
				"north": {"uv": [0.75, 3.625, 0.5, 7], "texture": "#0"},
				"east": {"uv": [0.5, 3.625, 0.125, 7], "texture": "#0"},
				"south": {"uv": [0.75, 3.625, 0.5, 7], "texture": "#0"},
				"west": {"uv": [0.5, 3.625, 0.125, 7], "texture": "#0"},
				"up": {"uv": [0.75, 4, 1, 3.625], "texture": "#0"},
				"down": {"uv": [0.75, 3.625, 1, 4], "texture": "#0"}
			}
		},
		{
			"from": [-16, -11, 2],
			"to": [-14, -10, 4],
			"rotation": {"angle": 0, "axis": "y", "origin": [16, 0, 0]},
			"faces": {
				"north": {"uv": [6, 1.125, 5.75, 1.25], "texture": "#0"},
				"east": {"uv": [6, 1.125, 5.75, 1.25], "texture": "#0"},
				"south": {"uv": [6, 1.125, 5.75, 1.25], "texture": "#0"},
				"west": {"uv": [6, 1.125, 5.75, 1.25], "texture": "#0"},
				"up": {"uv": [5.75, 1.125, 6, 0.875], "texture": "#0"},
				"down": {"uv": [5.75, 0.875, 6, 1.125], "texture": "#0"}
			}
		}
	],
	"gui_light": "front",
	"display": {
		"thirdperson_righthand": {
			"rotation": [67.5, 0, 0],
			"translation": [0, 0.5, 0.75],
			"scale": [0.21094, 0.21094, 0.21094]
		},
		"thirdperson_lefthand": {
			"rotation": [67.5, 0, 0],
			"translation": [0, 0.5, 0.75],
			"scale": [0.21094, 0.21094, 0.21094]
		},
		"firstperson_righthand": {
			"translation": [1.25, 4, 0],
			"scale": [0.26328, 0.26328, 0.26328]
		},
		"firstperson_lefthand": {
			"translation": [1.25, 4, 0],
			"scale": [0.26328, 0.26328, 0.26328]
		},
		"ground": {
			"translation": [0, 3, 0],
			"scale": [0.25, 0.25, 0.25]
		},
		"gui": {
			"rotation": [30, 225, 0],
			"translation": [0, -0.25, 0],
			"scale": [0.25539, 0.25539, 0.25539]
		},
		"head": {
			"rotation": [0, 180, 0],
			"translation": [0, -13, 0],
			"scale": [0, 0, 0]
		},
		"fixed": {
			"rotation": [-90, 0, 0],
			"translation": [0, 1, -38],
			"scale": [2, 2, 2]
		}
	}
}