{"textures":{"particle":"glorious:item/hats/gfx_shark_hat"},"elements":[{"rotation":{"origin":[8,3,9],"angle":0,"axis":"x"},"from":[2.5,3,1.875],"to":[13.5,7,13.875],"faces":{"east":{"uv":[8,4.33333,4,5.66667],"texture":"#particle"},"south":{"uv":[8,4.33333,11.66667,5.66667],"texture":"#particle"},"north":{"uv":[0.33333,4.33333,4,5.66667],"texture":"#particle"},"west":{"uv":[4,4.33333,8,5.66667],"texture":"#particle"},"up":{"uv":[4,4.33333,0.33333,0.33333],"texture":"#particle"},"down":{"uv":[4,9.66667,0.33333,5.66667],"texture":"#particle"}}},{"rotation":{"origin":[3,8.5,7.875],"angle":45,"axis":"y"},"from":[0,7,7.875],"to":[3,10,8.875],"faces":{"south":{"uv":[7.66667,6.66667,8.66667,7.66667],"texture":"#particle"},"north":{"uv":[6.33333,6.66667,7.33333,7.66667],"texture":"#particle"},"west":{"uv":[7.33333,6.66667,7.66667,7.66667],"texture":"#particle"},"up":{"uv":[7.33333,6.66667,6.33333,6.33333],"texture":"#particle"},"down":{"uv":[7.33333,8,6.33333,7.66667],"texture":"#particle"}}},{"rotation":{"origin":[13,8.5,7.875],"angle":-45,"axis":"y"},"from":[13,7,7.875],"to":[16,10,8.875],"faces":{"east":{"uv":[7.66667,6.66667,7.33333,7.66667],"texture":"#particle"},"south":{"uv":[8.66667,6.66667,7.66667,7.66667],"texture":"#particle"},"north":{"uv":[7.33333,6.66667,6.33333,7.66667],"texture":"#particle"},"up":{"uv":[6.33333,6.66667,7.33333,6.33333],"texture":"#particle"},"down":{"uv":[6.33333,8,7.33333,7.66667],"texture":"#particle"}}},{"rotation":{"origin":[8,3,9],"angle":0,"axis":"x"},"from":[9,2,2.375],"to":[11,3,3.375],"faces":{"east":{"uv":[11,6.33333,11.33333,6.66667],"texture":"#particle"},"south":{"uv":[12.33333,6.33333,13,6.66667],"texture":"#particle"},"north":{"uv":[11.33333,6.33333,12,6.66667],"texture":"#particle"},"west":{"uv":[12,6.33333,12.33333,6.66667],"texture":"#particle"},"down":{"uv":[12,7,11.33333,6.66667],"texture":"#particle"}}},{"rotation":{"origin":[12.5,2,8.125],"angle":0,"axis":"y"},"from":[12,2,3.375],"to":[13,3,5.375],"faces":{"east":{"uv":[11.33333,6.33333,12,6.66667],"texture":"#particle"},"south":{"uv":[11,6.33333,11.33333,6.66667],"texture":"#particle"},"north":{"uv":[12,6.33333,12.33333,6.66667],"texture":"#particle"},"west":{"uv":[12.33333,6.33333,13,6.66667],"texture":"#particle"},"down":{"uv":[12,7,11.33333,6.66667],"texture":"#particle","rotation":270}}},{"rotation":{"origin":[3.5,2,8.125],"angle":0,"axis":"y"},"from":[3,2,3.375],"to":[4,3,5.375],"faces":{"east":{"uv":[13,6.33333,12.33333,6.66667],"texture":"#particle"},"south":{"uv":[11.33333,6.33333,11,6.66667],"texture":"#particle"},"north":{"uv":[12.33333,6.33333,12,6.66667],"texture":"#particle"},"west":{"uv":[12,6.33333,11.33333,6.66667],"texture":"#particle"},"down":{"uv":[12,6.66667,11.33333,7],"texture":"#particle","rotation":270}}},{"rotation":{"origin":[12.5,2,8.125],"angle":0,"axis":"y"},"from":[12,2,6.375],"to":[13,3,8.375],"faces":{"east":{"uv":[11.33333,6.33333,12,6.66667],"texture":"#particle"},"south":{"uv":[11,6.33333,11.33333,6.66667],"texture":"#particle"},"north":{"uv":[12,6.33333,12.33333,6.66667],"texture":"#particle"},"west":{"uv":[12.33333,6.33333,13,6.66667],"texture":"#particle"},"down":{"uv":[12,7,11.33333,6.66667],"texture":"#particle","rotation":270}}},{"rotation":{"origin":[3.5,2,8.125],"angle":0,"axis":"y"},"from":[3,2,6.375],"to":[4,3,8.375],"faces":{"east":{"uv":[13,6.33333,12.33333,6.66667],"texture":"#particle"},"south":{"uv":[11.33333,6.33333,11,6.66667],"texture":"#particle"},"north":{"uv":[12.33333,6.33333,12,6.66667],"texture":"#particle"},"west":{"uv":[12,6.33333,11.33333,6.66667],"texture":"#particle"},"down":{"uv":[12,6.66667,11.33333,7],"texture":"#particle","rotation":270}}},{"rotation":{"origin":[8,3,9],"angle":0,"axis":"x"},"from":[5,2,2.375],"to":[7,3,3.375],"faces":{"east":{"uv":[11,6.33333,11.33333,6.66667],"texture":"#particle"},"south":{"uv":[12.33333,6.33333,13,6.66667],"texture":"#particle"},"north":{"uv":[11.33333,6.33333,12,6.66667],"texture":"#particle"},"west":{"uv":[12,6.33333,12.33333,6.66667],"texture":"#particle"},"down":{"uv":[12,7,11.33333,6.66667],"texture":"#particle"}}},{"rotation":{"origin":[8,3,9],"angle":0,"axis":"x"},"from":[9,1,2.375],"to":[10,2,3.375],"faces":{"east":{"uv":[11,7.66667,11.33333,8],"texture":"#particle"},"south":{"uv":[12,7.66667,12.33333,8],"texture":"#particle"},"north":{"uv":[11.33333,7.66667,11.66667,8],"texture":"#particle"},"west":{"uv":[11.66667,7.66667,12,8],"texture":"#particle"},"down":{"uv":[11.66667,8.33333,11.33333,8],"texture":"#particle"}}},{"rotation":{"origin":[12.5,2,8.125],"angle":0,"axis":"y"},"from":[12,1,3.375],"to":[13,2,4.375],"faces":{"east":{"uv":[11.33333,7.66667,11.66667,8],"texture":"#particle"},"south":{"uv":[11,7.66667,11.33333,8],"texture":"#particle"},"north":{"uv":[11.66667,7.66667,12,8],"texture":"#particle"},"west":{"uv":[12,7.66667,12.33333,8],"texture":"#particle"},"down":{"uv":[11.66667,8.33333,11.33333,8],"texture":"#particle","rotation":270}}},{"rotation":{"origin":[3.5,2,8.125],"angle":0,"axis":"y"},"from":[3,1,3.375],"to":[4,2,4.375],"faces":{"east":{"uv":[12.33333,7.66667,12,8],"texture":"#particle"},"south":{"uv":[11.33333,7.66667,11,8],"texture":"#particle"},"north":{"uv":[12,7.66667,11.66667,8],"texture":"#particle"},"west":{"uv":[11.66667,7.66667,11.33333,8],"texture":"#particle"},"down":{"uv":[11.66667,8,11.33333,8.33333],"texture":"#particle","rotation":270}}},{"rotation":{"origin":[12.5,2,8.125],"angle":0,"axis":"y"},"from":[12,1,6.375],"to":[13,2,7.375],"faces":{"east":{"uv":[11.33333,7.66667,11.66667,8],"texture":"#particle"},"south":{"uv":[11,7.66667,11.33333,8],"texture":"#particle"},"north":{"uv":[11.66667,7.66667,12,8],"texture":"#particle"},"west":{"uv":[12,7.66667,12.33333,8],"texture":"#particle"},"down":{"uv":[11.66667,8.33333,11.33333,8],"texture":"#particle","rotation":270}}},{"rotation":{"origin":[3.5,2,8.125],"angle":0,"axis":"y"},"from":[3,1,6.375],"to":[4,2,7.375],"faces":{"east":{"uv":[12.33333,7.66667,12,8],"texture":"#particle"},"south":{"uv":[11.33333,7.66667,11,8],"texture":"#particle"},"north":{"uv":[12,7.66667,11.66667,8],"texture":"#particle"},"west":{"uv":[11.66667,7.66667,11.33333,8],"texture":"#particle"},"down":{"uv":[11.66667,8,11.33333,8.33333],"texture":"#particle","rotation":270}}},{"rotation":{"origin":[8,3,9],"angle":0,"axis":"x"},"from":[5,1,2.375],"to":[6,2,3.375],"faces":{"east":{"uv":[11,7.66667,11.33333,8],"texture":"#particle"},"south":{"uv":[12,7.66667,12.33333,8],"texture":"#particle"},"north":{"uv":[11.33333,7.66667,11.66667,8],"texture":"#particle"},"west":{"uv":[11.66667,7.66667,12,8],"texture":"#particle"},"down":{"uv":[11.66667,8.33333,11.33333,8],"texture":"#particle"}}},{"rotation":{"origin":[8,3,9],"angle":22.5,"axis":"x"},"from":[3,4.16024,1.34856],"to":[13,10.16024,11.34856],"faces":{"east":{"uv":[7,13.66667,3.66667,15.66667],"texture":"#particle"},"south":{"uv":[7,13.66667,10.33333,15.66667],"texture":"#particle"},"north":{"uv":[0.33333,13.66667,3.66667,15.66667],"texture":"#particle"},"west":{"uv":[3.66667,13.66667,7,15.66667],"texture":"#particle"},"up":{"uv":[3.66667,13.66667,0.33333,10.33333],"texture":"#particle"}}},{"rotation":{"origin":[8,2.975,9],"angle":0,"axis":"x"},"from":[7,9.74664,3.52305],"to":[9,13.74664,8.52305],"faces":{"east":{"uv":[13.33333,12.66667,11.66667,14],"texture":"#particle"},"north":{"uv":[11,12.66667,11.66667,14],"texture":"#particle"},"west":{"uv":[11.66667,12.66667,13.33333,14],"texture":"#particle"},"up":{"uv":[11.66667,12.66667,11,11],"texture":"#particle"}}},{"rotation":{"origin":[8,13.74664,4.02305],"angle":22.5,"axis":"x"},"from":[7.5,13.74664,4.02305],"to":[8.5,17.74664,8.02305],"faces":{"east":{"uv":[9.66667,1.66667,8.33333,3],"texture":"#particle"},"south":{"uv":[9.66667,1.66667,10,3],"texture":"#particle"},"north":{"uv":[8,1.66667,8.33333,3],"texture":"#particle"},"west":{"uv":[8.33333,1.66667,9.66667,3],"texture":"#particle"},"up":{"uv":[8.33333,1.66667,8,0.33333],"texture":"#particle"}}},{"rotation":{"origin":[8,3,9],"angle":-22.5,"axis":"x"},"from":[4,7.11988,9.00623],"to":[12,13.11988,15.00623],"faces":{"east":{"uv":[6.33333,11,4.33333,13],"texture":"#particle"},"south":{"uv":[6.33333,11,9,13],"texture":"#particle"},"west":{"uv":[4.33333,11,6.33333,13],"texture":"#particle"},"up":{"uv":[6.33333,9,9,11],"texture":"#particle"}}},{"rotation":{"origin":[8,3,9],"angle":0,"axis":"x"},"from":[5.5,9.1861,10.86766],"to":[10.5,14.1861,14.86766],"faces":{"east":{"uv":[12.33333,1.66667,11,3.33333],"texture":"#particle"},"south":{"uv":[12.33333,1.66667,14,3.33333],"texture":"#particle"},"west":{"uv":[11,1.66667,12.33333,3.33333],"texture":"#particle"},"up":{"uv":[12.33333,0.33333,14,1.66667],"texture":"#particle"},"down":{"uv":[12.33333,3.33333,14,4.66667],"texture":"#particle"}}},{"rotation":{"origin":[8,3,9],"angle":-22.5,"axis":"x"},"from":[7,2.19984,16.97408],"to":[9,6.19984,20.97408],"faces":{"east":{"uv":[6.66667,0.33333,5.33333,1.66667],"texture":"#particle"},"south":{"uv":[6.66667,0.33333,7.33333,1.66667],"texture":"#particle"},"north":{"uv":[4.66667,0.33333,5.33333,1.66667],"texture":"#particle"},"west":{"uv":[5.33333,0.33333,6.66667,1.66667],"texture":"#particle"},"down":{"uv":[5.33333,3,4.66667,1.66667],"texture":"#particle"}}},{"rotation":{"origin":[8,3,9],"angle":-22.5,"axis":"x"},"from":[7,6.19984,16.97408],"to":[9,10.19984,24.97408],"faces":{"east":{"uv":[13,9,10.33333,10.33333],"texture":"#particle"},"south":{"uv":[13,9,13.66667,10.33333],"texture":"#particle"},"north":{"uv":[9.66667,9,10.33333,10.33333],"texture":"#particle"},"west":{"uv":[10.33333,9,13,10.33333],"texture":"#particle"},"up":{"uv":[10.33333,9,9.66667,6.33333],"texture":"#particle"},"down":{"uv":[10.33333,13,9.66667,10.33333],"texture":"#particle"}}}],"display":{"head":{"rotation":[45,0,0],"translation":[0,5.225,4.75],"scale":[1.61,1.61,1.61]},"firstperson_righthand":{"rotation":[45,22.5,-22.5],"translation":[1,2,0],"scale":[0.4,0.4,0.4]},"thirdperson_righthand":{"rotation":[90,40,-22.5],"translation":[0,2,-1.5],"scale":[0.55,0.55,0.55]},"ground":{"rotation":[45,0,0],"translation":[0,6,0]},"gui":{"rotation":[-22.5,-135,-22.5],"translation":[0.5,-1,0],"scale":[0.7,0.7,0.7]},"fixed":{"rotation":[90,45,-90],"translation":[-1,0.5,-1]}}}