{	"credit":"MadewithBlockbench",	"texture_size":[32,32],	"textures":{		"1":"glorious:item/default_tools/stone_pickaxe"	},	"elements":[		{			"from":[6,13.5,7.25],			"to":[10,16,8.75],			"faces":{				"north":{"uv":[6.5,5.5,8.5,6.75],"texture":"#1"},				"east":{"uv":[5,11,5.75,12.25],"texture":"#1"},				"south":{"uv":[0,7,2,8.25],"texture":"#1"},				"west":{"uv":[7,11,7.75,12.25],"texture":"#1"},				"up":{"uv":[11.5,9.25,9.5,8.5],"texture":"#1"},				"down":{"uv":[12,1,10,1.75],"texture":"#1"}			}		},		{			"from":[9.3694,13.32978,7.5],			"to":[12.8694,15.07978,8.5],			"rotation":{"angle":-22.5,"axis":"z","origin":[11.3694,14.07978,8]},			"faces":{				"north":{"uv":[8.5,6,10.25,7],"texture":"#1"},				"east":{"uv":[8,4.5,8.5,5.5],"texture":"#1"},				"south":{"uv":[7.5,8.5,9.25,9.5],"texture":"#1"},				"west":{"uv":[1.5,8.5,2,9.5],"texture":"#1"},				"up":{"uv":[12.75,4.5,11,4],"texture":"#1"},				"down":{"uv":[12.75,7,11,7.5],"texture":"#1"}			}		},		{			"from":[13.51391,11.36251,7.75],			"to":[14.51391,14.36251,8.25],			"rotation":{"angle":45,"axis":"z","origin":[13.76391,12.36251,8]},			"faces":{				"north":{"uv":[11,11,11.5,12.5],"texture":"#1"},				"east":{"uv":[9.5,12,9.75,13.5],"texture":"#1"},				"south":{"uv":[6,11.5,6.5,13],"texture":"#1"},				"west":{"uv":[1,12.5,1.25,14],"texture":"#1"},				"up":{"uv":[6.5,9.25,6,9],"texture":"#1"},				"down":{"uv":[9,12.5,8.5,12.75],"texture":"#1"}			}		},		{			"from":[3.1306,13.32978,7.5],			"to":[6.6306,15.07978,8.5],			"rotation":{"angle":22.5,"axis":"z","origin":[4.6306,14.07978,8]},			"faces":{				"north":{"uv":[9,0,10.75,1],"texture":"#1"},				"east":{"uv":[3.5,9.5,4,10.5],"texture":"#1"},				"south":{"uv":[1.5,9.5,3.25,10.5],"texture":"#1"},				"west":{"uv":[1.5,12,2,13],"texture":"#1"},				"up":{"uv":[12.75,8,11,7.5],"texture":"#1"},				"down":{"uv":[9.75,11,8,11.5],"texture":"#1"}			}		},		{			"from":[1.48609,11.36251,7.75],			"to":[2.48609,14.36251,8.25],			"rotation":{"angle":-45,"axis":"z","origin":[2.23609,12.36251,8]},			"faces":{				"north":{"uv":[6.5,11.5,7,13],"texture":"#1"},				"east":{"uv":[7,12.5,7.25,14],"texture":"#1"},				"south":{"uv":[8,11.5,8.5,13],"texture":"#1"},				"west":{"uv":[7.5,12.5,7.75,14],"texture":"#1"},				"up":{"uv":[9.5,12.75,9,12.5],"texture":"#1"},				"down":{"uv":[13,9.5,12.5,9.75],"texture":"#1"}			}		},		{			"from":[6.75,12,6.75],			"to":[9.25,13,9.25],			"faces":{				"north":{"uv":[11.5,9,12.75,9.5],"texture":"#1"},				"east":{"uv":[11.5,11,12.75,11.5],"texture":"#1"},				"south":{"uv":[11.5,11.5,12.75,12],"texture":"#1"},				"west":{"uv":[0,12,1.25,12.5],"texture":"#1"},				"up":{"uv":[10.75,4.25,9.5,3],"texture":"#1"},				"down":{"uv":[8.25,9.5,7,10.75],"texture":"#1"}			}		},		{			"from":[7,11,7],			"to":[9,12,9],			"faces":{				"north":{"uv":[9,1,10,1.5],"texture":"#1"},				"east":{"uv":[2,12,3,12.5],"texture":"#1"},				"south":{"uv":[3,12,4,12.5],"texture":"#1"},				"west":{"uv":[12,3,13,3.5],"texture":"#1"},				"up":{"uv":[5,11,4,10],"texture":"#1"},				"down":{"uv":[11.5,6,10.5,7],"texture":"#1"}			}		},		{			"from":[7.25,0,7.25],			"to":[8.75,14,8.75],			"faces":{				"north":{"uv":[0,0,0.75,7],"texture":"#1"},				"east":{"uv":[1,0,1.75,7],"texture":"#1"},				"south":{"uv":[2,0,2.75,7],"texture":"#1"},				"west":{"uv":[3,0,3.75,7],"texture":"#1"},				"up":{"uv":[10.75,12.25,10,11.5],"texture":"#1"},				"down":{"uv":[12.75,1,12,1.75],"texture":"#1"}			}		},		{			"from":[7,9.5,7],			"to":[9,10.5,9],			"faces":{				"north":{"uv":[12,3.5,13,4],"texture":"#1"},				"east":{"uv":[4,12,5,12.5],"texture":"#1"},				"south":{"uv":[8.5,12,9.5,12.5],"texture":"#1"},				"west":{"uv":[11.5,12,12.5,12.5],"texture":"#1"},				"up":{"uv":[11,11.5,10,10.5],"texture":"#1"},				"down":{"uv":[1,11,0,12],"texture":"#1"}			}		},		{			"from":[7,4,7],			"to":[9,8.5,9],			"faces":{				"north":{"uv":[2,7,3,9.25],"texture":"#1"},				"east":{"uv":[3,7,4,9.25],"texture":"#1"},				"south":{"uv":[6.5,7,7.5,9.25],"texture":"#1"},				"west":{"uv":[4,7.5,5,9.75],"texture":"#1"},				"up":{"uv":[12,1,11,0],"texture":"#1"},				"down":{"uv":[2,11,1,12],"texture":"#1"}			}		},		{			"from":[7,2,7],			"to":[9,3,9],			"faces":{				"north":{"uv":[0,12.5,1,13],"texture":"#1"},				"east":{"uv":[2,12.5,3,13],"texture":"#1"},				"south":{"uv":[3,12.5,4,13],"texture":"#1"},				"west":{"uv":[4,12.5,5,13],"texture":"#1"},				"up":{"uv":[3,12,2,11],"texture":"#1"},				"down":{"uv":[4,11,3,12],"texture":"#1"}			}		},		{			"from":[7,0.5,7],			"to":[9,1.5,9],			"faces":{				"north":{"uv":[12.5,4.5,13.5,5],"texture":"#1"},				"east":{"uv":[5,12.5,6,13],"texture":"#1"},				"south":{"uv":[12.5,5,13.5,5.5],"texture":"#1"},				"west":{"uv":[12.5,5.5,13.5,6],"texture":"#1"},				"up":{"uv":[12,4,11,3],"texture":"#1"},				"down":{"uv":[5,11,4,12],"texture":"#1"}			}		},		{			"from":[6.25,-1.5,6.65],			"to":[9.75,-0.5,9.35],			"rotation":{"angle":22.5,"axis":"z","origin":[8,-1,8]},			"faces":{				"north":{"uv":[11,8,12.75,8.5],"texture":"#1"},				"east":{"uv":[12,0,13.25,0.5],"texture":"#1"},				"south":{"uv":[11,10.5,12.75,11],"texture":"#1"},				"west":{"uv":[12,0.5,13.25,1],"texture":"#1"},				"up":{"uv":[9.25,8.25,7.5,7],"texture":"#1"},				"down":{"uv":[9.75,1.5,8,2.75],"texture":"#1"}			}		},		{			"from":[5.5,-1.25,6.55],			"to":[10,-0.25,9.45],			"rotation":{"angle":-45,"axis":"z","origin":[8,-1,8]},			"faces":{				"north":{"uv":[10,10,12.25,10.5],"texture":"#1"},				"east":{"uv":[11.5,2,13,2.5],"texture":"#1"},				"south":{"uv":[1.5,10.5,3.75,11],"texture":"#1"},				"west":{"uv":[11.5,2.5,13,3],"texture":"#1"},				"up":{"uv":[6.25,4.5,4,3],"texture":"#1"},				"down":{"uv":[6.25,4.5,4,6],"texture":"#1"}			}		},		{			"from":[5,13.75,6.55],			"to":[10,14.75,9.45],			"rotation":{"angle":-45,"axis":"z","origin":[8,14,8]},			"faces":{				"north":{"uv":[10,5.5,12.5,6],"texture":"#1"},				"east":{"uv":[11.5,6,13,6.5],"texture":"#1"},				"south":{"uv":[10,9.5,12.5,10],"texture":"#1"},				"west":{"uv":[11.5,6.5,13,7],"texture":"#1"},				"up":{"uv":[6.5,1.5,4,0],"texture":"#1"},				"down":{"uv":[6.5,1.5,4,3],"texture":"#1"}			}		},		{			"from":[8.25,13,6.65],			"to":[13.25,14,9.35],			"rotation":{"angle":45,"axis":"z","origin":[8,11,8]},			"faces":{				"north":{"uv":[10,4.5,12.5,5],"texture":"#1"},				"east":{"uv":[8.5,11.5,9.75,12],"texture":"#1"},				"south":{"uv":[10,5,12.5,5.5],"texture":"#1"},				"west":{"uv":[11.5,8.5,12.75,9],"texture":"#1"},				"up":{"uv":[6.5,7.25,4,6],"texture":"#1"},				"down":{"uv":[9,0,6.5,1.25],"texture":"#1"}			}		},		{			"from":[6.5,13.20711,7],			"to":[9.5,16.70711,9],			"rotation":{"angle":0,"axis":"y","origin":[8,14.70711,8]},			"faces":{				"north":{"uv":[6.5,1.5,8,3.25],"texture":"#1"},				"east":{"uv":[5,9,6,10.75],"texture":"#1"},				"south":{"uv":[6.5,3.5,8,5.25],"texture":"#1"},				"west":{"uv":[6,9.5,7,11.25],"texture":"#1"},				"up":{"uv":[1.5,11,0,10],"texture":"#1"},				"down":{"uv":[11.5,2,10,3],"texture":"#1"}			}		},		{			"from":[6.75,-2.5,6.75],			"to":[9.25,0.5,9.25],			"faces":{				"north":{"uv":[5,7.5,6.25,9],"texture":"#1"},				"east":{"uv":[8,3,9.25,4.5],"texture":"#1"},				"south":{"uv":[0,8.5,1.25,10],"texture":"#1"},				"west":{"uv":[8.5,4.5,9.75,6],"texture":"#1"},				"up":{"uv":[10.75,8.25,9.5,7],"texture":"#1"},				"down":{"uv":[9.75,9.5,8.5,10.75],"texture":"#1"}			}		}	],	"gui_light":"front",	"display":{		"thirdperson_righthand":{			"rotation":[0,90,0],			"translation":[0,-0.25,0]		},		"thirdperson_lefthand":{			"rotation":[0,-90,0],			"translation":[0,-0.25,0],			"scale":[1,1,-1]		},		"firstperson_righthand":{			"rotation":[0,90,0],			"translation":[0,-0.25,0]		},		"firstperson_lefthand":{			"rotation":[0,-90,0],			"translation":[0,-0.25,0],			"scale":[1,1,-1]		},		"gui":{			"rotation":[0,0,-45]		},		"fixed":{			"translation":[0,1.5,-2],			"scale":[1.625,1.625,1.625]		}	}}