{
	"credit": "Made by Manning Design",
	"texture_size": [64, 64],
	"textures": {
		"0": "custom/bs_balloon_bee_texture",
		"particle": "custom/bs_balloon_bee_texture"
	},
	"elements": [
		{
			"from": [2.5, -0.5, 1.5],
			"to": [13.5, 10.5, 14.5],
			"faces": {
				"north": {"uv": [0, 5.5, 2.75, 8.25], "texture": "#0"},
				"east": {"uv": [0, 0, 3.25, 2.75], "texture": "#0"},
				"south": {"uv": [6, 0, 8.75, 2.75], "texture": "#0"},
				"west": {"uv": [0, 2.75, 3.25, 5.5], "texture": "#0"},
				"up": {"uv": [6, 3.25, 3.25, 0], "texture": "#0"},
				"down": {"uv": [6, 3.25, 3.25, 6.5], "texture": "#0"}
			}
		},
		{
			"from": [6.5, 3.5, 14.5],
			"to": [9.5, 6.5, 17.5],
			"faces": {
				"north": {"uv": [7.25, 8.25, 8, 9], "texture": "#0"},
				"east": {"uv": [8, 8.25, 8.75, 9], "texture": "#0"},
				"south": {"uv": [2.25, 8.5, 3, 9.25], "texture": "#0"},
				"west": {"uv": [3, 8.5, 3.75, 9.25], "texture": "#0"},
				"up": {"uv": [4.5, 9.25, 3.75, 8.5], "texture": "#0"},
				"down": {"uv": [9.5, 0, 8.75, 0.75], "texture": "#0"}
			}
		},
		{
			"from": [-3.32926, 9.61522, 3.5],
			"to": [5.67074, 12.61522, 11.5],
			"rotation": {"angle": -22.5, "axis": "z", "origin": [0.42074, 10.61522, 8.5]},
			"faces": {
				"north": {"uv": [7.25, 6.75, 9.5, 7.5], "texture": "#0"},
				"east": {"uv": [8.25, 3.5, 10.25, 4.25], "texture": "#0"},
				"south": {"uv": [7.25, 7.5, 9.5, 8.25], "texture": "#0"},
				"west": {"uv": [8.25, 4.25, 10.25, 5], "texture": "#0"},
				"up": {"uv": [8.25, 4.75, 6, 2.75], "texture": "#0"},
				"down": {"uv": [8.25, 4.75, 6, 6.75], "texture": "#0"}
			}
		},
		{
			"from": [10.32926, 9.61522, 3.5],
			"to": [19.32926, 12.61522, 11.5],
			"rotation": {"angle": 22.5, "axis": "z", "origin": [15.57926, 10.61522, 8.5]},
			"faces": {
				"north": {"uv": [0, 8.25, 2.25, 9], "texture": "#0"},
				"east": {"uv": [8.25, 5, 10.25, 5.75], "texture": "#0"},
				"south": {"uv": [8.25, 2.75, 10.5, 3.5], "texture": "#0"},
				"west": {"uv": [8.25, 5.75, 10.25, 6.5], "texture": "#0"},
				"up": {"uv": [5, 8.5, 2.75, 6.5], "texture": "#0"},
				"down": {"uv": [7.25, 6.75, 5, 8.75], "texture": "#0"}
			}
		},
		{
			"from": [4, 7.75, -1],
			"to": [7, 10.75, 2],
			"rotation": {"angle": 22.5, "axis": "x", "origin": [6, 8.5, 1]},
			"faces": {
				"north": {"uv": [8.75, 0.75, 9.5, 1.5], "texture": "#0"},
				"east": {"uv": [8.75, 1.5, 9.5, 2.25], "texture": "#0"},
				"south": {"uv": [4.5, 8.75, 5.25, 9.5], "texture": "#0"},
				"west": {"uv": [5.25, 8.75, 6, 9.5], "texture": "#0"},
				"up": {"uv": [6.75, 9.5, 6, 8.75], "texture": "#0"},
				"down": {"uv": [9.5, 8.25, 8.75, 9], "texture": "#0"}
			}
		},
		{
			"from": [9.025, 7.11993, -3.14104],
			"to": [11.975, 10.11993, -0.14104],
			"rotation": {"angle": -22.5, "axis": "x", "origin": [8, 11.11993, -3.14104]},
			"faces": {
				"north": {"uv": [9.5, 1.5, 10.25, 2.25], "texture": "#0"},
				"east": {"uv": [4.5, 9.5, 5.25, 10.25], "texture": "#0"},
				"south": {"uv": [5.25, 9.5, 6, 10.25], "texture": "#0"},
				"west": {"uv": [6, 9.5, 6.75, 10.25], "texture": "#0"},
				"up": {"uv": [10.25, 7.25, 9.5, 6.5], "texture": "#0"},
				"down": {"uv": [10.25, 7.25, 9.5, 8], "texture": "#0"}
			}
		},
		{
			"from": [4.025, 7.11993, -3.14104],
			"to": [6.975, 10.11993, -0.14104],
			"rotation": {"angle": -22.5, "axis": "x", "origin": [8, 11.11993, -3.14104]},
			"faces": {
				"north": {"uv": [9, 9, 9.75, 9.75], "texture": "#0"},
				"east": {"uv": [2.25, 9.25, 3, 10], "texture": "#0"},
				"south": {"uv": [3, 9.25, 3.75, 10], "texture": "#0"},
				"west": {"uv": [3.75, 9.25, 4.5, 10], "texture": "#0"},
				"up": {"uv": [10.25, 0.75, 9.5, 0], "texture": "#0"},
				"down": {"uv": [10.25, 0.75, 9.5, 1.5], "texture": "#0"}
			}
		},
		{
			"from": [9, 7.75, -1],
			"to": [12, 10.75, 2],
			"rotation": {"angle": 22.5, "axis": "x", "origin": [10, 8.5, 1]},
			"faces": {
				"north": {"uv": [0, 9, 0.75, 9.75], "texture": "#0"},
				"east": {"uv": [0.75, 9, 1.5, 9.75], "texture": "#0"},
				"south": {"uv": [1.5, 9, 2.25, 9.75], "texture": "#0"},
				"west": {"uv": [6.75, 9, 7.5, 9.75], "texture": "#0"},
				"up": {"uv": [8.25, 9.75, 7.5, 9], "texture": "#0"},
				"down": {"uv": [9, 9, 8.25, 9.75], "texture": "#0"}
			}
		}
	],
	"display": {
		"thirdperson_righthand": {
			"scale": [0.57, 0.57, 0.57]
		},
		"thirdperson_lefthand": {
			"scale": [0.52, 0.52, 0.52]
		},
		"firstperson_righthand": {
			"scale": [0.55, 0.55, 0.55]
		},
		"firstperson_lefthand": {
			"scale": [0.55, 0.55, 0.55]
		},
		"ground": {
			"translation": [0, 5.5, 0],
			"scale": [0.54, 0.54, 0.54]
		},
		"gui": {
			"rotation": [35, 135, 0],
			"translation": [0.5, 0.25, 0],
			"scale": [0.55, 0.55, 0.55]
		},
		"head": {
			"translation": [0, 8, 0],
			"scale": [1.72, 1.72, 1.72]
		},
		"fixed": {
			"rotation": [0, 90, 0],
			"translation": [0, -2.75, 0],
			"scale": [0.65, 0.65, 0.65]
		}
	}
}