{"textures":{"0":"glorious:entity/nocsy_cat5"},"elements":[{"from":[7.142857,7.142857,9.6],"to":[7.142857,8.857143,11.885715],"rotation":{"angle":-22.5,"axis":"y","origin":[8.0,8.0,9.428572]},"faces":{"east":{"uv":[6.5,5.75,7.0,6.125],"rotation":0,"texture":"#0","tintindex":0},"south":{"uv":[6.875,0.0,6.875,0.375],"rotation":0,"texture":"#0","tintindex":0},"north":{"uv":[3.5,3.875,3.5,4.25],"rotation":0,"texture":"#0","tintindex":0},"west":{"uv":[4.75,6.625,5.25,7.0],"rotation":0,"texture":"#0","tintindex":0},"up":{"uv":[8.125,7.125,8.125,6.625],"rotation":0,"texture":"#0","tintindex":0},"down":{"uv":[8.25,1.625,8.25,2.125],"rotation":0,"texture":"#0","tintindex":0}}},{"from":[8.857143,7.142857,9.6],"to":[8.857143,8.857143,11.885715],"rotation":{"angle":22.5,"axis":"y","origin":[8.0,8.0,9.428572]},"faces":{"east":{"uv":[6.75,1.25,7.25,1.625],"rotation":0,"texture":"#0","tintindex":0},"south":{"uv":[8.25,0.5,8.25,0.875],"rotation":0,"texture":"#0","tintindex":0},"north":{"uv":[4.25,7.25,4.25,7.625],"rotation":0,"texture":"#0","tintindex":0},"west":{"uv":[2.5,6.75,3.0,7.125],"rotation":0,"texture":"#0","tintindex":0},"up":{"uv":[1.75,8.75,1.75,8.25],"rotation":0,"texture":"#0","tintindex":0},"down":{"uv":[1.875,8.25,1.875,8.75],"rotation":0,"texture":"#0","tintindex":0}}},{"from":[6.6714287,7.142857,8.457143],"to":[6.6714287,8.857143,10.742857],"rotation":{"angle":-22.5,"axis":"y","origin":[8.0,8.0,9.428572]},"faces":{"east":{"uv":[3.125,6.75,3.625,7.125],"rotation":0,"texture":"#0","tintindex":0},"south":{"uv":[2.125,8.25,2.125,8.625],"rotation":0,"texture":"#0","tintindex":0},"north":{"uv":[2.0,8.25,2.0,8.625],"rotation":0,"texture":"#0","tintindex":0},"west":{"uv":[3.75,6.75,4.25,7.125],"rotation":0,"texture":"#0","tintindex":0},"up":{"uv":[2.25,8.75,2.25,8.25],"rotation":0,"texture":"#0","tintindex":0},"down":{"uv":[8.25,2.25,8.25,2.75],"rotation":0,"texture":"#0","tintindex":0}}},{"from":[9.328571,7.142857,8.457143],"to":[9.328571,8.857143,10.742857],"rotation":{"angle":22.5,"axis":"y","origin":[8.0,8.0,9.428572]},"faces":{"east":{"uv":[5.375,6.75,5.875,7.125],"rotation":0,"texture":"#0","tintindex":0},"south":{"uv":[8.25,3.875,8.25,4.25],"rotation":0,"texture":"#0","tintindex":0},"north":{"uv":[2.375,8.25,2.375,8.625],"rotation":0,"texture":"#0","tintindex":0},"west":{"uv":[6.0,6.75,6.5,7.125],"rotation":0,"texture":"#0","tintindex":0},"up":{"uv":[6.25,8.75,6.25,8.25],"rotation":0,"texture":"#0","tintindex":0},"down":{"uv":[6.375,8.25,6.375,8.75],"rotation":0,"texture":"#0","tintindex":0}}},{"from":[7.142857,7.142857,7.428571],"to":[8.857143,8.857143,10.857143],"rotation":{"angle":0.0,"axis":"y","origin":[8.0,8.0,9.428572]},"faces":{"east":{"uv":[5.375,2.375,6.125,2.75],"rotation":0,"texture":"#0","tintindex":0},"south":{"uv":[7.125,6.375,7.5,6.75],"rotation":0,"texture":"#0","tintindex":0},"north":{"uv":[7.125,5.875,7.5,6.25],"rotation":0,"texture":"#0","tintindex":0},"west":{"uv":[5.375,2.875,6.125,3.25],"rotation":0,"texture":"#0","tintindex":0},"up":{"uv":[5.75,4.125,5.375,3.375],"rotation":0,"texture":"#0","tintindex":0},"down":{"uv":[0.375,5.5,0.0,6.25],"rotation":0,"texture":"#0","tintindex":0}}},{"from":[7.142857,9.028571,9.142858],"to":[8.857143,9.028571,10.857143],"rotation":{"angle":-22.5,"axis":"x","origin":[8.0,8.0,9.428572]},"faces":{"east":{"uv":[5.375,2.375,6.125,2.75],"rotation":0,"texture":"#0","tintindex":0},"south":{"uv":[7.125,6.375,7.5,6.75],"rotation":0,"texture":"#0","tintindex":0},"north":{"uv":[7.125,5.875,7.5,6.25],"rotation":0,"texture":"#0","tintindex":0},"west":{"uv":[5.375,2.875,6.125,3.25],"rotation":0,"texture":"#0","tintindex":0},"up":{"uv":[8.875,1.125,8.5,0.75],"rotation":0,"texture":"#0","tintindex":0},"down":{"uv":[8.875,0.75,8.5,1.125],"rotation":0,"texture":"#0","tintindex":0}}},{"from":[7.142857,6.421582,7.6260934],"to":[8.857143,6.421582,9.911808],"rotation":{"angle":22.5,"axis":"x","origin":[8.0,7.278725,9.34038]},"faces":{"east":{"uv":[2.5,6.125,3.0,6.125],"rotation":0,"texture":"#0","tintindex":0},"south":{"uv":[8.25,2.875,8.625,2.875],"rotation":0,"texture":"#0","tintindex":0},"north":{"uv":[1.75,6.0,2.125,6.0],"rotation":0,"texture":"#0","tintindex":0},"west":{"uv":[8.25,3.0,8.75,3.0],"rotation":0,"texture":"#0","tintindex":0},"up":{"uv":[0.875,7.25,0.5,6.75],"rotation":0,"texture":"#0","tintindex":0},"down":{"uv":[7.0,6.75,6.625,7.25],"rotation":0,"texture":"#0","tintindex":0}}},{"from":[7.142857,7.0501537,8.597522],"to":[8.857143,7.0501537,10.883237],"rotation":{"angle":22.5,"axis":"x","origin":[8.0,7.278725,9.34038]},"faces":{"east":{"uv":[8.25,3.5,8.75,3.5],"rotation":0,"texture":"#0","tintindex":0},"south":{"uv":[8.25,6.625,8.625,6.625],"rotation":0,"texture":"#0","tintindex":0},"north":{"uv":[8.25,3.375,8.625,3.375],"rotation":0,"texture":"#0","tintindex":0},"west":{"uv":[8.25,6.75,8.75,6.75],"rotation":0,"texture":"#0","tintindex":0},"up":{"uv":[7.375,0.5,7.0,0.0],"rotation":0,"texture":"#0","tintindex":0},"down":{"uv":[7.375,0.625,7.0,1.125],"rotation":0,"texture":"#0","tintindex":0}}}],"display":{"head":{"translation":[0.0,-6.4,0.0],"scale":[4.0,4.0,4.0]}}}