{"textures":{"1":"custom:entity/project/texture"},"elements":[{"faces":{"north":{"uv":[0,5.125,0.25,6.375],"texture":"#1","tintindex":0},"east":{"uv":[0.5,5.125,0.5,6.375],"texture":"#1","tintindex":0},"south":{"uv":[0.25,5.125,0.5,6.375],"texture":"#1","tintindex":0},"west":{"uv":[0.25,5.125,0.25,6.375],"texture":"#1","tintindex":0},"up":{"uv":[0.25,5.125,0.25,4.875],"rotation":270,"texture":"#1","tintindex":0},"down":{"uv":[0.25,4.875,0.25,5.125],"rotation":90,"texture":"#1","tintindex":0}},"to":[8.30145,4.15974,6.71187],"from":[7.50145,0.15974,6.71187],"rotation":{"angle":0,"axis":"y","origin":[9.90145,2.15974,8.07147]}},{"faces":{"north":{"uv":[0.25,5.125,0,6.375],"texture":"#1","tintindex":0},"east":{"uv":[0.25,5.125,0.25,6.375],"texture":"#1","tintindex":0},"south":{"uv":[0.5,5.125,0.25,6.375],"texture":"#1","tintindex":0},"west":{"uv":[0.5,5.125,0.5,6.375],"texture":"#1","tintindex":0},"up":{"uv":[0.25,5.125,0.25,4.875],"rotation":90,"texture":"#1","tintindex":0},"down":{"uv":[0.25,4.875,0.25,5.125],"rotation":270,"texture":"#1","tintindex":0}},"to":[5.29855,4.15974,6.71187],"from":[4.49855,0.15974,6.71187],"rotation":{"angle":0,"axis":"y","origin":[2.89855,2.15974,8.07147]}},{"faces":{"north":{"uv":[0.625,3.5,1.25,4.375],"rotation":90,"texture":"#1","tintindex":0},"east":{"uv":[0.625,2.875,0.625,3.5],"rotation":180,"texture":"#1","tintindex":0},"south":{"uv":[0,3.5,0.625,4.375],"rotation":270,"texture":"#1","tintindex":0},"west":{"uv":[0.625,3.5,0.625,2.875],"texture":"#1","tintindex":0},"up":{"uv":[0.625,3.5,0.625,4.375],"rotation":270,"texture":"#1","tintindex":0},"down":{"uv":[1.25,3.5,1.25,4.375],"rotation":270,"texture":"#1","tintindex":0}},"to":[7.90145,0.56014,6.69402],"from":[4.90145,-1.43986,6.69402],"rotation":{"angle":0,"axis":"x","origin":[2.30145,1.76014,8.05362]}},{"faces":{"north":{"uv":[0.625,0.625,0.625,1.25],"texture":"#1","tintindex":0},"east":{"uv":[0,0.625,0.625,1.25],"texture":"#1","tintindex":0},"south":{"uv":[1.25,0.625,1.25,1.25],"texture":"#1","tintindex":0},"west":{"uv":[0.625,0.625,1.25,1.25],"texture":"#1","tintindex":0},"up":{"uv":[0.625,0.625,0.625,0],"texture":"#1","tintindex":0},"down":{"uv":[0.625,0,0.625,0.625],"texture":"#1","tintindex":0}},"to":[8.0996,6.19995,8.8],"from":[8.0996,4.19995,6.8],"rotation":{"angle":0,"axis":"z","origin":[7.9996,6.19995,9.6]}},{"faces":{"north":{"uv":[0.625,0.625,0.625,1.25],"texture":"#1","tintindex":0},"east":{"uv":[1.25,0.625,0.625,1.25],"texture":"#1","tintindex":0},"south":{"uv":[1.25,0.625,1.25,1.25],"texture":"#1","tintindex":0},"west":{"uv":[0.625,0.625,0,1.25],"texture":"#1","tintindex":0},"up":{"uv":[0.625,0.625,0.625,0],"texture":"#1","tintindex":0},"down":{"uv":[0.625,0,0.625,0.625],"texture":"#1","tintindex":0}},"to":[4.7,6.2,8.8],"from":[4.7,4.2,6.8],"rotation":{"angle":0,"axis":"z","origin":[4.8,6.2,8.8]}}],"display":{"head":{"translation":[0,5.6,0],"scale":[4,4,4],"rotation":[0,0,0]}}}