{
	"credit": "Made by Manning Design",
	"textures": {
		"0": "glorious:item/saber/bs_energy_blade_texture",
		"1": "glorious:item/saber/bs_energy_blade_saber_blue_texture",
		"particle": "glorious:item/saber/bs_energy_blade_texture"
	},
	"elements": [
		{
			"from": [7, 3, 9],
			"to": [9, 9, 11],
			"faces": {
				"north": {"uv": [0, 0, 1, 3], "texture": "#0"},
				"east": {"uv": [1, 0, 2, 3], "texture": "#0"},
				"south": {"uv": [2, 0, 3, 3], "texture": "#0"},
				"west": {"uv": [0, 3, 1, 6], "texture": "#0"},
				"up": {"uv": [1, 7, 0, 6], "texture": "#0"},
				"down": {"uv": [7, 0, 6, 1], "texture": "#0"}
			}
		},
		{
			"from": [6.8, 2.8, 8.8],
			"to": [9.2, 9.2, 11.2],
			"faces": {
				"north": {"uv": [3, 0, 4, 3], "texture": "#0"},
				"east": {"uv": [1, 3, 2, 6], "texture": "#0"},
				"south": {"uv": [2, 3, 3, 6], "texture": "#0"},
				"west": {"uv": [3, 3, 4, 6], "texture": "#0"},
				"up": {"uv": [2, 7, 1, 6], "texture": "#0"},
				"down": {"uv": [7, 1, 6, 2], "texture": "#0"}
			}
		},
		{
			"from": [9, 9, 9],
			"to": [9, 10, 11],
			"faces": {
				"north": {"uv": [0, 0, 0, 0.5], "texture": "#0"},
				"east": {"uv": [2, 6, 3, 6.5], "texture": "#0"},
				"south": {"uv": [0, 0, 0, 0.5], "texture": "#0"},
				"west": {"uv": [6, 2, 7, 2.5], "texture": "#0"},
				"up": {"uv": [0, 1, 0, 0], "texture": "#0"},
				"down": {"uv": [0, 0, 0, 1], "texture": "#0"}
			}
		},
		{
			"from": [8, 9, 11],
			"to": [9, 10, 11],
			"faces": {
				"north": {"uv": [6, 3, 6.5, 3.5], "texture": "#0"},
				"east": {"uv": [0, 0, 0, 0.5], "texture": "#0"},
				"south": {"uv": [3.5, 6, 4, 6.5], "texture": "#0"},
				"west": {"uv": [0, 0, 0, 0.5], "texture": "#0"},
				"up": {"uv": [0.5, 0, 0, 0], "texture": "#0"},
				"down": {"uv": [0.5, 0, 0, 0], "texture": "#0"}
			}
		},
		{
			"from": [8, 9, 9],
			"to": [9, 10, 9],
			"faces": {
				"north": {"uv": [6, 3.5, 6.5, 4], "texture": "#0"},
				"east": {"uv": [0, 0, 0, 0.5], "texture": "#0"},
				"south": {"uv": [6, 4, 6.5, 4.5], "texture": "#0"},
				"west": {"uv": [0, 0, 0, 0.5], "texture": "#0"},
				"up": {"uv": [0.5, 0, 0, 0], "texture": "#0"},
				"down": {"uv": [0.5, 0, 0, 0], "texture": "#0"}
			}
		},
		{
			"from": [7.5, 9, 9.5],
			"to": [8.5, 24, 10.5],
			"faces": {
				"north": {"uv": [0, 0, 1, 15], "texture": "#1"},
				"east": {"uv": [1, 0, 2, 15], "texture": "#1"},
				"south": {"uv": [2, 0, 3, 15], "texture": "#1"},
				"west": {"uv": [3, 0, 4, 15], "texture": "#1"},
				"up": {"uv": [9, 1, 8, 0], "texture": "#1"},
				"down": {"uv": [9, 1, 8, 2], "texture": "#1"}
			}
		},
		{
			"from": [7.2, 8.7, 9.2],
			"to": [8.8, 24.3, 10.8],
			"faces": {
				"north": {"uv": [4, 0, 5, 15], "texture": "#1"},
				"east": {"uv": [5, 0, 6, 15], "texture": "#1"},
				"south": {"uv": [6, 0, 7, 15], "texture": "#1"},
				"west": {"uv": [7, 0, 8, 15], "texture": "#1"},
				"up": {"uv": [9, 3, 8, 2], "texture": "#1"},
				"down": {"uv": [9, 3, 8, 4], "texture": "#1"}
			}
		}
	],
	"display": {
		"thirdperson_righthand": {
			"translation": [-0.5, 0.5, -0.25]
		},
		"thirdperson_lefthand": {
			"rotation": [0, 180, 0],
			"translation": [-0.5, 0.5, 3.75]
		},
		"firstperson_righthand": {
			"rotation": [6, 0, 0],
			"translation": [0.5, 2.5, 0],
			"scale": [0.72, 0.72, 0.72]
		},
		"firstperson_lefthand": {
			"rotation": [6, 180, 0],
			"translation": [0.5, 2.25, 3],
			"scale": [0.72, 0.72, 0.72]
		},
		"ground": {
			"rotation": [90, 0, 0],
			"translation": [0, 5, -3],
			"scale": [0.83, 0.83, 0.83]
		},
		"gui": {
			"rotation": [0, 0, -45],
			"translation": [-3.75, -3.5, 0],
			"scale": [0.86, 0.86, 0.86]
		},
		"head": {
			"rotation": [-44, 0, 0],
			"translation": [0, 4.75, -10.25]
		},
		"fixed": {
			"rotation": [0, 0, 45],
			"translation": [3.75, -4, -2.25]
		}
	}
}