{
    "providers":[
        {"type":"bitmap","file":"glorious:prefixes/owner.png","ascent":8,"height":8,"chars":["\ue100"]},
        {"type":"bitmap","file":"glorious:prefixes/manager.png","ascent":8,"height":8,"chars":["\ue101"]},
        {"type":"bitmap","file":"glorious:prefixes/admin.png","ascent":8,"height":8,"chars":["\ue102"]},
        {"type":"bitmap","file":"glorious:prefixes/mod.png","ascent":8,"height":8,"chars":["\ue104"]},
        {"type":"bitmap","file":"glorious:prefixes/guide.png","ascent":8,"height":8,"chars":["\ue105"]},
        {"type":"bitmap","file":"glorious:prefixes/discord.png","ascent":7,"height":7,"chars":["\ue110"]},
        {"type":"bitmap","file":"glorious:prefixes/admintag.png","ascent":7,"height":7,"chars":["\ue111"]},
        {"type":"bitmap","file":"glorious:prefixes/ownertag.png","ascent":7,"height":7,"chars":["\ue112"]},
        {"type":"bitmap","file":"glorious:prefixes/modtag.png","ascent":7,"height":7,"chars":["\ue113"]},
	    {"type":"bitmap","file":"glorious:prefixes/guidetag.png","ascent":7,"height":7,"chars":["\ue114"]},
	    {"type":"bitmap","file":"glorious:prefixes/coaltag.png","ascent":7,"height":7,"chars":["\ue115"]},
		{"type":"bitmap","file":"glorious:prefixes/irontag.png","ascent":7,"height":7,"chars":["\ue116"]},
		{"type":"bitmap","file":"glorious:prefixes/goldtag.png","ascent":7,"height":7,"chars":["\ue117"]},
		{"type":"bitmap","file":"glorious:prefixes/emeraldtag.png","ascent":7,"height":7,"chars":["\ue118"]},
		{"type":"bitmap","file":"glorious:prefixes/diamondtag.png","ascent":7,"height":7,"chars":["\ue119"]},
		{"type":"bitmap","file":"glorious:prefixes/coal.png","ascent":8,"height":8,"chars":["\ue120"]},
		{"type":"bitmap","file":"glorious:prefixes/iron.png","ascent":8,"height":8,"chars":["\ue121"]},
		{"type":"bitmap","file":"glorious:prefixes/gold.png","ascent":8,"height":8,"chars":["\ue122"]},
		{"type":"bitmap","file":"glorious:prefixes/emerald.png","ascent":8,"height":8,"chars":["\ue123"]},
		{"type":"bitmap","file":"glorious:prefixes/diamond.png","ascent":8,"height":8,"chars":["\ue124"]},
		{"type":"bitmap","file":"glorious:prefixes/playericon.png","ascent":7,"height":7,"chars":["\ue125"]},
		{"type":"bitmap","file":"glorious:prefixes/grlogo.png","ascent":15,"height":60,"chars":["\ue126"]},
		{"type":"bitmap","file":"glorious:prefixes/grlogo.png","ascent":32,"height":100,"chars":["\ue127"]},
		{"type":"bitmap","file":"glorious:prefixes/coin.png","ascent":7,"height":7,"chars":["\ue128"]},
		{"type":"bitmap","file":"glorious:prefixes/discordicon.png","ascent":7,"height":7,"chars":["\ue129"]},
		{"type":"bitmap","file":"glorious:prefixes/sun.png","ascent":7,"height":7,"chars":["\ue130"]},
		{"type":"bitmap","file":"glorious:emojis/blocked.png","ascent":7,"height":7,"chars":["\ue131"]},
		{"type":"bitmap","file":"glorious:emojis/chilledout.png","ascent":7,"height":7,"chars":["\ue132"]},
		{"type":"bitmap","file":"glorious:emojis/earth.png","ascent":7,"height":7,"chars":["\ue133"]},
		{"type":"bitmap","file":"glorious:emojis/eyes.png","ascent":7,"height":7,"chars":["\ue134"]},
		{"type":"bitmap","file":"glorious:emojis/gg.png","ascent":7,"height":7,"chars":["\ue135"]},
		{"type":"bitmap","file":"glorious:emojis/hearteyes.png","ascent":7,"height":7,"chars":["\ue136"]},
		{"type":"bitmap","file":"glorious:emojis/kiss.png","ascent":7,"height":7,"chars":["\ue137"]},
		{"type":"bitmap","file":"glorious:emojis/love.png","ascent":7,"height":7,"chars":["\ue138"]},
		{"type":"bitmap","file":"glorious:emojis/money.png","ascent":7,"height":7,"chars":["\ue139"]},
		{"type":"bitmap","file":"glorious:emojis/moneyeyes.png","ascent":7,"height":7,"chars":["\ue140"]},
		{"type":"bitmap","file":"glorious:emojis/scream.png","ascent":7,"height":7,"chars":["\ue141"]},
		{"type":"bitmap","file":"glorious:emojis/skull.png","ascent":7,"height":7,"chars":["\ue142"]},
		{"type":"bitmap","file":"glorious:emojis/smile.png","ascent":7,"height":7,"chars":["\ue143"]},
		{"type":"bitmap","file":"glorious:emojis/smilingimp.png","ascent":7,"height":7,"chars":["\ue144"]},
		{"type":"bitmap","file":"glorious:emojis/smirk.png","ascent":7,"height":7,"chars":["\ue145"]},
		{"type":"bitmap","file":"glorious:emojis/sunglasses.png","ascent":7,"height":7,"chars":["\ue146"]},
		{"type":"bitmap","file":"glorious:emojis/sunny.png","ascent":7,"height":7,"chars":["\ue147"]},
		{"type":"bitmap","file":"glorious:emojis/sus.png","ascent":7,"height":7,"chars":["\ue148"]},
		{"type":"bitmap","file":"glorious:emojis/rederror.png","ascent":7,"height":7,"chars":["\ue149"]},
		{"type":"bitmap","file":"glorious:emojis/blueerror.png","ascent":7,"height":7,"chars":["\ue150"]},
		{"type":"bitmap","file":"glorious:emojis/chaticon.png","ascent":7,"height":7,"chars":["\ue151"]},
		{"type":"bitmap","file":"glorious:characterportraits/farmer.png","ascent":2,"height":42,"chars":["\ue152"]},
		{"type":"bitmap","file":"glorious:characterportraits/barkeeper.png","ascent":2,"height":42,"chars":["\ue153"]},
		{"type":"bitmap","file":"glorious:prefixes/npctag.png","ascent":7,"height":7,"chars":["\ue154"]},
		{"type":"bitmap","file":"glorious:prefixes/ruby.png","ascent":8,"height":8,"chars":["\ue155"]},
		{"type":"bitmap","file":"glorious:prefixes/rubytag.png","ascent":7,"height":7,"chars":["\ue156"]},
		{"type":"bitmap","file":"glorious:prefixes/warning.png","ascent":7,"height":7,"chars":["\ue157"]},
		{"type":"bitmap","file":"glorious:prefixes/media.png","ascent":8,"height":8,"chars":["\ue158"]},
		{"type":"bitmap","file":"glorious:prefixes/mediatag.png","ascent":7,"height":7,"chars":["\ue159"]},
		{"type":"bitmap","file":"glorious:prefixes/explorertag.png","ascent":7,"height":7,"chars":["\ue160"]},
		{"type":"bitmap","file":"glorious:prefixes/explorersun.png","ascent":8,"height":8,"chars":["\ue161"]},
		{"type":"bitmap","file":"glorious:prefixes/grlogosized.png","ascent":55,"height":55,"chars":["\ue162"]},
		{"type":"bitmap","file":"glorious:prefixes/afk.png","ascent":7,"height":7,"chars":["\ue163"]},
		{"type":"bitmap","file":"glorious:prefixes/enterdoor.png","ascent":8,"height":8,"chars":["\ue164"]},
		{"type":"bitmap","file":"glorious:prefixes/exitdoor.png","ascent":8,"height":8,"chars":["\ue165"]},
		{"type":"bitmap","file":"glorious:prefixes/message_icon.png","ascent":8,"height":8,"chars":["\ue166"]},
		{"type":"bitmap","file":"glorious:misc/loading.png","ascent":250,"height":3000,"chars":["\ue167"]},
		{"type":"bitmap","file":"minecraft:menus/jobs.png","ascent":46,"height":256,"chars":["🥪"]},
		{"type":"bitmap","file":"minecraft:menus/browse1.png","ascent":46,"height":256,"chars":["🥨"]},
		{"type":"bitmap","file":"minecraft:menus/browse2.png","ascent":46,"height":256,"chars":["🍟"]},
		{"type":"bitmap","file":"minecraft:menus/browse3.png","ascent":46,"height":256,"chars":["🍕"]},
		{"type":"bitmap","file":"minecraft:menus/shoparmor.png","ascent":46,"height":256,"chars":["🌮"]},
		{"type":"bitmap","file":"minecraft:menus/shopblock.png","ascent":46,"height":256,"chars":["🌯"]},
		{"type":"bitmap","file":"minecraft:menus/shopdecoration.png","ascent":46,"height":256,"chars":["🥙"]},
		{"type":"bitmap","file":"minecraft:menus/shopfood.png","ascent":46,"height":256,"chars":["🥘"]},
		{"type":"bitmap","file":"minecraft:menus/shopweapon.png","ascent":46,"height":256,"chars":["🍝"]},
		{"type":"bitmap","file":"minecraft:menus/shopenchants.png","ascent":46,"height":256,"chars":["🍑"]},
		{"type":"bitmap","file":"minecraft:menus/shophead.png","ascent":46,"height":256,"chars":["🥥"]},
		{"type":"bitmap","file":"minecraft:menus/settings.png","ascent":46,"height":256,"chars":["🍋"]},
		{"type":"bitmap","file":"glorious:emojis/orangeerror.png","ascent":7,"height":7,"chars":["\ue168"]},
		{"type":"bitmap","file":"minecraft:menus/shop.png","ascent":46,"height":256,"chars":["\ue169"]},
		{"type":"bitmap","file":"minecraft:menus/shopores.png","ascent":46,"height":256,"chars":["\ue170"]},
		{"type":"bitmap","file":"minecraft:menus/shopfarm.png","ascent":46,"height":256,"chars":["\ue171"]},
		{"type":"bitmap","file":"minecraft:menus/shopdrop.png","ascent":46,"height":256,"chars":["\ue172"]},
		{"type":"bitmap","file":"glorious:emojis/kekw.png","ascent":7,"height":7,"chars":["\ue173"]},
		{"type":"bitmap","file":"glorious:emojis/f.png","ascent":7,"height":7,"chars":["\ue174"]},
		{"type":"bitmap","file":"glorious:emojis/frown.png","ascent":7,"height":7,"chars":["\ue175"]},
		{"type":"bitmap","file":"glorious:emojis/clown.png","ascent":7,"height":7,"chars":["\ue176"]},
		{"type":"bitmap","file":"glorious:emojis/heart.png","ascent":7,"height":7,"chars":["\ue177"]},
		{"type":"bitmap","file":"glorious:emojis/thumbsup.png","ascent":7,"height":7,"chars":["\ue178"]},
		{"type":"bitmap","file":"glorious:emojis/trash.png","ascent":7,"height":7,"chars":["\ue179"]},
		{"type":"bitmap","file":"glorious:emojis/thumbsdown.png","ascent":7,"height":7,"chars":["\ue180"]},
		{"type":"bitmap","file":"glorious:emojis/cursed.png","ascent":7,"height":7,"chars":["\ue181"]},
		{"type":"bitmap","file":"glorious:emojis/speaker.png","ascent":7,"height":7,"chars":["\ue182"]},
		{"type":"bitmap","file":"glorious:emojis/timer.png","ascent":7,"height":7,"chars":["\ue183"]},
		{"type":"bitmap","file":"glorious:emojis/sob.png","ascent":7,"height":7,"chars":["\ue184"]},
		{"type":"bitmap","file":"glorious:emojis/straightface.png","ascent":7,"height":7,"chars":["\ue185"]},
		{"type":"bitmap","file":"glorious:emojis/nerd.png","ascent":7,"height":7,"chars":["\ue186"]},
		{"type":"bitmap","file":"glorious:prefixes/server.png","ascent":7,"height":7,"chars":["\ue187"]},
		{"type":"bitmap","file":"glorious:prefixes/reaction.png","ascent":7,"height":7,"chars":["\ue188"]},
		{"type":"bitmap","file":"glorious:emojis/compass.png","ascent":7,"height":7,"chars":["\ue189"]},
		{"type":"bitmap","file":"glorious:emojis/excited.png","ascent":7,"height":7,"chars":["\ue190"]},
		{"type":"bitmap","file":"glorious:emojis/pain.png","ascent":7,"height":7,"chars":["\ue191"]},
		{"type":"bitmap","file":"glorious:emojis/brokenheart.png","ascent":7,"height":7,"chars":["\ue192"]},
		{"type":"bitmap","file":"glorious:characterportraits/swagllama.png","ascent":2,"height":42,"chars":["\ue193"]},
		{"type":"bitmap","file":"glorious:characterportraits/aztecwarrior.png","ascent":2,"height":42,"chars":["\ue194"]},
		{"type":"bitmap","file":"glorious:emojis/stocksup.png","ascent":7,"height":7,"chars":["\ue195"]},
		{"type":"bitmap","file":"glorious:emojis/stocksdown.png","ascent":7,"height":7,"chars":["\ue196"]},
		{"type":"bitmap","file":"glorious:emojis/pensive.png","ascent":7,"height":7,"chars":["\ue197"]},
		{"type":"bitmap","file":"glorious:rarities/common.png","ascent":7,"height":7,"chars":["\ue198"]},
		{"type":"bitmap","file":"glorious:rarities/uncommon.png","ascent":7,"height":7,"chars":["\ue199"]},
		{"type":"bitmap","file":"glorious:rarities/rare.png","ascent":7,"height":7,"chars":["\ue200"]},
		{"type":"bitmap","file":"glorious:rarities/epic.png","ascent":7,"height":7,"chars":["\ue201"]},
		{"type":"bitmap","file":"glorious:rarities/legendary.png","ascent":7,"height":7,"chars":["\ue202"]},
		{"type":"bitmap","file":"glorious:emojis/sparkle.png","ascent":7,"height":7,"chars":["\ue203"]},
		{"type":"bitmap","file":"glorious:emojis/blank.png","ascent":7,"height":7,"chars":["\ue204"]},
		{"type":"bitmap","file":"glorious:emojis/moyai.png","ascent":7,"height":7,"chars":["\ue205"]},
		{"type":"bitmap","file":"glorious:misc/cinematicbar.png","ascent":250,"height":3000,"chars":["\ue206"]},
		{"type":"bitmap","file":"glorious:prefixes/gem.png","ascent":8,"height":8,"chars":["\ue207"]},
		{"type":"bitmap","file":"glorious:prefixes/gemstag.png","ascent":7,"height":7,"chars":["\ue208"]},
		{"type":"bitmap","file":"glorious:generic_chars/char_b.png","ascent":8,"height":-16,"chars":[""]},
		{"type":"bitmap","file":"glorious:generic_chars/char_comma.png","ascent":8,"height":-16,"chars":[""]},
		{"type":"bitmap","file":"glorious:generic_chars/char_dot.png","ascent":8,"height":-16,"chars":[""]},
		{"type":"bitmap","file":"glorious:generic_chars/char_k.png","ascent":8,"height":-16,"chars":[""]},
		{"type":"bitmap","file":"glorious:generic_chars/char_m.png","ascent":8,"height":-16,"chars":[""]},
		{"type":"bitmap","file":"glorious:generic_chars/char_percentage.png","ascent":8,"height":-16,"chars":[""]},
		{"type":"bitmap","file":"glorious:generic_chars/char_t.png","ascent":8,"height":-16,"chars":[""]},
		{"type":"bitmap","file":"glorious:generic_chars/char_unknown.png","ascent":8,"height":-16,"chars":[""]},
		{"type":"bitmap","file":"glorious:generic_chars/digit_0.png","ascent":8,"height":-29,"chars":[""]},
		{"type":"bitmap","file":"glorious:generic_chars/digit_1.png","ascent":8,"height":-29,"chars":[""]},
		{"type":"bitmap","file":"glorious:generic_chars/digit_2.png","ascent":8,"height":-29,"chars":[""]},
		{"type":"bitmap","file":"glorious:generic_chars/digit_3.png","ascent":8,"height":-29,"chars":[""]},
		{"type":"bitmap","file":"glorious:generic_chars/digit_4.png","ascent":8,"height":-29,"chars":[""]},
		{"type":"bitmap","file":"glorious:generic_chars/digit_5.png","ascent":8,"height":-29,"chars":[""]},
		{"type":"bitmap","file":"glorious:generic_chars/digit_6.png","ascent":8,"height":-29,"chars":[""]},
		{"type":"bitmap","file":"glorious:generic_chars/digit_7.png","ascent":8,"height":-29,"chars":[""]},
		{"type":"bitmap","file":"glorious:generic_chars/digit_8.png","ascent":8,"height":-29,"chars":[""]},
		{"type":"bitmap","file":"glorious:generic_chars/digit_9.png","ascent":8,"height":-29,"chars":[""]},
		{"type":"bitmap","file":"glorious:generic_chars/digit_9.png","ascent":8,"height":-29,"chars":[""]},
		{"type":"bitmap","file":"glorious:money/money_icon.png","ascent":8,"height":-16,"chars":[""]}
	]
}	