{
	"credit": "Made with Blockbench",
	"texture_size": [64, 64],
	"textures": {
		"2": "glorious:item/signs/cosmetic_store_sign"
	},
	"elements": [
		{
			"from": [-5, 0, 7],
			"to": [-4, 16, 9],
			"faces": {
				"north": {"uv": [7, 0.5, 7.25, 4.5], "texture": "#2"},
				"east": {"uv": [6, 0, 6.5, 4], "texture": "#2"},
				"south": {"uv": [7, 4.5, 7.25, 8.5], "texture": "#2"},
				"west": {"uv": [6, 4, 6.5, 8], "texture": "#2"},
				"up": {"uv": [8, 3, 7.75, 2.5], "texture": "#2"},
				"down": {"uv": [8, 3, 7.75, 3.5], "texture": "#2"}
			}
		},
		{
			"from": [20, 0, 7],
			"to": [21, 16, 9],
			"rotation": {"angle": 0, "axis": "y", "origin": [16, 0, 0]},
			"faces": {
				"north": {"uv": [7.25, 0.5, 7.5, 4.5], "texture": "#2"},
				"east": {"uv": [6.5, 0, 7, 4], "texture": "#2"},
				"south": {"uv": [7.25, 4.5, 7.5, 8.5], "texture": "#2"},
				"west": {"uv": [6.5, 4, 7, 8], "texture": "#2"},
				"up": {"uv": [8, 4, 7.75, 3.5], "texture": "#2"},
				"down": {"uv": [8, 4, 7.75, 4.5], "texture": "#2"}
			}
		},
		{
			"from": [-4, 0, 7.5],
			"to": [20, 16, 8.5],
			"faces": {
				"north": {"uv": [0, 0, 6, 4], "texture": "#2"},
				"east": {"uv": [7.5, 0.5, 7.75, 4.5], "texture": "#2"},
				"south": {"uv": [0, 4, 6, 8], "texture": "#2"},
				"west": {"uv": [7.5, 4.5, 7.75, 8.5], "texture": "#2"},
				"up": {"uv": [13, 0.25, 7, 0], "texture": "#2"},
				"down": {"uv": [13, 0.25, 7, 0.5], "texture": "#2"}
			}
		},
		{
			"from": [14.5, 16, 8],
			"to": [17.5, 18, 8],
			"faces": {
				"north": {"uv": [7.75, 1.5, 8.5, 2], "texture": "#2"},
				"east": {"uv": [0, 0, 0, 0.5], "texture": "#2"},
				"south": {"uv": [7.75, 2, 8.5, 2.5], "texture": "#2"},
				"west": {"uv": [0, 0, 0, 0.5], "texture": "#2"},
				"up": {"uv": [0.75, 0, 0, 0], "texture": "#2"},
				"down": {"uv": [0.75, 0, 0, 0], "texture": "#2"}
			}
		},
		{
			"from": [-1.5, 16, 8],
			"to": [1.5, 18, 8],
			"faces": {
				"north": {"uv": [7.75, 0.5, 8.5, 1], "texture": "#2"},
				"east": {"uv": [0, 0, 0, 0.5], "texture": "#2"},
				"south": {"uv": [7.75, 1, 8.5, 1.5], "texture": "#2"},
				"west": {"uv": [0, 0, 0, 0.5], "texture": "#2"},
				"up": {"uv": [0.75, 0, 0, 0], "texture": "#2"},
				"down": {"uv": [0.75, 0, 0, 0], "texture": "#2"}
			}
		}
	],
	"gui_light": "front",
	"display": {
		"thirdperson_righthand": {
			"rotation": [75, 28, 0],
			"translation": [0, 0.75, 0],
			"scale": [0.25195, 0.25195, 0.25195]
		},
		"thirdperson_lefthand": {
			"rotation": [75, 28, 0],
			"translation": [0, 0.75, 0],
			"scale": [0.25195, 0.25195, 0.25195]
		},
		"firstperson_righthand": {
			"rotation": [0, -154, 0],
			"translation": [1.25, 1.75, 0],
			"scale": [0.4, 0.4, 0.4]
		},
		"firstperson_lefthand": {
			"rotation": [0, -154, 0],
			"translation": [1.25, 1.75, 0],
			"scale": [0.4, 0.4, 0.4]
		},
		"ground": {
			"translation": [0, 3, 0],
			"scale": [0.25, 0.25, 0.25]
		},
		"gui": {
			"rotation": [30, 225, 0],
			"scale": [0.60117, 0.60117, 0.60117]
		},
		"head": {
			"scale": [2.21875, 2.21875, 2.21875]
		},
		"fixed": {
			"rotation": [-90, 0, 0],
			"translation": [32, 0, -32],
			"scale": [4, 4, 4]
		}
	},
	"groups": [
		{
			"name": "sign",
			"origin": [0, 0, 0],
			"color": 0,
			"children": [0, 1, 2]
		},
		{
			"name": "chains",
			"origin": [0, 0, 0],
			"color": 0,
			"children": [3, 4]
		}
	]
}