{"groups":[{"name":"apples","origin":[5.5,7,4],"color":0,"children":[0]}],"texture_size":[64,64],"textures":{"1":"custom/blocks/rizaan/village/food_crate_1_default"},"elements":[{"from":[4,0,4],"to":[12,8,12],"rotation":{"angle":22.5,"axis":"y","origin":[8,4,8]},"faces":{"north":{"uv":[7.25,3.125,9.25,1.125],"rotation":270,"texture":"#1"},"east":{"uv":[7.25,5.125,9.25,3.125],"rotation":270,"texture":"#1"},"south":{"uv":[7.25,3.125,9.25,1.125],"rotation":270,"texture":"#1"},"west":{"uv":[7.25,5.125,9.25,3.125],"rotation":270,"texture":"#1"},"up":{"uv":[7.25,3.125,9.25,1.125],"rotation":270,"texture":"#1"},"down":{"uv":[7.25,3.125,9.25,1.125],"rotation":270,"texture":"#1"}}}],"display":{"thirdperson_righthand":{"rotation":[75,45,0],"translation":[0,2.5,2.5],"scale":[0.375,0.375,0.375]},"thirdperson_lefthand":{"rotation":[75,45,0],"translation":[0,2.5,2.25],"scale":[0.375,0.375,0.375]},"firstperson_righthand":{"rotation":[0,45,0],"translation":[0,3,0],"scale":[0.4,0.4,0.4]},"firstperson_lefthand":{"rotation":[0,225,0],"translation":[0,3,0],"scale":[0.4,0.4,0.4]},"ground":{"translation":[0,0.75,0],"scale":[0.5,0.5,0.5]},"gui":{"rotation":[30,225,0],"translation":[0,3.25,0]},"fixed":{"rotation":[-90,0,0],"translation":[0,0,-15],"scale":[2,2,2]}}}