{"credit":"MadewithBlockbench","texture_size":[128,128],"textures":{"0":"glorious:item/office_decoration_v1/office_table_1","particle":"glorious:item/office_decoration_v1/office_table_1"},"elements":[{"from":[-16,12,0],"to":[16,14,16],"rotation":{"angle":0,"axis":"y","origin":[0,-2,0]},"faces":{"north":{"uv":[4,0.375,8,0.625],"texture":"#0"},"east":{"uv":[4,0.625,6,0.875],"texture":"#0"},"south":{"uv":[4,0.375,8,0.625],"texture":"#0"},"west":{"uv":[4,0.625,6,0.875],"texture":"#0"},"up":{"uv":[4,2,0,0],"texture":"#0"},"down":{"uv":[4,0,0,2],"texture":"#0"}}},{"from":[-16,14,15],"to":[16,16,16],"rotation":{"angle":0,"axis":"y","origin":[0,-2,0]},"faces":{"north":{"uv":[4,0,8,0.25],"texture":"#0"},"east":{"uv":[6,0.625,6.125,0.875],"texture":"#0"},"south":{"uv":[4,0,8,0.25],"texture":"#0"},"west":{"uv":[6,0.625,6.125,0.875],"texture":"#0"},"up":{"uv":[8,0.375,4,0.25],"texture":"#0"},"down":{"uv":[8,0.25,4,0.375],"texture":"#0"}}},{"from":[8,15,10.5],"to":[10,17,11.5],"rotation":{"angle":22.5,"axis":"y","origin":[10,17.25,9]},"faces":{"north":{"uv":[4.25,0.875,4.5,1.125],"texture":"#0"},"east":{"uv":[4.25,1.25,4.375,1.5],"texture":"#0"},"south":{"uv":[4.25,0.875,4.5,1.125],"texture":"#0"},"west":{"uv":[4.25,1.25,4.375,1.5],"texture":"#0"},"up":{"uv":[4.5,1.25,4.25,1.125],"texture":"#0"},"down":{"uv":[4.5,1.125,4.25,1.25],"texture":"#0"}}},{"from":[4,17,10],"to":[14,23,12],"rotation":{"angle":22.5,"axis":"y","origin":[10,17.25,9]},"faces":{"north":{"uv":[3,2,4.25,2.75],"texture":"#0"},"east":{"uv":[4.25,2,4.5,2.75],"texture":"#0"},"south":{"uv":[3,3,4.25,3.75],"texture":"#0"},"west":{"uv":[4.5,2,4.25,2.75],"texture":"#0"},"up":{"uv":[4.25,3,3,2.75],"texture":"#0"},"down":{"uv":[4.25,2.75,3,3],"texture":"#0"}}},{"from":[6,14,10],"to":[12,15,12],"rotation":{"angle":22.5,"axis":"y","origin":[10,17.25,9]},"faces":{"north":{"uv":[5.5,2.375,6.25,2.5],"texture":"#0"},"east":{"uv":[6.25,2.375,6.5,2.5],"texture":"#0"},"south":{"uv":[5.5,2.375,6.25,2.5],"texture":"#0"},"west":{"uv":[6.25,2.375,6.5,2.5],"texture":"#0"},"up":{"uv":[6.25,2.75,5.5,2.5],"texture":"#0"},"down":{"uv":[6.25,2.5,5.5,2.75],"texture":"#0"}}},{"from":[4.5,14,4],"to":[12.5,15,7],"rotation":{"angle":22.5,"axis":"y","origin":[10,17.25,9]},"faces":{"north":{"uv":[4.5,2.75,5.5,2.875],"texture":"#0"},"east":{"uv":[4.5,2.875,4.875,3],"texture":"#0"},"south":{"uv":[4.5,2.75,5.5,2.875],"texture":"#0"},"west":{"uv":[4.5,2.875,4.875,3],"texture":"#0"},"up":{"uv":[5.5,2.75,4.5,2.375],"texture":"#0"},"down":{"uv":[5.5,2.375,4.5,2.75],"texture":"#0"}}},{"from":[-1.41967,14,5.86281],"to":[0.58033,15,8.86281],"rotation":{"angle":45,"axis":"y","origin":[-0.41967,14.5,7.36281]},"faces":{"north":{"uv":[4,1.625,4.25,1.75],"texture":"#0"},"east":{"uv":[4.375,1.875,4,2],"texture":"#0"},"south":{"uv":[4,1.75,4.25,1.875],"texture":"#0"},"west":{"uv":[4,1.875,4.375,2],"texture":"#0"},"up":{"uv":[4.25,1.25,4,0.875],"texture":"#0"},"down":{"uv":[4.25,1.25,4,1.625],"texture":"#0"}}},{"from":[14,0,0],"to":[16,12,16],"rotation":{"angle":0,"axis":"y","origin":[0,2,0]},"faces":{"north":{"uv":[6.75,0.875,7,2.375],"texture":"#0"},"east":{"uv":[4.5,0.875,6.5,2.375],"texture":"#0"},"south":{"uv":[6.75,0.875,7,2.375],"texture":"#0"},"west":{"uv":[4.5,0.875,6.5,2.375],"texture":"#0"},"up":{"uv":[6.75,2.875,6.5,0.875],"texture":"#0"},"down":{"uv":[6.75,0.875,6.5,2.875],"texture":"#0"}}},{"from":[-16,0,0],"to":[-4,12,16],"rotation":{"angle":0,"axis":"y","origin":[0,2,0]},"faces":{"north":{"uv":[0,2,1.5,3.5],"texture":"#0"},"east":{"uv":[0,3.5,2,5],"texture":"#0"},"south":{"uv":[1.5,2,3,3.5],"texture":"#0"},"west":{"uv":[0,3.5,2,5],"texture":"#0"},"down":{"uv":[1.5,5,0,7],"texture":"#0"}}}],"gui_light":"front","display":{"thirdperson_righthand":{"rotation":[67.5,0,0],"translation":[2,1.75,0],"scale":[0.24406,0.24406,0.24406]},"thirdperson_lefthand":{"rotation":[67.5,0,0],"translation":[-2,1.75,0],"scale":[0.24406,0.24406,0.24406]},"firstperson_righthand":{"translation":[3,2.75,0],"scale":[0.38438,0.38438,0.38438]},"firstperson_lefthand":{"translation":[-2,2.75,0],"scale":[0.38438,0.38438,0.38438]},"ground":{"translation":[3.5,3.75,0],"scale":[0.40039,0.40039,0.40039]},"gui":{"rotation":[30,225,0],"translation":[-2,-1,0],"scale":[0.36148,0.36148,0.36148]},"head":{"rotation":[0,180,0],"translation":[0,-30.25,0],"scale":[0,0,0]},"fixed":{"rotation":[-90,0,0],"translation":[0,0,-16],"scale":[2,2,2]}}}