{"credit":"MadewithBlockbench","texture_size":[64,64],"textures":{"0":"glorious:item/bakery/baguette","particle":"glorious:item/bakery/baguette"},"elements":[{"from":[8,1,9],"to":[12,21,12],"rotation":{"angle":0,"axis":"y","origin":[10,11,10.5]},"faces":{"north":{"uv":[1.75,0,2.75,5],"texture":"#0"},"east":{"uv":[1,0,1.75,5],"texture":"#0"},"south":{"uv":[0,0,1,5],"texture":"#0"},"west":{"uv":[1.75,0,1,5],"texture":"#0"},"up":{"uv":[1,5.75,0,5],"texture":"#0"},"down":{"uv":[1,5,0,5.75],"texture":"#0"}}},{"from":[8,1,4],"to":[12,21,7],"rotation":{"angle":-22.5,"axis":"z","origin":[10,11,6.5]},"faces":{"north":{"uv":[1.75,0,2.75,5],"texture":"#0"},"east":{"uv":[1,0,1.75,5],"texture":"#0"},"south":{"uv":[0,0,1,5],"texture":"#0"},"west":{"uv":[1.75,0,1,5],"texture":"#0"},"up":{"uv":[1,5.75,0,5],"texture":"#0"},"down":{"uv":[1,5,0,5.75],"texture":"#0"}}},{"from":[2.5,0.25,8],"to":[6.5,20.25,11],"rotation":{"angle":-45,"axis":"y","origin":[5.5,11,10.5]},"faces":{"north":{"uv":[1.75,0,2.75,5],"texture":"#0"},"east":{"uv":[1,0,1.75,5],"texture":"#0"},"south":{"uv":[0,0,1,5],"texture":"#0"},"west":{"uv":[1.75,0,1,5],"texture":"#0"},"up":{"uv":[1,5.75,0,5],"texture":"#0"},"down":{"uv":[1,5,0,5.75],"texture":"#0"}}},{"from":[3,1,3],"to":[13,10,13],"rotation":{"angle":0,"axis":"y","origin":[7,0,7]},"faces":{"north":{"uv":[5.5,0,8,2.25],"texture":"#0"},"east":{"uv":[5.5,0,8,2.25],"texture":"#0"},"south":{"uv":[5.5,0,8,2.25],"texture":"#0"},"west":{"uv":[5.5,0,8,2.25],"texture":"#0"}}},{"from":[12.7,1,3.2],"to":[3.1,10,12.8],"rotation":{"angle":0,"axis":"y","origin":[7,0,7]},"faces":{"north":{"uv":[5.5,0,8,2.25],"texture":"#0"},"east":{"uv":[5.5,0,8,2.25],"texture":"#0"},"south":{"uv":[5.5,0,8,2.25],"texture":"#0"},"west":{"uv":[5.5,0,8,2.25],"texture":"#0"}}},{"from":[3,0,3],"to":[13,1,13],"rotation":{"angle":0,"axis":"y","origin":[7,0,7]},"faces":{"north":{"uv":[5.5,2.25,8,2.5],"texture":"#0"},"east":{"uv":[5.5,2.25,8,2.5],"texture":"#0"},"south":{"uv":[5.5,2.25,8,2.5],"texture":"#0"},"west":{"uv":[5.5,2.25,8,2.5],"texture":"#0"},"up":{"uv":[8,0,10.5,2.5],"texture":"#0"},"down":{"uv":[10.5,0,8,2.5],"texture":"#0"}}},{"from":[13,10,3],"to":[3,12,13],"rotation":{"angle":0,"axis":"y","origin":[7,0,7]},"faces":{"north":{"uv":[2.75,2.75,5.5,3.25],"texture":"#0"},"east":{"uv":[2.75,2.75,5.5,3.25],"texture":"#0"},"south":{"uv":[2.75,2.75,5.5,3.25],"texture":"#0"},"west":{"uv":[2.75,2.75,5.5,3.25],"texture":"#0"}}},{"from":[2.5,10,2.5],"to":[13.5,12,13.5],"rotation":{"angle":0,"axis":"y","origin":[7,0,7]},"faces":{"north":{"uv":[2.75,2.75,5.5,3.25],"texture":"#0"},"east":{"uv":[2.75,2.75,5.5,3.25],"texture":"#0"},"south":{"uv":[2.75,2.75,5.5,3.25],"texture":"#0"},"west":{"uv":[2.75,2.75,5.5,3.25],"texture":"#0"},"up":{"uv":[5.5,2.75,2.75,0],"texture":"#0"},"down":{"uv":[5.5,0,2.75,2.75],"texture":"#0"}}}],"gui_light":"front","display":{"thirdperson_righthand":{"rotation":[67.5,0,0],"translation":[0,2,0.75],"scale":[0.34961,0.34961,0.34961]},"thirdperson_lefthand":{"rotation":[67.5,0,0],"translation":[0,2,0.75],"scale":[0.34961,0.34961,0.34961]},"firstperson_righthand":{"translation":[0,3.75,0],"scale":[0.58555,0.58555,0.58555]},"firstperson_lefthand":{"translation":[0,3.75,0],"scale":[0.58555,0.58555,0.58555]},"ground":{"translation":[0,3,0],"scale":[0.5,0.5,0.5]},"gui":{"rotation":[30,225,0],"translation":[0,-0.75,0],"scale":[0.625,0.625,0.625]},"head":{"translation":[0,-32,0],"scale":[0,0,0]},"fixed":{"rotation":[-90,0,0],"translation":[0,0,-16],"scale":[2,2,2]}}}