{"textures":{"particle":"glorious:item/mc/gfx_gaming_chair"},"elements":[{"name":"dyeable","from":[5,17.84253,9.76433],"to":[11,22.84253,14.76433],"rotation":{"angle":22.5,"axis":"x","origin":[8,7.34253,12.26433]},"faces":{"north":{"uv":[7.75,10.75,9.25,12],"texture":"#particle","tintindex":0},"east":{"uv":[10.5,10.75,9.25,12],"texture":"#particle","tintindex":0},"west":{"uv":[9.25,10.75,10.5,12],"texture":"#particle","tintindex":0}}},{"name":"dyeable","from":[2,5.84253,10.76433],"to":[14,21.84253,14.76433],"rotation":{"angle":22.5,"axis":"x","origin":[8,7.34253,12.26433]},"faces":{"north":{"uv":[7.75,2.75,10.75,6.75],"texture":"#particle","tintindex":0}}},{"name":"dyeable","from":[2.0125,5,2],"to":[13.9875,9,14],"rotation":{"angle":0,"axis":"y","origin":[8,8,7]},"faces":{"up":{"uv":[10.75,10.25,7.75,7.25],"texture":"#particle","tintindex":0}}},{"from":[2.0125,5,2],"to":[13.9875,9,14],"rotation":{"angle":0,"axis":"y","origin":[8,8,7]},"faces":{"north":{"uv":[0.25,8.75,3.25,9.75],"texture":"#particle"},"east":{"uv":[3.25,13.25,0.25,14.25],"texture":"#particle"},"west":{"uv":[0.25,13.25,3.25,14.25],"texture":"#particle"},"up":{"uv":[3.25,8.75,0.25,5.75],"texture":"#particle"},"down":{"uv":[3.25,12.75,0.25,9.75],"texture":"#particle"}}},{"from":[7,1,7],"to":[9,5,9],"rotation":{"angle":0,"axis":"y","origin":[8,4,7]},"faces":{"north":{"uv":[0.75,14.75,1.25,15.75],"texture":"#particle"},"east":{"uv":[0.25,14.75,0.75,15.75],"texture":"#particle"},"south":{"uv":[1.75,14.75,2.25,15.75],"texture":"#particle"},"west":{"uv":[1.25,14.75,1.75,15.75],"texture":"#particle"}}},{"from":[3,0,3],"to":[13,1,13],"rotation":{"angle":0,"axis":"y","origin":[8,3,7]},"faces":{"north":{"uv":[3.75,8.25,6.25,8.5],"texture":"#particle"},"east":{"uv":[3.75,8.25,6.25,8.5],"texture":"#particle"},"south":{"uv":[3.75,8.25,6.25,8.5],"texture":"#particle"},"west":{"uv":[3.75,8.25,6.25,8.5],"texture":"#particle"},"up":{"uv":[6.25,8.25,3.75,5.75],"texture":"#particle"},"down":{"uv":[6.25,11,3.75,8.5],"texture":"#particle"}}},{"from":[1.5,6,5],"to":[2.5,12,7],"rotation":{"angle":-22.5,"axis":"x","origin":[2,12,5]},"faces":{"north":{"uv":[7.5,0.25,7.75,1.75],"texture":"#particle"},"east":{"uv":[8.25,0.25,7.75,1.75],"texture":"#particle"},"south":{"uv":[8.25,0.25,8.5,1.75],"texture":"#particle"},"west":{"uv":[7.75,0.25,8.25,1.75],"texture":"#particle"},"down":{"uv":[7.75,2.25,7.5,1.75],"texture":"#particle"}}},{"from":[13.5,6,5],"to":[14.5,12,7],"rotation":{"angle":-22.5,"axis":"x","origin":[14,12,5]},"faces":{"north":{"uv":[7.5,0.25,7.75,1.75],"texture":"#particle"},"east":{"uv":[8.25,0.25,7.75,1.75],"texture":"#particle"},"south":{"uv":[8.25,0.25,8.5,1.75],"texture":"#particle"},"west":{"uv":[7.75,0.25,8.25,1.75],"texture":"#particle"},"down":{"uv":[7.75,2.25,7.5,1.75],"texture":"#particle"}}},{"from":[1,12,4],"to":[3,13,14],"rotation":{"angle":0,"axis":"y","origin":[8,9,8]},"faces":{"north":{"uv":[6.75,8.25,7.25,8.5],"texture":"#particle"},"east":{"uv":[6.25,0.25,3.75,0.5],"texture":"#particle"},"south":{"uv":[7.25,11.25,6.75,11],"texture":"#particle"},"west":{"uv":[3.75,0.25,6.25,0.5],"texture":"#particle"},"up":{"uv":[7.25,8.25,6.75,5.75],"texture":"#particle"},"down":{"uv":[7.25,11,6.75,8.5],"texture":"#particle"}}},{"from":[13,12,4],"to":[15,13,14],"rotation":{"angle":0,"axis":"y","origin":[20,9,8]},"faces":{"north":{"uv":[6.75,8.25,7.25,8.5],"texture":"#particle"},"east":{"uv":[6.25,0.25,3.75,0.5],"texture":"#particle"},"south":{"uv":[7.25,11.25,6.75,11],"texture":"#particle"},"west":{"uv":[3.75,0.25,6.25,0.5],"texture":"#particle"},"up":{"uv":[7.25,8.25,6.75,5.75],"texture":"#particle"},"down":{"uv":[7.25,11,6.75,8.5],"texture":"#particle"}}},{"from":[2,5.84253,10.76433],"to":[14,21.84253,14.76433],"rotation":{"angle":22.5,"axis":"x","origin":[8,7.34253,12.26433]},"faces":{"north":{"uv":[0.25,1.25,3.25,5.25],"texture":"#particle"},"east":{"uv":[4.25,1.25,3.25,5.25],"texture":"#particle"},"south":{"uv":[4.25,1.25,7.25,5.25],"texture":"#particle"},"west":{"uv":[3.25,1.25,4.25,5.25],"texture":"#particle"},"up":{"uv":[3.25,1.25,0.25,0.25],"texture":"#particle"}}},{"from":[5,17.84253,9.76433],"to":[11,22.84253,14.76433],"rotation":{"angle":22.5,"axis":"x","origin":[8,7.34253,12.26433]},"faces":{"north":{"uv":[3.75,12.75,5.25,14],"texture":"#particle"},"east":{"uv":[6.5,12.75,5.25,14],"texture":"#particle"},"south":{"uv":[6.5,12.75,8,14],"texture":"#particle"},"west":{"uv":[5.25,12.75,6.5,14],"texture":"#particle"},"up":{"uv":[5.25,12.75,3.75,11.5],"texture":"#particle"},"down":{"uv":[5.25,15.25,3.75,14],"texture":"#particle"}}}],"display":{"thirdperson_righthand":{"rotation":[75,45,0],"translation":[0,2.5,0],"scale":[0.375,0.375,0.375]},"firstperson_righthand":{"rotation":[0,45,0],"scale":[0.4,0.4,0.4]},"ground":{"translation":[0,1,0],"scale":[0.5,0.5,0.5]},"gui":{"rotation":[30,225,0],"translation":[1,-1.5,0],"scale":[0.5,0.5,0.5]},"head":{"translation":[0,-32.4,0],"scale":[1.6,1.6,1.6]},"fixed":{"rotation":[-90,0,0],"translation":[0,0,-16],"scale":[2,2,2]}}}