{
	"credit": "Made by Manning Design",
	"texture_size": [128, 128],
	"textures": {
		"0": "custom/bs_speeder_bike_hat_texture",
		"particle": "custom/bs_speeder_bike_hat_texture"
	},
	"elements": [
		{
			"from": [0.5, 15.5, 0],
			"to": [15.5, 15.5, 16],
			"faces": {
				"north": {"uv": [1.875, 4.25, 3.75, 6.125], "texture": "#0"},
				"east": {"uv": [0, 2.375, 2, 4.25], "texture": "#0"},
				"south": {"uv": [3.75, 4.375, 5.625, 6.25], "texture": "#0"},
				"west": {"uv": [2, 2.375, 4, 4.25], "texture": "#0"},
				"up": {"uv": [5.875, 4.375, 4, 2.375], "texture": "#0"},
				"down": {"uv": [1.875, 4.25, 0, 6.25], "texture": "#0"}
			}
		},
		{
			"from": [0.5, 0.5, 0],
			"to": [15.5, 15.5, 0],
			"faces": {
				"north": {"uv": [1.875, 4.25, 3.75, 6.125], "texture": "#0"},
				"east": {"uv": [0, 2.375, 2, 4.25], "texture": "#0"},
				"south": {"uv": [1.875, 4.25, 3.75, 6.125], "texture": "#0"},
				"west": {"uv": [2, 2.375, 4, 4.25], "texture": "#0"},
				"up": {"uv": [5.875, 4.375, 4, 2.375], "texture": "#0"},
				"down": {"uv": [1.875, 4.25, 0, 6.25], "texture": "#0"}
			}
		},
		{
			"from": [0.5, 0.5, 16],
			"to": [15.5, 15.5, 16],
			"faces": {
				"north": {"uv": [3.75, 4.375, 5.625, 6.25], "texture": "#0"},
				"east": {"uv": [0, 2.375, 2, 4.25], "texture": "#0"},
				"south": {"uv": [3.75, 4.375, 5.625, 6.25], "texture": "#0"},
				"west": {"uv": [2, 2.375, 4, 4.25], "texture": "#0"},
				"up": {"uv": [5.875, 4.375, 4, 2.375], "texture": "#0"},
				"down": {"uv": [1.875, 4.25, 0, 6.25], "texture": "#0"}
			}
		},
		{
			"from": [0.5, 0.5, 0],
			"to": [0.5, 15.5, 16],
			"faces": {
				"north": {"uv": [1.875, 4.25, 3.75, 6.125], "texture": "#0"},
				"east": {"uv": [0, 2.375, 2, 4.25], "texture": "#0"},
				"south": {"uv": [3.75, 4.375, 5.625, 6.25], "texture": "#0"},
				"west": {"uv": [2, 2.375, 4, 4.25], "texture": "#0"},
				"up": {"uv": [5.875, 4.375, 4, 2.375], "texture": "#0"},
				"down": {"uv": [1.875, 4.25, 0, 6.25], "texture": "#0"}
			}
		},
		{
			"from": [15.5, 0.5, 0],
			"to": [15.5, 15.5, 16],
			"faces": {
				"north": {"uv": [1.875, 4.25, 3.75, 6.125], "texture": "#0"},
				"east": {"uv": [0, 2.375, 2, 4.25], "texture": "#0"},
				"south": {"uv": [3.75, 4.375, 5.625, 6.25], "texture": "#0"},
				"west": {"uv": [2, 2.375, 4, 4.25], "texture": "#0"},
				"up": {"uv": [5.875, 4.375, 4, 2.375], "texture": "#0"},
				"down": {"uv": [1.875, 4.25, 0, 6.25], "texture": "#0"}
			}
		},
		{
			"from": [-0.5, 1, 3.5],
			"to": [1.5, 8, 12.5],
			"rotation": {"angle": 0, "axis": "y", "origin": [-1, 7, -7.5]},
			"faces": {
				"north": {"uv": [5.625, 1.25, 5.875, 2.125], "texture": "#0"},
				"east": {"uv": [4.5, 1.25, 5.625, 2.125], "texture": "#0"},
				"south": {"uv": [4.75, 7, 5, 7.875], "texture": "#0"},
				"west": {"uv": [0, 6.25, 1.125, 7.125], "texture": "#0"},
				"up": {"uv": [1.375, 7.375, 1.125, 6.25], "texture": "#0"},
				"down": {"uv": [1.625, 6.25, 1.375, 7.375], "texture": "#0"}
			}
		},
		{
			"from": [-1, 8, -1.5],
			"to": [17, 13, 17.5],
			"rotation": {"angle": 0, "axis": "y", "origin": [16, 0, 0]},
			"faces": {
				"north": {"uv": [7.125, 5.625, 9.375, 6.25], "texture": "#0"},
				"east": {"uv": [5.875, 3.75, 8.25, 4.375], "texture": "#0"},
				"south": {"uv": [7.125, 6.25, 9.375, 6.875], "texture": "#0"},
				"west": {"uv": [5.5, 6.875, 7.875, 7.5], "texture": "#0"},
				"up": {"uv": [2.25, 2.375, 0, 0], "texture": "#0"},
				"down": {"uv": [4.5, 0, 2.25, 2.375], "texture": "#0"}
			}
		},
		{
			"from": [-1, 6, 7.5],
			"to": [17, 8, 17.5],
			"rotation": {"angle": 0, "axis": "y", "origin": [16, 0, 0]},
			"faces": {
				"north": {"uv": [6.75, 0.75, 9, 1], "texture": "#0"},
				"east": {"uv": [4.5, 2.125, 5.75, 2.375], "texture": "#0"},
				"south": {"uv": [6.75, 1, 9, 1.25], "texture": "#0"},
				"west": {"uv": [1.125, 7.375, 2.375, 7.625], "texture": "#0"},
				"up": {"uv": [6.75, 1.25, 4.5, 0], "texture": "#0"},
				"down": {"uv": [7.875, 4.375, 5.625, 5.625], "texture": "#0"}
			}
		},
		{
			"from": [14.5, 1, 3.5],
			"to": [16.5, 8, 12.5],
			"rotation": {"angle": 0, "axis": "y", "origin": [17, 7, -7.5]},
			"faces": {
				"north": {"uv": [5, 7, 5.25, 7.875], "texture": "#0"},
				"east": {"uv": [3.375, 7, 4.5, 7.875], "texture": "#0"},
				"south": {"uv": [5.25, 7, 5.5, 7.875], "texture": "#0"},
				"west": {"uv": [0, 7.125, 1.125, 8], "texture": "#0"},
				"up": {"uv": [1.875, 7.375, 1.625, 6.25], "texture": "#0"},
				"down": {"uv": [4.75, 7, 4.5, 8.125], "texture": "#0"}
			}
		},
		{
			"from": [-0.5, 7.61639, -3.9235],
			"to": [16.5, 7.61639, 2.0765],
			"rotation": {"angle": -22.5, "axis": "x", "origin": [1.5, 7.61639, -0.9235]},
			"faces": {
				"north": {"uv": [0, 0, 2.125, 0], "texture": "#0"},
				"east": {"uv": [0, 0, 0.75, 0], "texture": "#0"},
				"south": {"uv": [0, 0, 2.125, 0], "texture": "#0"},
				"west": {"uv": [0, 0, 0.75, 0], "texture": "#0"},
				"up": {"uv": [5.5, 7, 3.375, 6.25], "texture": "#0"},
				"down": {"uv": [3.375, 6.25, 5.5, 7], "texture": "#0"}
			}
		},
		{
			"from": [16, -2, -1],
			"to": [16, 8, 11],
			"rotation": {"angle": 22.5, "axis": "x", "origin": [16, 4, 5]},
			"faces": {
				"north": {"uv": [0, 0, 0, 1.25], "texture": "#0"},
				"east": {"uv": [5.625, 5.625, 7.125, 6.875], "texture": "#0"},
				"south": {"uv": [0, 0, 0, 1.25], "texture": "#0"},
				"west": {"uv": [7.125, 5.625, 5.625, 6.875], "texture": "#0"},
				"up": {"uv": [0, 1.5, 0, 0], "texture": "#0"},
				"down": {"uv": [0, 0, 0, 1.5], "texture": "#0"}
			}
		},
		{
			"from": [0, -2, -1],
			"to": [0, 8, 11],
			"rotation": {"angle": 22.5, "axis": "x", "origin": [0, 4, 5]},
			"faces": {
				"north": {"uv": [0, 0, 0, 1.25], "texture": "#0"},
				"east": {"uv": [3.375, 6.125, 1.875, 7.375], "texture": "#0"},
				"south": {"uv": [0, 0, 0, 1.25], "texture": "#0"},
				"west": {"uv": [1.875, 6.125, 3.375, 7.375], "texture": "#0"},
				"up": {"uv": [0, 1.5, 0, 0], "texture": "#0"},
				"down": {"uv": [0, 0, 0, 1.5], "texture": "#0"}
			}
		}
	],
	"display": {
		"thirdperson_righthand": {
			"rotation": [61, 0, 0],
			"translation": [0.5, 1.5, -1],
			"scale": [0.41, 0.41, 0.41]
		},
		"thirdperson_lefthand": {
			"rotation": [61, 0, 0],
			"translation": [0.5, 1.5, -1],
			"scale": [0.41, 0.41, 0.41]
		},
		"firstperson_righthand": {
			"rotation": [-10, 135, 0],
			"translation": [-1, 3.75, 0],
			"scale": [0.38, 0.38, 0.38]
		},
		"firstperson_lefthand": {
			"rotation": [-10, 135, 0],
			"translation": [-1, 3.75, 0],
			"scale": [0.38, 0.38, 0.38]
		},
		"ground": {
			"translation": [0, 5.75, 0],
			"scale": [0.51, 0.51, 0.51]
		},
		"gui": {
			"rotation": [35, 135, 0],
			"translation": [0, 0.5, 0],
			"scale": [0.49, 0.49, 0.49]
		},
		"head": {
			"translation": [0, 0.75, 0],
			"scale": [0.98, 0.98, 0.98]
		},
		"fixed": {
			"translation": [0, 0.5, 0],
			"scale": [0.91, 0.91, 0.91]
		}
	}
}