{
	"credit": "Made with Blockbench",
	"texture_size": [64, 64],
	"textures": {
		"2": "glorious:item/messy_room/messy_chair_2",
		"particle": "glorious:item/messy_room/messy_chair_2"
	},
	"elements": [
		{
			"from": [3, 0, 3],
			"to": [5, 6, 5],
			"faces": {
				"north": {"uv": [1.25, 5.5, 1.75, 7], "texture": "#2"},
				"east": {"uv": [1.75, 5.5, 2.25, 7], "texture": "#2"},
				"south": {"uv": [2.25, 5.5, 2.75, 7], "texture": "#2"},
				"west": {"uv": [5.25, 6, 5.75, 7.5], "texture": "#2"},
				"up": {"uv": [8.25, 3.75, 7.75, 3.25], "texture": "#2"},
				"down": {"uv": [6, 7.75, 5.5, 8.25], "texture": "#2"}
			}
		},
		{
			"from": [11, 0, 3],
			"to": [13, 6, 5],
			"rotation": {"angle": 0, "axis": "y", "origin": [16, 0, 0]},
			"faces": {
				"north": {"uv": [6.25, 6, 6.75, 7.5], "texture": "#2"},
				"east": {"uv": [6.5, 4.5, 7, 6], "texture": "#2"},
				"south": {"uv": [0, 6.75, 0.5, 8.25], "texture": "#2"},
				"west": {"uv": [0.5, 6.75, 1, 8.25], "texture": "#2"},
				"up": {"uv": [6.5, 8.25, 6, 7.75], "texture": "#2"},
				"down": {"uv": [8.25, 6, 7.75, 6.5], "texture": "#2"}
			}
		},
		{
			"from": [11, 0, 11],
			"to": [13, 6, 13],
			"rotation": {"angle": 0, "axis": "y", "origin": [16, 0, 16]},
			"faces": {
				"north": {"uv": [2, 7, 2.5, 8.5], "texture": "#2"},
				"east": {"uv": [2.5, 7, 3, 8.5], "texture": "#2"},
				"south": {"uv": [3, 7, 3.5, 8.5], "texture": "#2"},
				"west": {"uv": [3.5, 7, 4, 8.5], "texture": "#2"},
				"up": {"uv": [8.25, 7.5, 7.75, 7], "texture": "#2"},
				"down": {"uv": [8.25, 7.5, 7.75, 8], "texture": "#2"}
			}
		},
		{
			"from": [3, 0, 11],
			"to": [5, 6, 13],
			"rotation": {"angle": 0, "axis": "y", "origin": [0, 0, 16]},
			"faces": {
				"north": {"uv": [6.75, 3, 7.25, 4.5], "texture": "#2"},
				"east": {"uv": [6.75, 6, 7.25, 7.5], "texture": "#2"},
				"south": {"uv": [1, 7, 1.5, 8.5], "texture": "#2"},
				"west": {"uv": [1.5, 7, 2, 8.5], "texture": "#2"},
				"up": {"uv": [7, 8.25, 6.5, 7.75], "texture": "#2"},
				"down": {"uv": [8.25, 6.5, 7.75, 7], "texture": "#2"}
			}
		},
		{
			"from": [11, 8, 11],
			"to": [13, 12, 13],
			"rotation": {"angle": 0, "axis": "y", "origin": [16, 0, 16]},
			"faces": {
				"north": {"uv": [4, 7.5, 4.5, 8.5], "texture": "#2"},
				"east": {"uv": [4.5, 7.5, 5, 8.5], "texture": "#2"},
				"south": {"uv": [5, 7.5, 5.5, 8.5], "texture": "#2"},
				"west": {"uv": [7.5, 5, 8, 6], "texture": "#2"},
				"up": {"uv": [7.5, 8.5, 7, 8], "texture": "#2"},
				"down": {"uv": [8, 8, 7.5, 8.5], "texture": "#2"}
			}
		},
		{
			"from": [3, 8, 11],
			"to": [5, 12, 13],
			"rotation": {"angle": 0, "axis": "y", "origin": [0, 0, 16]},
			"faces": {
				"north": {"uv": [7, 5, 7.5, 6], "texture": "#2"},
				"east": {"uv": [7.25, 3, 7.75, 4], "texture": "#2"},
				"south": {"uv": [7.25, 6, 7.75, 7], "texture": "#2"},
				"west": {"uv": [7.25, 7, 7.75, 8], "texture": "#2"},
				"up": {"uv": [8.5, 5.5, 8, 5], "texture": "#2"},
				"down": {"uv": [8.5, 5.5, 8, 6], "texture": "#2"}
			}
		},
		{
			"from": [2.5, 12, 11],
			"to": [13.5, 18, 13],
			"faces": {
				"north": {"uv": [2.75, 0, 5.5, 1.5], "texture": "#2"},
				"east": {"uv": [5.75, 6, 6.25, 7.5], "texture": "#2"},
				"south": {"uv": [2.75, 1.5, 5.5, 3], "texture": "#2"},
				"west": {"uv": [6.25, 3, 6.75, 4.5], "texture": "#2"},
				"up": {"uv": [8.25, 2.5, 5.5, 2], "texture": "#2"},
				"down": {"uv": [8.25, 2.5, 5.5, 3], "texture": "#2"}
			}
		},
		{
			"from": [2.5, 6, 2.5],
			"to": [13.5, 8, 13.5],
			"faces": {
				"north": {"uv": [5.5, 0, 8.25, 0.5], "texture": "#2"},
				"east": {"uv": [5.5, 0.5, 8.25, 1], "texture": "#2"},
				"south": {"uv": [5.5, 1, 8.25, 1.5], "texture": "#2"},
				"west": {"uv": [5.5, 1.5, 8.25, 2], "texture": "#2"},
				"up": {"uv": [2.75, 2.75, 0, 0], "texture": "#2"},
				"down": {"uv": [2.75, 2.75, 0, 5.5], "texture": "#2"}
			}
		},
		{
			"from": [4.5, 5, 4.5],
			"to": [11.5, 6, 11.5],
			"faces": {
				"north": {"uv": [7.25, 4, 9, 4.25], "texture": "#2"},
				"east": {"uv": [7.25, 4.25, 9, 4.5], "texture": "#2"},
				"south": {"uv": [5.5, 7.5, 7.25, 7.75], "texture": "#2"},
				"west": {"uv": [7.75, 3, 9.5, 3.25], "texture": "#2"},
				"up": {"uv": [4.5, 4.75, 2.75, 3], "texture": "#2"},
				"down": {"uv": [6.25, 3, 4.5, 4.75], "texture": "#2"}
			}
		},
		{
			"from": [4, 18.2, 10.8],
			"to": [9, 18.2, 13.2],
			"faces": {
				"north": {"uv": [0, 0, 1.25, 0], "texture": "#2", "tintindex": 0},
				"east": {"uv": [0, 0, 0.5, 0], "texture": "#2"},
				"south": {"uv": [0, 0, 1.25, 0], "texture": "#2", "tintindex": 0},
				"west": {"uv": [0, 0, 0.5, 0], "texture": "#2"},
				"up": {"uv": [5.25, 7.5, 4, 7], "texture": "#2", "tintindex": 0},
				"down": {"uv": [8.25, 4.5, 7, 5], "texture": "#2", "tintindex": 0}
			}
		},
		{
			"from": [4, 9.2, 13.2],
			"to": [9, 18.2, 13.2],
			"faces": {
				"north": {"uv": [2.75, 4.75, 4, 7], "texture": "#2", "tintindex": 0},
				"east": {"uv": [0, 0, 0, 2.25], "texture": "#2"},
				"south": {"uv": [4, 4.75, 5.25, 7], "texture": "#2", "tintindex": 0},
				"west": {"uv": [0, 0, 0, 2.25], "texture": "#2"},
				"up": {"uv": [1.25, 0, 0, 0], "texture": "#2", "tintindex": 0},
				"down": {"uv": [1.25, 0, 0, 0], "texture": "#2", "tintindex": 0}
			}
		},
		{
			"from": [4, 13.2, 10.8],
			"to": [9, 18.2, 10.8],
			"faces": {
				"north": {"uv": [5.25, 4.75, 6.5, 6], "texture": "#2", "tintindex": 0},
				"east": {"uv": [0, 0, 0, 1.25], "texture": "#2"},
				"south": {"uv": [0, 5.5, 1.25, 6.75], "texture": "#2", "tintindex": 0},
				"west": {"uv": [0, 0, 0, 1.25], "texture": "#2"},
				"up": {"uv": [1.25, 0, 0, 0], "texture": "#2", "tintindex": 0},
				"down": {"uv": [1.25, 0, 0, 0], "texture": "#2", "tintindex": 0}
			}
		}
	],
	"display": {
		"thirdperson_righthand": {
			"rotation": [75, 45, 0],
			"translation": [0, 2.5, 0],
			"scale": [0.375, 0.375, 0.375]
		},
		"thirdperson_lefthand": {
			"rotation": [75, 45, 0],
			"translation": [0, 2.5, 0],
			"scale": [0.375, 0.375, 0.375]
		},
		"firstperson_righthand": {
			"rotation": [0, 45, 0],
			"scale": [0.4, 0.4, 0.4]
		},
		"firstperson_lefthand": {
			"rotation": [0, 225, 0],
			"scale": [0.4, 0.4, 0.4]
		},
		"ground": {
			"translation": [0, 3, 0],
			"scale": [0.25, 0.25, 0.25]
		},
		"gui": {
			"rotation": [30, 225, 0],
			"scale": [0.625, 0.625, 0.625]
		},
		"fixed": {
			"rotation": [-90, 0, 0],
			"translation": [0, 0, -16],
			"scale": [2, 2, 2]
		}
	}
}