{
	"credit": "Made with Blockbench",
	"texture_size": [128, 128],
	"textures": {
		"2": "glorious:item/hotel/classic_hotel_bar_counter_turn"
	},
	"elements": [
		{
			"from": [0, 14, 0],
			"to": [18, 16, 18],
			"faces": {
				"north": {"uv": [8.5, 4.625, 10.75, 4.875], "texture": "#2"},
				"east": {"uv": [8.5, 4.875, 10.75, 5.125], "texture": "#2"},
				"south": {"uv": [8.5, 5.125, 10.75, 5.375], "texture": "#2"},
				"west": {"uv": [8.5, 5.375, 10.75, 5.625], "texture": "#2"},
				"up": {"uv": [2.25, 5.25, 0, 3], "texture": "#2"},
				"down": {"uv": [4.5, 3, 2.25, 5.25], "texture": "#2"}
			}
		},
		{
			"from": [8, 2, 0],
			"to": [16, 14, 16],
			"faces": {
				"north": {"uv": [7.5, 2.875, 8.5, 4.375], "texture": "#2"},
				"east": {"uv": [4.25, 0, 6.25, 1.5], "texture": "#2"},
				"south": {"uv": [7.5, 4.375, 8.5, 5.875], "texture": "#2"},
				"west": {"uv": [4.25, 1.5, 6.25, 3], "texture": "#2"},
				"up": {"uv": [1, 8.125, 0, 6.125], "texture": "#2"},
				"down": {"uv": [2, 6.125, 1, 8.125], "texture": "#2"}
			}
		},
		{
			"from": [16, 2, 0],
			"to": [23, 9, 16],
			"faces": {
				"north": {"uv": [8.125, 1, 9, 1.875], "texture": "#2"},
				"east": {"uv": [6.25, 2, 8.25, 2.875], "texture": "#2"},
				"south": {"uv": [8.25, 1.875, 9.125, 2.75], "texture": "#2"},
				"west": {"uv": [4.75, 6.75, 6.75, 7.625], "texture": "#2"},
				"up": {"uv": [7.625, 8.75, 6.75, 6.75], "texture": "#2"},
				"down": {"uv": [8.125, 0, 7.25, 2], "texture": "#2"}
			}
		},
		{
			"from": [0, 2, 16],
			"to": [23, 9, 23],
			"faces": {
				"north": {"uv": [4.5, 5, 7.375, 5.875], "texture": "#2"},
				"east": {"uv": [7.625, 8.25, 8.5, 9.125], "texture": "#2"},
				"south": {"uv": [0, 5.25, 2.875, 6.125], "texture": "#2"},
				"west": {"uv": [8.5, 2.75, 9.375, 3.625], "texture": "#2"},
				"up": {"uv": [5.75, 6.75, 2.875, 5.875], "texture": "#2"},
				"down": {"uv": [8.625, 5.875, 5.75, 6.75], "texture": "#2"}
			}
		},
		{
			"from": [16, 9, 0],
			"to": [24, 11, 16],
			"faces": {
				"north": {"uv": [2.875, 5.25, 3.875, 5.5], "texture": "#2"},
				"east": {"uv": [8.625, 6.125, 10.625, 6.375], "texture": "#2"},
				"south": {"uv": [2.875, 5.5, 3.875, 5.75], "texture": "#2"},
				"west": {"uv": [8.625, 6.375, 10.625, 6.625], "texture": "#2"},
				"up": {"uv": [7.25, 2, 6.25, 0], "texture": "#2"},
				"down": {"uv": [3, 6.75, 2, 8.75], "texture": "#2"}
			}
		},
		{
			"from": [0, 9, 16],
			"to": [24, 11, 24],
			"faces": {
				"north": {"uv": [8.5, 3.625, 11.5, 3.875], "texture": "#2"},
				"east": {"uv": [8.625, 6.625, 9.625, 6.875], "texture": "#2"},
				"south": {"uv": [8.5, 3.875, 11.5, 4.125], "texture": "#2"},
				"west": {"uv": [8.625, 6.875, 9.625, 7.125], "texture": "#2"},
				"up": {"uv": [7.5, 4, 4.5, 3], "texture": "#2"},
				"down": {"uv": [7.5, 4, 4.5, 5], "texture": "#2"}
			}
		},
		{
			"from": [0, 2, 8],
			"to": [8, 14, 16],
			"faces": {
				"north": {"uv": [4.75, 7.625, 5.75, 9.125], "texture": "#2"},
				"east": {"uv": [5.75, 7.625, 6.75, 9.125], "texture": "#2"},
				"south": {"uv": [7.625, 6.75, 8.625, 8.25], "texture": "#2"},
				"west": {"uv": [0, 8.125, 1, 9.625], "texture": "#2"},
				"up": {"uv": [9.125, 1, 8.125, 0], "texture": "#2"},
				"down": {"uv": [2, 8.125, 1, 9.125], "texture": "#2"}
			}
		},
		{
			"from": [7, 0, 0],
			"to": [24, 2, 24],
			"faces": {
				"north": {"uv": [8.5, 8.5, 10.625, 8.75], "texture": "#2"},
				"east": {"uv": [8.5, 4.125, 11.5, 4.375], "texture": "#2"},
				"south": {"uv": [8.625, 5.875, 10.75, 6.125], "texture": "#2"},
				"west": {"uv": [8.5, 4.375, 11.5, 4.625], "texture": "#2"},
				"up": {"uv": [2.125, 3, 0, 0], "texture": "#2"},
				"down": {"uv": [4.25, 0, 2.125, 3], "texture": "#2"}
			}
		},
		{
			"from": [0, 0, 7],
			"to": [7, 2, 24],
			"faces": {
				"north": {"uv": [2, 6.125, 2.875, 6.375], "texture": "#2"},
				"east": {"uv": [8.5, 5.625, 10.625, 5.875], "texture": "#2"},
				"south": {"uv": [2, 6.375, 2.875, 6.625], "texture": "#2"},
				"west": {"uv": [8.5, 8.25, 10.625, 8.5], "texture": "#2"},
				"up": {"uv": [3.875, 8.875, 3, 6.75], "texture": "#2"},
				"down": {"uv": [4.75, 6.75, 3.875, 8.875], "texture": "#2"}
			}
		}
	],
	"display": {
		"thirdperson_righthand": {
			"rotation": [75, 45, 0],
			"translation": [0, 2.5, 0],
			"scale": [0.375, 0.375, 0.375]
		},
		"thirdperson_lefthand": {
			"rotation": [75, 45, 0],
			"translation": [0, 2.5, 0],
			"scale": [0.375, 0.375, 0.375]
		},
		"firstperson_righthand": {
			"rotation": [0, 45, 0],
			"scale": [0.4, 0.4, 0.4]
		},
		"firstperson_lefthand": {
			"rotation": [0, 225, 0],
			"scale": [0.4, 0.4, 0.4]
		},
		"ground": {
			"translation": [0, 3, 0],
			"scale": [0.25, 0.25, 0.25]
		},
		"gui": {
			"rotation": [30, 225, 0],
			"translation": [2.5, 0, 0],
			"scale": [0.4, 0.4, 0.4]
		},
		"fixed": {
			"rotation": [-90, 0, 0],
			"translation": [0, 0, -16],
			"scale": [2, 2, 2]
		}
	}
}