{
	"credit": "Made with Blockbench",
	"textures": {
		"2": "block/stripped_oak_log",
		"4": "block/oak_log",
		"particle": "block/oak_log_top"
	},
	"elements": [
		{
			"from": [3, 0, 11],
			"to": [5, 16, 13],
			"rotation": {"angle": 0, "axis": "y", "origin": [3, 0, 13]},
			"faces": {
				"north": {"uv": [11, 0, 13, 16], "texture": "#4"},
				"east": {"uv": [11, 0, 13, 16], "texture": "#4"},
				"south": {"uv": [11, 0, 13, 16], "texture": "#4"},
				"west": {"uv": [11, 0, 13, 16], "texture": "#4"},
				"up": {"uv": [3, 0, 5, 2], "rotation": 90, "texture": "#4"},
				"down": {"uv": [3, 0, 5, 2], "rotation": 90, "texture": "#4"}
			}
		},
		{
			"from": [3, 16, 11],
			"to": [5, 22, 13],
			"rotation": {"angle": 0, "axis": "y", "origin": [3, 16, 13]},
			"faces": {
				"north": {"uv": [10, 0, 12, 6], "texture": "#4"},
				"east": {"uv": [10, 0, 12, 6], "texture": "#4"},
				"south": {"uv": [10, 0, 12, 6], "texture": "#4"},
				"west": {"uv": [10, 0, 12, 6], "texture": "#4"},
				"up": {"uv": [9, 7, 11, 9], "rotation": 270, "texture": "#particle"},
				"down": {"uv": [9, 7, 11, 9], "rotation": 270, "texture": "#particle"}
			}
		},
		{
			"from": [11, 0, 3],
			"to": [13, 8, 5],
			"rotation": {"angle": 0, "axis": "y", "origin": [11, 0, 5]},
			"faces": {
				"north": {"uv": [0, 0, 2, 8], "texture": "#4"},
				"east": {"uv": [0, 0, 2, 8], "texture": "#4"},
				"south": {"uv": [0, 0, 2, 8], "texture": "#4"},
				"west": {"uv": [0, 0, 2, 8], "texture": "#4"},
				"up": {"uv": [0, 0, 2, 2], "rotation": 90, "texture": "#4"},
				"down": {"uv": [0, 0, 2, 2], "rotation": 90, "texture": "#4"}
			}
		},
		{
			"from": [3, 0, 3],
			"to": [5, 8, 5],
			"rotation": {"angle": 0, "axis": "y", "origin": [3, 0, 5]},
			"faces": {
				"north": {"uv": [1, 0, 3, 8], "texture": "#4"},
				"east": {"uv": [1, 0, 3, 8], "texture": "#4"},
				"south": {"uv": [1, 0, 3, 8], "texture": "#4"},
				"west": {"uv": [1, 0, 3, 8], "texture": "#4"},
				"up": {"uv": [1, 0, 3, 2], "rotation": 90, "texture": "#4"},
				"down": {"uv": [1, 0, 3, 2], "rotation": 90, "texture": "#4"}
			}
		},
		{
			"from": [3, 8, 3],
			"to": [13, 10, 11],
			"rotation": {"angle": 0, "axis": "y", "origin": [2, 9, 14]},
			"faces": {
				"north": {"uv": [0, 0, 2, 10], "rotation": 90, "texture": "#2"},
				"east": {"uv": [0, 0, 8, 2], "texture": "#2"},
				"south": {"uv": [0, 0, 10, 2], "texture": "#2"},
				"west": {"uv": [0, 0, 8, 2], "texture": "#2"},
				"up": {"uv": [0, 0, 8, 10], "rotation": 270, "texture": "#2"},
				"down": {"uv": [8, 0, 16, 10], "rotation": 270, "texture": "#2"}
			}
		},
		{
			"from": [5, 8, 11],
			"to": [11, 10, 13],
			"rotation": {"angle": 0, "axis": "y", "origin": [2, 9, 14]},
			"faces": {
				"north": {"uv": [0, 0, 6, 2], "texture": "#2"},
				"east": {"uv": [0, 0, 2, 2], "texture": "#2"},
				"south": {"uv": [0, 0, 2, 6], "rotation": 90, "texture": "#2"},
				"west": {"uv": [0, 0, 2, 2], "texture": "#2"},
				"up": {"uv": [14, 9, 16, 15], "rotation": 270, "texture": "#2"},
				"down": {"uv": [14, 9, 16, 15], "rotation": 270, "texture": "#2"}
			}
		},
		{
			"from": [5, 14, 11],
			"to": [11, 16, 13],
			"rotation": {"angle": 0, "axis": "y", "origin": [10, 14, 17]},
			"faces": {
				"north": {"uv": [2, 0, 4, 6], "rotation": 90, "texture": "#2"},
				"east": {"uv": [0, 0, 2, 2], "texture": "#4"},
				"south": {"uv": [0, 0, 2, 6], "rotation": 90, "texture": "#2"},
				"west": {"uv": [0, 0, 2, 2], "texture": "#4"},
				"up": {"uv": [4, 0, 6, 6], "rotation": 90, "texture": "#2"},
				"down": {"uv": [6, 0, 8, 6], "rotation": 90, "texture": "#2"}
			}
		},
		{
			"from": [5, 18, 11],
			"to": [11, 20, 13],
			"rotation": {"angle": 0, "axis": "y", "origin": [2, 19, 14]},
			"faces": {
				"north": {"uv": [8, 6, 10, 12], "rotation": 90, "texture": "#2"},
				"east": {"uv": [0, 0, 2, 2], "texture": "#4"},
				"south": {"uv": [6, 6, 8, 12], "rotation": 90, "texture": "#2"},
				"west": {"uv": [0, 0, 2, 2], "texture": "#4"},
				"up": {"uv": [10, 6, 12, 12], "rotation": 90, "texture": "#2"},
				"down": {"uv": [12, 6, 14, 12], "rotation": 90, "texture": "#2"}
			}
		},
		{
			"from": [3, 4, 5],
			"to": [5, 6, 11],
			"rotation": {"angle": 0, "axis": "y", "origin": [4, 4, 11]},
			"faces": {
				"north": {"uv": [5, 0, 7, 6], "rotation": 90, "texture": "#4"},
				"east": {"uv": [5, 0, 7, 6], "rotation": 90, "texture": "#4"},
				"south": {"uv": [5, 0, 7, 6], "rotation": 90, "texture": "#4"},
				"west": {"uv": [5, 0, 7, 6], "rotation": 90, "texture": "#4"},
				"up": {"uv": [5, 0, 7, 6], "texture": "#4"},
				"down": {"uv": [5, 0, 7, 6], "rotation": 90, "texture": "#4"}
			}
		},
		{
			"from": [5, 4, 11],
			"to": [11, 6, 13],
			"rotation": {"angle": 0, "axis": "y", "origin": [10, 4, 17]},
			"faces": {
				"north": {"uv": [4, 0, 6, 6], "rotation": 90, "texture": "#4"},
				"east": {"uv": [4, 0, 6, 6], "rotation": 90, "texture": "#4"},
				"south": {"uv": [4, 0, 6, 6], "rotation": 90, "texture": "#4"},
				"west": {"uv": [4, 0, 6, 6], "rotation": 90, "texture": "#4"},
				"up": {"uv": [4, 0, 6, 6], "rotation": 90, "texture": "#4"},
				"down": {"uv": [4, 0, 6, 6], "rotation": 90, "texture": "#4"}
			}
		},
		{
			"from": [11, 4, 5],
			"to": [13, 6, 11],
			"rotation": {"angle": 0, "axis": "y", "origin": [11, 4, 11]},
			"faces": {
				"north": {"uv": [4, 0, 6, 6], "rotation": 90, "texture": "#4"},
				"east": {"uv": [4, 0, 6, 6], "rotation": 90, "texture": "#4"},
				"south": {"uv": [4, 0, 6, 6], "rotation": 90, "texture": "#4"},
				"west": {"uv": [4, 0, 6, 6], "rotation": 90, "texture": "#4"},
				"up": {"uv": [4, 0, 6, 6], "texture": "#4"},
				"down": {"uv": [4, 0, 6, 6], "rotation": 90, "texture": "#4"}
			}
		},
		{
			"from": [5, 4, 3],
			"to": [11, 6, 5],
			"rotation": {"angle": 0, "axis": "y", "origin": [10, 4, 10]},
			"faces": {
				"north": {"uv": [1, 0, 3, 6], "rotation": 90, "texture": "#4"},
				"east": {"uv": [1, 0, 3, 6], "rotation": 90, "texture": "#4"},
				"south": {"uv": [1, 0, 3, 6], "rotation": 90, "texture": "#4"},
				"west": {"uv": [1, 0, 3, 6], "rotation": 90, "texture": "#4"},
				"up": {"uv": [1, 0, 3, 6], "rotation": 90, "texture": "#4"},
				"down": {"uv": [1, 0, 3, 6], "rotation": 90, "texture": "#4"}
			}
		},
		{
			"from": [11, 0, 11],
			"to": [13, 16, 13],
			"rotation": {"angle": 0, "axis": "y", "origin": [11, 0, 13]},
			"faces": {
				"north": {"uv": [5, 0, 7, 16], "texture": "#4"},
				"east": {"uv": [5, 0, 7, 16], "texture": "#4"},
				"south": {"uv": [5, 0, 7, 16], "texture": "#4"},
				"west": {"uv": [5, 0, 7, 16], "texture": "#4"},
				"up": {"uv": [5, 0, 7, 2], "rotation": 90, "texture": "#4"},
				"down": {"uv": [5, 0, 7, 2], "rotation": 90, "texture": "#4"}
			}
		},
		{
			"from": [11, 16, 11],
			"to": [13, 22, 13],
			"rotation": {"angle": 0, "axis": "y", "origin": [11, 16, 13]},
			"faces": {
				"north": {"uv": [4, 0, 6, 6], "texture": "#4"},
				"east": {"uv": [4, 0, 6, 6], "texture": "#4"},
				"south": {"uv": [4, 0, 6, 6], "texture": "#4"},
				"west": {"uv": [4, 0, 6, 6], "texture": "#4"},
				"up": {"uv": [7, 7, 9, 9], "rotation": 180, "texture": "#particle"},
				"down": {"uv": [7, 7, 9, 9], "rotation": 270, "texture": "#particle"}
			}
		}
	],
	"display": {
		"thirdperson_righthand": {
			"scale": [0.5, 0.5, 0.5]
		},
		"thirdperson_lefthand": {
			"scale": [0.5, 0.5, 0.5]
		},
		"firstperson_righthand": {
			"rotation": [0, 16, 0],
			"scale": [0.5, 0.5, 0.5]
		},
		"firstperson_lefthand": {
			"rotation": [0, 16, 0],
			"scale": [0.5, 0.5, 0.5]
		},
		"ground": {
			"translation": [0, 2.25, 0],
			"scale": [0.5, 0.5, 0.5]
		},
		"gui": {
			"rotation": [15, 145, 0],
			"translation": [0, -2.25, 0],
			"scale": [0.5, 0.5, 0.5]
		},
		"head": {
			"translation": [0, 10.5, 0],
			"scale": [0.5, 0.5, 0.5]
		},
		"fixed": {
			"rotation": [-90, 0, 0],
			"translation": [0, 0, -16],
			"scale": [2, 2, 2]
		}
	}
}