{"textures":{"1":"custom:entity/project/texture"},"elements":[{"faces":{"north":{"uv":[8,7.75,8.5,9.5],"texture":"#1","tintindex":0},"east":{"uv":[7.5,7.75,8,9.5],"texture":"#1","tintindex":0},"south":{"uv":[9,7.75,9.5,9.5],"texture":"#1","tintindex":0},"west":{"uv":[8.5,7.75,9,9.5],"texture":"#1","tintindex":0},"up":{"uv":[8.5,7.75,8,7.25],"texture":"#1","tintindex":0},"down":{"uv":[9,7.25,8.5,7.75],"texture":"#1","tintindex":0}},"to":[8.8,5,8.8],"from":[7.2,-0.6,7.2],"rotation":{"angle":0,"axis":"y","origin":[6.6,-0.6,10]}},{"faces":{"north":{"uv":[0.125,0.125,0.625,0.625],"texture":"#1","tintindex":0},"east":{"uv":[0,0.125,0.125,0.625],"texture":"#1","tintindex":0},"south":{"uv":[0.75,0.125,1.25,0.625],"texture":"#1","tintindex":0},"west":{"uv":[0.625,0.125,0.75,0.625],"texture":"#1","tintindex":0},"up":{"uv":[0.625,0.125,0.125,0],"texture":"#1","tintindex":0},"down":{"uv":[1.125,0,0.625,0.125],"texture":"#1","tintindex":0}},"to":[8.8,4.2,7.2],"from":[7.2,2.6,6.8],"rotation":{"angle":0,"axis":"y","origin":[6.6,-0.6,10]}}],"display":{"head":{"translation":[0,5.6,0],"scale":[4,4,4],"rotation":[0,0,0]}}}