{
 "custom.adventuregear.grappleair": {
  "sounds": [
   "custom/adventuregear/grappleair"
  ]
 },
 "custom.adventuregear.grappleairfaster": {
  "sounds": [
   "custom/adventuregear/grappleairfaster"
  ]
 },
 "custom.adventuregear.grapplehitrock": {
  "sounds": [
   "custom/adventuregear/grapplehitrock"
  ]
 },
 "custom.adventuregear.grapplemiss": {
  "sounds": [
   "custom/adventuregear/grapplemiss"
  ]
 },
 "custom.adventuregear.grapplereload": {
  "sounds": [
   "custom/adventuregear/grapplereload"
  ]
 },
 "custom.adventuregear.grapplereloadfinish": {
  "sounds": [
   "custom/adventuregear/grapplereloadfinish"
  ]
 },
 "custom.adventuregear.parachutefall": {
  "sounds": [
   "custom/adventuregear/parachutefall"
  ]
 },
 "custom.adventuregear.parachutetakeoff": {
  "sounds": [
   "custom/adventuregear/parachutetakeoff"
  ]
 },
 "custom.adventuregear.pickclimb": {
  "sounds": [
   "custom/adventuregear/pickclimb"
  ]
 },
 "custom.adventuregear.parachuteimpact": {
  "sounds": [
   "custom/adventuregear/parachuteimpact"
  ]
 }
}