{"textures":{"0":"glorious:entity/nocsy_cat3"},"elements":[{"from":[7.04516,6.298174,7.155713],"to":[8.588017,8.41246,8.69857],"rotation":{"angle":0.0,"axis":"y","origin":[7.8165884,6.868406,7.7583175]},"faces":{"east":{"uv":[5.0,9.75,5.75,10.75],"rotation":0,"texture":"#0","tintindex":0},"south":{"uv":[6.0,9.75,6.75,10.75],"rotation":0,"texture":"#0","tintindex":0},"north":{"uv":[9.5,3.5,10.25,4.5],"rotation":0,"texture":"#0","tintindex":0},"west":{"uv":[9.75,6.25,10.5,7.25],"rotation":0,"texture":"#0","tintindex":0},"up":{"uv":[11.25,2.75,10.5,2.0],"rotation":0,"texture":"#0","tintindex":0},"down":{"uv":[3.75,10.5,3.0,11.25],"rotation":0,"texture":"#0","tintindex":0}}}],"display":{"head":{"translation":[0.0,-6.4,0.0],"scale":[4.0,4.0,4.0]}}}