{
	"credit": "Made with Blockbench",
	"texture_size": [32, 32],
	"textures": {
		"1": "glorious:item/furniture/boulder"
	},
	"elements": [
		{
			"from": [8, -0.3, 8],
			"to": [13, 4.7, 13],
			"faces": {
				"north": {"uv": [4, 8, 6.5, 10.5], "texture": "#1"},
				"east": {"uv": [8, 4, 10.5, 6.5], "texture": "#1"},
				"south": {"uv": [6.5, 8, 9, 10.5], "texture": "#1"},
				"west": {"uv": [9, 6.5, 11.5, 9], "texture": "#1"},
				"up": {"uv": [11.5, 11.5, 9, 9], "texture": "#1"},
				"down": {"uv": [6.5, 10.5, 4, 13], "texture": "#1"}
			}
		},
		{
			"from": [3, -0.2, 3],
			"to": [11, 7.8, 11],
			"faces": {
				"north": {"uv": [0, 0, 4, 4], "texture": "#1"},
				"east": {"uv": [0, 4, 4, 8], "texture": "#1"},
				"south": {"uv": [4, 0, 8, 4], "texture": "#1"},
				"west": {"uv": [4, 4, 8, 8], "texture": "#1"},
				"up": {"uv": [4, 12, 0, 8], "texture": "#1"},
				"down": {"uv": [12, 0, 8, 4], "texture": "#1"}
			}
		}
	],
	"display": {
		"thirdperson_righthand": {
			"rotation": [75, 45, 0],
			"translation": [0, 2.5, 0],
			"scale": [0.375, 0.375, 0.375]
		},
		"thirdperson_lefthand": {
			"rotation": [75, 45, 0],
			"translation": [0, 2.5, 0],
			"scale": [0.375, 0.375, 0.375]
		},
		"firstperson_righthand": {
			"rotation": [0, 45, 0],
			"scale": [0.4, 0.4, 0.4]
		},
		"firstperson_lefthand": {
			"rotation": [0, 225, 0],
			"scale": [0.4, 0.4, 0.4]
		},
		"ground": {
			"translation": [0, 3, 0],
			"scale": [0.25, 0.25, 0.25]
		},
		"gui": {
			"rotation": [30, 225, 0],
			"scale": [0.625, 0.625, 0.625]
		},
		"fixed": {
			"rotation": [-89, 0, 0],
			"translation": [0, 0, -15.5],
			"scale": [2, 2, 2]
		}
	}
}