{"textures":{"particle":"glorious:item/mc/gfx_safesilver"},"elements":[{"from":[1,2,2],"to":[15,16,16],"rotation":{"angle":0,"axis":"y","origin":[9,10,10]},"faces":{"north":{"uv":[3.75,3.75,7.25,7.25],"texture":"#particle"},"east":{"uv":[0.25,3.75,3.75,7.25],"texture":"#particle"},"south":{"uv":[10.75,3.75,14.25,7.25],"texture":"#particle"},"west":{"uv":[7.25,3.75,10.75,7.25],"texture":"#particle"},"up":{"uv":[7.25,3.75,3.75,0.25],"texture":"#particle"},"down":{"uv":[7.25,10.75,3.75,7.25],"texture":"#particle"}}},{"from":[10,8,0],"to":[12,10,2],"rotation":{"angle":0,"axis":"y","origin":[10,10,9]},"faces":{"north":{"uv":[0.75,2.25,1.25,2.75],"texture":"#particle"},"east":{"uv":[0.25,2.25,0.75,2.75],"texture":"#particle"},"west":{"uv":[1.25,2.25,1.75,2.75],"texture":"#particle"},"up":{"uv":[1.25,2.25,0.75,1.75],"texture":"#particle"},"down":{"uv":[1.25,3.25,0.75,2.75],"texture":"#particle"}}},{"from":[5,8,0],"to":[7,10,1],"rotation":{"angle":0,"axis":"y","origin":[5,10,8]},"faces":{"north":{"uv":[2.5,2.25,3,2.75],"texture":"#particle"},"east":{"uv":[2.25,2.25,2.5,2.75],"texture":"#particle"},"west":{"uv":[3,2.25,3.25,2.75],"texture":"#particle"},"up":{"uv":[3,2.25,2.5,2],"texture":"#particle"},"down":{"uv":[3,3,2.5,2.75],"texture":"#particle"}}},{"from":[4.5,7.5,1],"to":[7.5,10.5,2],"rotation":{"angle":0,"axis":"y","origin":[4.5,9.5,9]},"faces":{"north":{"uv":[0.5,8,1.25,8.75],"texture":"#particle"},"east":{"uv":[0.25,8,0.5,8.75],"texture":"#particle"},"west":{"uv":[1.25,8,1.5,8.75],"texture":"#particle"},"up":{"uv":[1.25,8,0.5,7.75],"texture":"#particle"},"down":{"uv":[1.25,9,0.5,8.75],"texture":"#particle"}}},{"from":[10.5,6,0.5],"to":[11.5,12,1.5],"rotation":{"angle":0,"axis":"y","origin":[11,9,1]},"faces":{"north":{"uv":[2.25,8,2.5,9.5],"texture":"#particle"},"east":{"uv":[2,8,2.25,9.5],"texture":"#particle"},"south":{"uv":[2.75,8,3,9.5],"texture":"#particle"},"west":{"uv":[2.5,8,2.75,9.5],"texture":"#particle"},"up":{"uv":[2.5,8,2.25,7.75],"texture":"#particle"},"down":{"uv":[2.5,9.75,2.25,9.5],"texture":"#particle"}}},{"from":[8,8.5,0.5],"to":[14,9.5,1.5],"rotation":{"angle":0,"axis":"z","origin":[11,9,1]},"faces":{"north":{"uv":[2.25,8,2.5,9.5],"rotation":90,"texture":"#particle"},"east":{"uv":[2.5,9.75,2.25,9.5],"rotation":270,"texture":"#particle"},"south":{"uv":[2.75,8,3,9.5],"rotation":270,"texture":"#particle"},"west":{"uv":[2.5,8,2.25,7.75],"rotation":270,"texture":"#particle"},"up":{"uv":[2,8,2.25,9.5],"rotation":270,"texture":"#particle"},"down":{"uv":[2.5,8,2.75,9.5],"rotation":270,"texture":"#particle"}}},{"from":[1,0,2],"to":[3,2,4],"rotation":{"angle":0,"axis":"y","origin":[9,8,10]},"faces":{"north":{"uv":[0.75,0.25,1.25,0.75],"texture":"#particle"},"east":{"uv":[0.25,0.25,0.75,0.75],"texture":"#particle"},"south":{"uv":[1.75,0.25,2.25,0.75],"texture":"#particle"},"west":{"uv":[1.25,0.25,1.75,0.75],"texture":"#particle"},"down":{"uv":[1.25,1.25,0.75,0.75],"texture":"#particle"}}},{"from":[1,0,14],"to":[3,2,16],"rotation":{"angle":0,"axis":"y","origin":[9,8,22]},"faces":{"north":{"uv":[0.75,0.25,1.25,0.75],"texture":"#particle"},"east":{"uv":[0.25,0.25,0.75,0.75],"texture":"#particle"},"south":{"uv":[1.75,0.25,2.25,0.75],"texture":"#particle"},"west":{"uv":[1.25,0.25,1.75,0.75],"texture":"#particle"},"down":{"uv":[1.25,1.25,0.75,0.75],"texture":"#particle"}}},{"from":[13,0,2],"to":[15,2,4],"rotation":{"angle":0,"axis":"y","origin":[21,8,10]},"faces":{"north":{"uv":[0.75,0.25,1.25,0.75],"texture":"#particle"},"east":{"uv":[0.25,0.25,0.75,0.75],"texture":"#particle"},"south":{"uv":[1.75,0.25,2.25,0.75],"texture":"#particle"},"west":{"uv":[1.25,0.25,1.75,0.75],"texture":"#particle"},"down":{"uv":[1.25,1.25,0.75,0.75],"texture":"#particle"}}},{"from":[13,0,14],"to":[15,2,16],"rotation":{"angle":0,"axis":"y","origin":[21,8,22]},"faces":{"north":{"uv":[0.75,0.25,1.25,0.75],"texture":"#particle"},"east":{"uv":[0.25,0.25,0.75,0.75],"texture":"#particle"},"south":{"uv":[1.75,0.25,2.25,0.75],"texture":"#particle"},"west":{"uv":[1.25,0.25,1.75,0.75],"texture":"#particle"},"down":{"uv":[1.25,1.25,0.75,0.75],"texture":"#particle"}}},{"from":[1,10,1],"to":[2,13,2],"rotation":{"angle":0,"axis":"y","origin":[9,19,9]},"faces":{"north":{"uv":[0.5,9.75,0.75,10.5],"texture":"#particle"},"east":{"uv":[0.25,9.75,0.5,10.5],"texture":"#particle"},"west":{"uv":[0.75,9.75,1,10.5],"texture":"#particle"},"up":{"uv":[0.75,9.75,0.5,9.5],"texture":"#particle"},"down":{"uv":[0.75,10.75,0.5,10.5],"texture":"#particle"}}},{"from":[1,3,1],"to":[2,6,2],"rotation":{"angle":0,"axis":"y","origin":[9,12,9]},"faces":{"north":{"uv":[0.5,9.75,0.75,10.5],"texture":"#particle"},"east":{"uv":[0.25,9.75,0.5,10.5],"texture":"#particle"},"west":{"uv":[0.75,9.75,1,10.5],"texture":"#particle"},"up":{"uv":[0.75,9.75,0.5,9.5],"texture":"#particle"},"down":{"uv":[0.75,10.75,0.5,10.5],"texture":"#particle"}}},{"from":[2,16,9],"to":[8,18,12],"rotation":{"angle":22.5,"axis":"y","origin":[5,17,5.5]},"faces":{"north":{"uv":[8.5,1,10,1.5],"texture":"#particle"},"east":{"uv":[7.75,1,8.5,1.5],"texture":"#particle"},"south":{"uv":[10.75,1,12.25,1.5],"texture":"#particle"},"west":{"uv":[10,1,10.75,1.5],"texture":"#particle"},"up":{"uv":[10,1,8.5,0.25],"texture":"#particle"}}}],"display":{"thirdperson_righthand":{"rotation":[75,45,0],"translation":[0,2.5,0],"scale":[0.375,0.375,0.375]},"thirdperson_lefthand":{"rotation":[75,45,0],"translation":[0,2.5,0],"scale":[0.375,0.375,0.375]},"firstperson_righthand":{"rotation":[0,45,0],"scale":[0.4,0.4,0.4]},"firstperson_lefthand":{"rotation":[0,225,0],"scale":[0.4,0.4,0.4]},"ground":{"translation":[0,1,0],"scale":[0.5,0.5,0.5]},"gui":{"rotation":[30,225,0],"translation":[0,-0.25,0],"scale":[0.625,0.625,0.625]},"fixed":{"rotation":[-90,0,0],"translation":[0,0,-16],"scale":[2,2,2]}}}