{"credit":"Made with Blockbench","texture_size":[64,64],"textures":{"0":"glorious:item/mc/spotlight","1":"glorious:item/mc/spotlight_beam_2","particle":"glorious:item/mc/spotlight"},"elements":[{"from":[5,6.50308,21.62875],"to":[11,12.50308,31.62875],"rotation":{"angle":-22.5,"axis":"x","origin":[0.5,6.50308,19.62875]},"faces":{"north":{"uv":[6.25,6.75,7.75,8.25],"texture":"#0","tintindex":0},"east":{"uv":[5.5,3,3,4.5],"texture":"#0"},"south":{"uv":[4.75,6.75,6.25,8.25],"texture":"#0"},"west":{"uv":[3,3,5.5,4.5],"texture":"#0"},"up":{"uv":[3,4.5,5.5,3],"rotation":90,"texture":"#0"},"down":{"uv":[5.5,4.5,3,3],"rotation":90,"texture":"#0"}}},{"from":[4.5,12.09528,23.7153],"to":[11.5,19.09528,26.7153],"rotation":{"angle":0,"axis":"y","origin":[0,8.09528,21.7153]},"faces":{"north":{"uv":[7.75,6.5,9.5,8.25],"texture":"#0"},"east":{"uv":[7,3,7.75,4.75],"texture":"#0"},"south":{"uv":[7.75,6.5,9.5,8.25],"texture":"#0"},"west":{"uv":[7,3,7.75,4.75],"texture":"#0"},"up":{"uv":[4.75,8.5,3,7.75],"texture":"#0"},"down":{"uv":[9.5,7.5,7.75,8.25],"texture":"#0"}}},{"from":[11.5,12.09528,23.7153],"to":[4.5,19.09528,26.7153],"rotation":{"angle":0,"axis":"y","origin":[0,8.09528,21.7153]},"faces":{"north":{"uv":[7.75,6.5,9.5,8.25],"texture":"#0"},"east":{"uv":[7,3,7.75,4.75],"texture":"#0"},"south":{"uv":[7.75,6.5,9.5,8.25],"texture":"#0"},"west":{"uv":[7,3,7.75,4.75],"texture":"#0"},"up":{"uv":[4.75,8.5,3,7.75],"texture":"#0"},"down":{"uv":[9.5,7.5,7.75,8.25],"texture":"#0"}}},{"from":[11,4.96688,-16],"to":[5,10.96688,22],"rotation":{"angle":-22.5,"axis":"x","origin":[0,4.96688,15.92003]},"faces":{"north":{"uv":[1.5,1.5,3,3],"texture":"#1"},"east":{"uv":[0,1.5,9.5,0],"texture":"#1","tintindex":0},"south":{"uv":[0,1.5,1.5,3],"texture":"#1"},"west":{"uv":[9.5,1.5,0,0],"texture":"#1","tintindex":0},"up":{"uv":[9.5,0,0,1.5],"rotation":90,"texture":"#1","tintindex":0},"down":{"uv":[0,0,9.5,1.5],"rotation":90,"texture":"#1","tintindex":0}}},{"from":[5,-0.39069,-15],"to":[11,5.60931,23],"rotation":{"angle":-22.5,"axis":"x","origin":[0,-0.39069,2.98572]},"faces":{"north":{"uv":[1.5,1.5,3,3],"texture":"#1","tintindex":0},"east":{"uv":[0,1.5,9.5,0],"texture":"#1","tintindex":0},"south":{"uv":[1.5,1.5,3,3],"texture":"#1"},"west":{"uv":[9.5,1.5,0,0],"texture":"#1","tintindex":0},"up":{"uv":[9.5,0,0,1.5],"rotation":90,"texture":"#1","tintindex":0},"down":{"uv":[0,0,9.5,1.5],"rotation":90,"texture":"#1","tintindex":0}}}],"display":{"thirdperson_righthand":{"scale":[2.5,1,1]},"head":{"scale":[2.5,2.75,2.5]}}}