{"textures":{"0":"glorious:entity/nocsy_cat5"},"elements":[{"from":[7.1430087,6.806077,7.2448635],"to":[8.857294,7.948934,8.959149],"rotation":{"angle":0.0,"axis":"y","origin":[10.571428,5.2060766,10.159112]},"faces":{"east":{"uv":[7.625,6.5,8.0,6.75],"rotation":0,"texture":"#0","tintindex":0},"south":{"uv":[7.625,6.875,8.0,7.125],"rotation":0,"texture":"#0","tintindex":0},"north":{"uv":[7.625,6.125,8.0,6.375],"rotation":0,"texture":"#0","tintindex":0},"west":{"uv":[0.0,7.75,0.375,8.0],"rotation":0,"texture":"#0","tintindex":0},"up":{"uv":[2.875,7.625,2.5,7.25],"rotation":0,"texture":"#0","tintindex":0},"down":{"uv":[3.375,7.25,3.0,7.625],"rotation":0,"texture":"#0","tintindex":0}}}],"display":{"head":{"translation":[0.0,-6.4,0.0],"scale":[4.0,4.0,4.0]}}}