{"textures":{"particle":"glorious:item/mc/gfx_football_net"},"elements":[{"from":[-16,0,0],"to":[-14,30,2],"rotation":{"angle":0,"axis":"y","origin":[-7,8,8]},"faces":{"north":{"uv":[0.375,3.875,0.625,7.625],"texture":"#particle"},"east":{"uv":[0.125,3.875,0.375,7.625],"texture":"#particle"},"south":{"uv":[0.875,3.875,1.125,7.625],"texture":"#particle"},"west":{"uv":[0.625,3.875,0.875,7.625],"texture":"#particle"},"down":{"uv":[0.625,7.875,0.375,7.625],"texture":"#particle"}}},{"from":[30,0,0],"to":[32,30,2],"rotation":{"angle":0,"axis":"y","origin":[23,8,8]},"faces":{"north":{"uv":[0.625,3.875,0.375,7.625],"texture":"#particle"},"east":{"uv":[0.875,3.875,0.625,7.625],"texture":"#particle"},"south":{"uv":[1.125,3.875,0.875,7.625],"texture":"#particle"},"west":{"uv":[0.375,3.875,0.125,7.625],"texture":"#particle"},"down":{"uv":[0.375,7.875,0.625,7.625],"texture":"#particle"}}},{"from":[-15,2,2],"to":[-14.99,28,22],"rotation":{"angle":0,"axis":"y","origin":[-7,10,11]},"faces":{"east":{"uv":[3.875,5.125,1.375,8.375],"texture":"#particle"},"west":{"uv":[1.375,5.125,3.875,8.375],"texture":"#particle"}}},{"from":[30.99,2,2],"to":[31,28,22],"rotation":{"angle":0,"axis":"y","origin":[23,10,11]},"faces":{"east":{"uv":[3.875,5.125,1.375,8.375],"texture":"#particle"},"west":{"uv":[1.375,5.125,3.875,8.375],"texture":"#particle"}}},{"from":[-16,2,22],"to":[-14,10,24],"rotation":{"angle":0,"axis":"y","origin":[-7,8,30]},"faces":{"north":{"uv":[0.375,8.125,0.625,9.125],"texture":"#particle"},"east":{"uv":[0.125,8.125,0.375,9.125],"texture":"#particle"},"south":{"uv":[0.875,8.125,1.125,9.125],"texture":"#particle"},"west":{"uv":[0.625,8.125,0.875,9.125],"texture":"#particle"}}},{"from":[30,2,22],"to":[32,10,24],"rotation":{"angle":0,"axis":"y","origin":[23,8,30]},"faces":{"north":{"uv":[0.625,8.125,0.375,9.125],"texture":"#particle"},"east":{"uv":[0.875,8.125,0.625,9.125],"texture":"#particle"},"south":{"uv":[1.125,8.125,0.875,9.125],"texture":"#particle"},"west":{"uv":[0.375,8.125,0.125,9.125],"texture":"#particle"}}},{"from":[-14,1.37329,23.21291],"to":[30,9.37329,23.22291],"rotation":{"angle":0,"axis":"y","origin":[-5,7.37329,30.21291]},"faces":{"north":{"uv":[0.125,13.5,5.625,14.5],"texture":"#particle"},"south":{"uv":[5.625,13.5,0.125,14.5],"texture":"#particle"}}},{"from":[-16,30,0],"to":[32,32,2],"rotation":{"angle":0,"axis":"y","origin":[8,31,1]},"faces":{"north":{"uv":[0.125,0.375,6.125,0.625],"texture":"#particle"},"east":{"uv":[6.375,0.375,6.125,0.625],"texture":"#particle"},"south":{"uv":[6.125,1.125,0.125,0.875],"texture":"#particle"},"west":{"uv":[6.125,0.375,6.375,0.625],"texture":"#particle"},"up":{"uv":[6.125,0.375,0.125,0.125],"texture":"#particle"},"down":{"uv":[6.125,0.875,0.125,0.625],"texture":"#particle"}}},{"from":[-16,0,2],"to":[-14,2,24],"rotation":{"angle":0,"axis":"y","origin":[-15,1,7]},"faces":{"east":{"uv":[4.125,4.875,1.375,4.625],"texture":"#particle"},"south":{"uv":[4.125,4.125,4.375,4.375],"texture":"#particle"},"west":{"uv":[1.375,4.125,4.125,4.375],"texture":"#particle"},"up":{"uv":[4.125,4.125,1.375,3.875],"rotation":270,"texture":"#particle"},"down":{"uv":[4.125,4.625,1.375,4.375],"rotation":90,"texture":"#particle"}}},{"from":[30,0,2],"to":[32,2,24],"rotation":{"angle":0,"axis":"y","origin":[31,1,7]},"faces":{"east":{"uv":[4.125,4.125,1.375,4.375],"texture":"#particle"},"south":{"uv":[4.375,4.125,4.125,4.375],"texture":"#particle"},"west":{"uv":[1.375,4.875,4.125,4.625],"texture":"#particle"},"up":{"uv":[4.125,3.875,1.375,4.125],"rotation":270,"texture":"#particle"},"down":{"uv":[4.125,4.375,1.375,4.625],"rotation":90,"texture":"#particle"}}},{"from":[-15.99375,19.33274,-3.24695],"to":[-13.99375,21.33274,27.86555],"rotation":{"angle":45,"axis":"x","origin":[-14.99375,20.33274,12.25305]},"faces":{"east":{"uv":[4,3.625,0.125,3.375],"texture":"#particle"},"west":{"uv":[0.125,2.875,4,3.125],"texture":"#particle"},"up":{"uv":[4,2.875,0.125,2.625],"rotation":270,"texture":"#particle"},"down":{"uv":[4,3.375,0.125,3.125],"rotation":90,"texture":"#particle"}}},{"from":[29.99375,19.33274,-3.24695],"to":[31.99375,21.33274,27.86555],"rotation":{"angle":45,"axis":"x","origin":[30.99375,20.33274,12.25305]},"faces":{"east":{"uv":[4,2.875,0.125,3.125],"texture":"#particle"},"west":{"uv":[0.125,3.625,4,3.375],"texture":"#particle"},"up":{"uv":[4,2.625,0.125,2.875],"rotation":270,"texture":"#particle"},"down":{"uv":[4,3.125,0.125,3.375],"rotation":90,"texture":"#particle"}}},{"from":[-14,30.58579,1],"to":[30,30.59579,32],"rotation":{"angle":45,"axis":"x","origin":[10,30.58579,2]},"faces":{"up":{"uv":[5.625,9.375,0.125,13.25],"texture":"#particle"},"down":{"uv":[5.625,13.25,0.125,9.375],"texture":"#particle"}}},{"from":[-14,0,22],"to":[30,2,24],"rotation":{"angle":0,"axis":"y","origin":[41,-20,10]},"faces":{"north":{"uv":[0.125,1.625,5.625,1.875],"texture":"#particle"},"south":{"uv":[5.625,2.375,0.125,2.125],"texture":"#particle"},"up":{"uv":[5.625,1.625,0.125,1.375],"texture":"#particle"},"down":{"uv":[5.625,2.125,0.125,1.875],"texture":"#particle"}}}],"display":{"thirdperson_righthand":{"rotation":[75,45,0],"translation":[0,2,-4],"scale":[0.375,0.375,0.375]},"thirdperson_lefthand":{"rotation":[75,45,0],"translation":[0,2,-4],"scale":[0.375,0.375,0.375]},"firstperson_righthand":{"rotation":[0,45,0],"translation":[2.5,-2,0],"scale":[0.4,0.4,0.4]},"firstperson_lefthand":{"rotation":[0,45,0],"translation":[2.5,-2,0],"scale":[0.4,0.4,0.4]},"ground":{"translation":[0,1,0],"scale":[0.5,0.5,0.5]},"gui":{"rotation":[30,225,0],"translation":[1,-1.5,0],"scale":[0.3,0.3,0.3]},"fixed":{"rotation":[-90,0,0],"translation":[0,0,-16],"scale":[2,2,2]}}}