{"textures":{"0":"glorious:entity/nocsy_cat2"},"elements":[{"from":[7.4,5.7726254,7.3454614],"to":[8.942857,8.45834,8.888319],"rotation":{"angle":0.0,"axis":"y","origin":[8.171429,6.342857,8.285714]},"faces":{"east":{"uv":[2.5,8.75,3.25,10.0],"rotation":0,"texture":"#0","tintindex":0},"south":{"uv":[4.5,8.75,5.25,10.0],"rotation":0,"texture":"#0","tintindex":0},"north":{"uv":[8.0,7.25,8.75,8.5],"rotation":0,"texture":"#0","tintindex":0},"west":{"uv":[5.5,8.75,6.25,10.0],"rotation":0,"texture":"#0","tintindex":0},"up":{"uv":[0.75,11.5,0.0,10.75],"rotation":0,"texture":"#0","tintindex":0},"down":{"uv":[1.75,10.75,1.0,11.5],"rotation":0,"texture":"#0","tintindex":0}}}],"display":{"head":{"translation":[0.0,-6.4,0.0],"scale":[4.0,4.0,4.0]}}}