{
	"credit": "Made with Blockbench",
	"texture_size": [64, 64],
	"textures": {
		"3": "glorious:item/signs/bakery_sign"
	},
	"elements": [
		{
			"from": [-12, 0, 7.5],
			"to": [28, 16, 8.5],
			"faces": {
				"north": {"uv": [0, 0, 10, 4], "texture": "#3"},
				"east": {"uv": [2, 8.5, 2.25, 12.5], "texture": "#3"},
				"south": {"uv": [0, 4, 10, 8], "texture": "#3"},
				"west": {"uv": [2.25, 8.5, 2.5, 12.5], "texture": "#3"},
				"up": {"uv": [10, 8.25, 0, 8], "texture": "#3"},
				"down": {"uv": [10, 8.25, 0, 8.5], "texture": "#3"}
			}
		},
		{
			"from": [-14, -3, 7],
			"to": [-12, 17, 9],
			"faces": {
				"north": {"uv": [0, 8.5, 0.5, 13.5], "texture": "#3"},
				"east": {"uv": [0.5, 8.5, 1, 13.5], "texture": "#3"},
				"south": {"uv": [1, 8.5, 1.5, 13.5], "texture": "#3"},
				"west": {"uv": [1.5, 8.5, 2, 13.5], "texture": "#3"},
				"up": {"uv": [3, 9, 2.5, 8.5], "texture": "#3"},
				"down": {"uv": [3.5, 8.5, 3, 9], "texture": "#3"}
			}
		},
		{
			"from": [28, -3, 7],
			"to": [30, 17, 9],
			"rotation": {"angle": 0, "axis": "y", "origin": [16, 0, 0]},
			"faces": {
				"north": {"uv": [0.5, 8.5, 0, 13.5], "texture": "#3"},
				"east": {"uv": [2, 8.5, 1.5, 13.5], "texture": "#3"},
				"south": {"uv": [1.5, 8.5, 1, 13.5], "texture": "#3"},
				"west": {"uv": [1, 8.5, 0.5, 13.5], "texture": "#3"},
				"up": {"uv": [2.5, 9, 3, 8.5], "texture": "#3"},
				"down": {"uv": [3, 8.5, 3.5, 9], "texture": "#3"}
			}
		}
	],
	"gui_light": "front",
	"display": {
		"thirdperson_righthand": {
			"rotation": [75, 28, 0],
			"translation": [0, 0.75, 0],
			"scale": [0.25195, 0.25195, 0.25195]
		},
		"thirdperson_lefthand": {
			"rotation": [75, 28, 0],
			"translation": [0, 0.75, 0],
			"scale": [0.25195, 0.25195, 0.25195]
		},
		"firstperson_righthand": {
			"rotation": [0, -154, 0],
			"translation": [1.25, 1.75, 0],
			"scale": [0.4, 0.4, 0.4]
		},
		"firstperson_lefthand": {
			"rotation": [0, -154, 0],
			"translation": [1.25, 1.75, 0],
			"scale": [0.4, 0.4, 0.4]
		},
		"ground": {
			"translation": [0, 3, 0],
			"scale": [0.25, 0.25, 0.25]
		},
		"gui": {
			"rotation": [30, 225, 0],
			"translation": [0, 0.5, 0],
			"scale": [0.42539, 0.42539, 0.42539]
		},
		"head": {
			"scale": [2.21875, 2.21875, 2.21875]
		},
		"fixed": {
			"rotation": [-90, 0, 0],
			"translation": [0, 0, -32],
			"scale": [4, 4, 4]
		}
	},
	"groups": [
		{
			"name": "sign",
			"origin": [0, 0, 0],
			"color": 0,
			"children": [0, 1, 2]
		}
	]
}