{
	"credit": "Made with Blockbench",
	"textures": {
		"0": "glorious:item/empowered_glorious_set/pickaxe",
		"1": "glorious:item/empowered_glorious_set/eff_01",
		"particle": "glorious:item/empowered_glorious_set/pickaxe"
	},
	"elements": [
		{
			"from": [8, 2.5, -2.75],
			"to": [8, 11.5, 12.25],
			"rotation": {"angle": 0, "axis": "y", "origin": [8.5, -1, 7.75]},
			"faces": {
				"north": {"uv": [0, 0, 0, 4.5], "texture": "#0"},
				"east": {"uv": [0, 0, 7.5, 4.5], "texture": "#0"},
				"south": {"uv": [0, 0, 0, 4.5], "texture": "#0"},
				"west": {"uv": [0, 4.5, 7.5, 9], "texture": "#0"},
				"up": {"uv": [0, 7.5, 0, 0], "texture": "#0"},
				"down": {"uv": [0, 0, 0, 7.5], "texture": "#0"}
			}
		},
		{
			"from": [7.5, -5.5, 7.5],
			"to": [8.5, 4.5, 8.5],
			"rotation": {"angle": 0, "axis": "y", "origin": [8, -1, 8]},
			"faces": {
				"north": {"uv": [7.5, 0, 8, 5], "texture": "#0"},
				"east": {"uv": [7.5, 5, 8, 10], "texture": "#0"},
				"south": {"uv": [8, 0, 8.5, 5], "texture": "#0"},
				"west": {"uv": [8, 5, 8.5, 10], "texture": "#0"},
				"up": {"uv": [10, 8, 9.5, 7.5], "texture": "#0"},
				"down": {"uv": [10.5, 8.5, 10, 9], "texture": "#0"}
			}
		},
		{
			"from": [7.505, 3.78033, 6.51256],
			"to": [8.495, 7.03033, 7.51256],
			"rotation": {"angle": -45, "axis": "x", "origin": [8.005, 5.03033, 7.01256]},
			"faces": {
				"north": {"uv": [8.5, 6, 9, 7.5], "texture": "#0"},
				"east": {"uv": [8.5, 7.5, 9, 9], "texture": "#0"},
				"south": {"uv": [0, 9, 0.5, 10.5], "texture": "#0"},
				"west": {"uv": [0.5, 9, 1, 10.5], "texture": "#0"},
				"up": {"uv": [6, 12, 5.5, 11.5], "texture": "#0"},
				"down": {"uv": [7, 11.5, 6.5, 12], "texture": "#0"}
			}
		},
		{
			"from": [7.505, 9.60711, 3.36421],
			"to": [8.495, 10.60711, 6.36421],
			"rotation": {"angle": 45, "axis": "x", "origin": [8, 10.10711, 4.86422]},
			"faces": {
				"north": {"uv": [5, 12, 5.5, 12.5], "texture": "#0"},
				"east": {"uv": [9.5, 5, 11, 5.5], "texture": "#0"},
				"south": {"uv": [12, 5, 12.5, 5.5], "texture": "#0"},
				"west": {"uv": [9.5, 5.5, 11, 6], "texture": "#0"},
				"up": {"uv": [7.5, 10.5, 7, 9], "texture": "#0"},
				"down": {"uv": [6.5, 9.5, 6, 11], "texture": "#0"}
			}
		},
		{
			"from": [7.5, 10.52132, 2.15711],
			"to": [8.5, 11.52132, 4.15711],
			"rotation": {"angle": 0, "axis": "y", "origin": [8, 10.10711, 4.86422]},
			"faces": {
				"north": {"uv": [12, 4, 12.5, 4.5], "texture": "#0"},
				"east": {"uv": [11, 10.5, 12, 11], "texture": "#0"},
				"south": {"uv": [4.5, 12, 5, 12.5], "texture": "#0"},
				"west": {"uv": [11, 11, 12, 11.5], "texture": "#0"},
				"up": {"uv": [10.5, 12, 10, 11], "texture": "#0"},
				"down": {"uv": [0.5, 11.5, 0, 12.5], "texture": "#0"}
			}
		},
		{
			"from": [7.5, 6.09099, 5.2448],
			"to": [8.5, 7.59099, 6.2448],
			"rotation": {"angle": 0, "axis": "y", "origin": [8, 6.59099, 5.7448]},
			"faces": {
				"north": {"uv": [11.5, 1.5, 12, 2.25], "texture": "#0"},
				"east": {"uv": [2, 11.5, 2.5, 12.25], "texture": "#0"},
				"south": {"uv": [2.5, 11.5, 3, 12.25], "texture": "#0"},
				"west": {"uv": [11.5, 2.5, 12, 3.25], "texture": "#0"},
				"up": {"uv": [12, 9, 11.5, 8.5], "texture": "#0"},
				"down": {"uv": [12, 9, 11.5, 9.5], "texture": "#0"}
			}
		},
		{
			"from": [7.505, 5.65165, 5.51256],
			"to": [8.495, 8.65165, 6.51256],
			"rotation": {"angle": 45, "axis": "x", "origin": [8.005, 7.65165, 6.01256]},
			"faces": {
				"north": {"uv": [3, 9, 3.5, 10.5], "texture": "#0"},
				"east": {"uv": [3.5, 9, 4, 10.5], "texture": "#0"},
				"south": {"uv": [4, 9, 4.5, 10.5], "texture": "#0"},
				"west": {"uv": [4.5, 9, 5, 10.5], "texture": "#0"},
				"up": {"uv": [12, 10, 11.5, 9.5], "texture": "#0"},
				"down": {"uv": [12, 10, 11.5, 10.5], "texture": "#0"}
			}
		},
		{
			"from": [7.505, 3.78033, 8.48744],
			"to": [8.495, 7.03033, 9.48744],
			"rotation": {"angle": 45, "axis": "x", "origin": [8.005, 5.03033, 8.98744]},
			"faces": {
				"north": {"uv": [0.5, 9, 0, 10.5], "texture": "#0"},
				"east": {"uv": [9, 7.5, 8.5, 9], "texture": "#0"},
				"south": {"uv": [9, 6, 8.5, 7.5], "texture": "#0"},
				"west": {"uv": [1, 9, 0.5, 10.5], "texture": "#0"},
				"up": {"uv": [6, 11.5, 5.5, 12], "texture": "#0"},
				"down": {"uv": [7, 12, 6.5, 11.5], "texture": "#0"}
			}
		},
		{
			"from": [7.5, 6.09099, 9.7552],
			"to": [8.5, 7.59099, 10.7552],
			"rotation": {"angle": 0, "axis": "y", "origin": [8, 6.59099, 10.2552]},
			"faces": {
				"north": {"uv": [3, 11.5, 2.5, 12.25], "texture": "#0"},
				"east": {"uv": [2.5, 11.5, 2, 12.25], "texture": "#0"},
				"south": {"uv": [12, 1.5, 11.5, 2.25], "texture": "#0"},
				"west": {"uv": [12, 2.5, 11.5, 3.25], "texture": "#0"},
				"up": {"uv": [12, 8.5, 11.5, 9], "texture": "#0"},
				"down": {"uv": [12, 9.5, 11.5, 9], "texture": "#0"}
			}
		},
		{
			"from": [7.505, 5.65165, 9.48744],
			"to": [8.495, 8.65165, 10.48744],
			"rotation": {"angle": -45, "axis": "x", "origin": [8.005, 7.65165, 9.98744]},
			"faces": {
				"north": {"uv": [4.5, 9, 4, 10.5], "texture": "#0"},
				"east": {"uv": [4, 9, 3.5, 10.5], "texture": "#0"},
				"south": {"uv": [3.5, 9, 3, 10.5], "texture": "#0"},
				"west": {"uv": [5, 9, 4.5, 10.5], "texture": "#0"},
				"up": {"uv": [12, 9.5, 11.5, 10], "texture": "#0"},
				"down": {"uv": [12, 10.5, 11.5, 10], "texture": "#0"}
			}
		},
		{
			"from": [8, 2.5, 3.75],
			"to": [8, 11.5, 18.75],
			"rotation": {"angle": 0, "axis": "y", "origin": [8.5, -1, 8.25]},
			"faces": {
				"north": {"uv": [0, 0, 0, 4.5], "texture": "#0"},
				"east": {"uv": [7.5, 0, 0, 4.5], "texture": "#0"},
				"south": {"uv": [0, 0, 0, 4.5], "texture": "#0"},
				"west": {"uv": [7.5, 4.5, 0, 9], "texture": "#0"},
				"up": {"uv": [0, 0, 0, 7.5], "texture": "#0"},
				"down": {"uv": [0, 7.5, 0, 0], "texture": "#0"}
			}
		},
		{
			"from": [7.505, 9.60711, 9.63579],
			"to": [8.495, 10.60711, 12.63579],
			"rotation": {"angle": -45, "axis": "x", "origin": [8, 10.10711, 11.13578]},
			"faces": {
				"north": {"uv": [12.5, 5, 12, 5.5], "texture": "#0"},
				"east": {"uv": [11, 5, 9.5, 5.5], "texture": "#0"},
				"south": {"uv": [5.5, 12, 5, 12.5], "texture": "#0"},
				"west": {"uv": [11, 5.5, 9.5, 6], "texture": "#0"},
				"up": {"uv": [7.5, 9, 7, 10.5], "texture": "#0"},
				"down": {"uv": [6.5, 11, 6, 9.5], "texture": "#0"}
			}
		},
		{
			"from": [7.5, 10.52132, 11.84289],
			"to": [8.5, 11.52132, 13.84289],
			"rotation": {"angle": 0, "axis": "y", "origin": [8, 10.10711, 11.13578]},
			"faces": {
				"north": {"uv": [5, 12, 4.5, 12.5], "texture": "#0"},
				"east": {"uv": [12, 10.5, 11, 11], "texture": "#0"},
				"south": {"uv": [12.5, 4, 12, 4.5], "texture": "#0"},
				"west": {"uv": [12, 11, 11, 11.5], "texture": "#0"},
				"up": {"uv": [10.5, 11, 10, 12], "texture": "#0"},
				"down": {"uv": [0.5, 12.5, 0, 11.5], "texture": "#0"}
			}
		},
		{
			"from": [7.55, -9.25876, 8.76612],
			"to": [8.45, -7.25876, 9.66612],
			"rotation": {"angle": 22.5, "axis": "x", "origin": [8, -8.25876, 9.21612]},
			"faces": {
				"north": {"uv": [6.5, 11, 6, 12], "rotation": 180, "texture": "#0"},
				"east": {"uv": [10.5, 7, 11.5, 7.5], "rotation": 270, "texture": "#0"},
				"south": {"uv": [11.5, 6.5, 11, 5.5], "texture": "#0"},
				"west": {"uv": [11, 5, 12, 5.5], "rotation": 90, "texture": "#0"},
				"up": {"uv": [11.5, 11.5, 12, 12], "rotation": 180, "texture": "#0"},
				"down": {"uv": [0.5, 12, 1, 12.5], "texture": "#0"}
			}
		},
		{
			"from": [7.605, -10.78302, 8.97617],
			"to": [8.395, -8.78302, 9.77617],
			"rotation": {"angle": -22.5, "axis": "x", "origin": [8, -9.78302, 9.37617]},
			"faces": {
				"north": {"uv": [11.5, 8.5, 11, 7.5], "rotation": 180, "texture": "#0"},
				"east": {"uv": [11, 6.5, 12, 7], "rotation": 90, "texture": "#0"},
				"south": {"uv": [9, 11, 8.5, 12], "texture": "#0"},
				"west": {"uv": [7.5, 11, 8.5, 11.5], "rotation": 270, "texture": "#0"},
				"up": {"uv": [1, 12, 1.5, 12.5], "texture": "#0"},
				"down": {"uv": [12, 0.5, 12.5, 1], "rotation": 180, "texture": "#0"}
			}
		},
		{
			"from": [7.45, -7.75165, 7.21612],
			"to": [8.55, -6.65165, 10.21612],
			"rotation": {"angle": 45, "axis": "x", "origin": [8.05, -7.25165, 9.71612]},
			"faces": {
				"north": {"uv": [12, 2, 12.5, 2.5], "texture": "#0"},
				"east": {"uv": [5, 9, 6.5, 9.5], "texture": "#0"},
				"south": {"uv": [12, 2.5, 12.5, 3], "texture": "#0"},
				"west": {"uv": [9, 6, 10.5, 6.5], "texture": "#0"},
				"up": {"uv": [7, 10.5, 6.5, 9], "texture": "#0"},
				"down": {"uv": [9.5, 6.5, 9, 8], "texture": "#0"}
			}
		},
		{
			"from": [7.625, -6.70407, 6.83704],
			"to": [8.375, -4.60407, 8.08704],
			"rotation": {"angle": 22.5, "axis": "x", "origin": [8, -5.15407, 7.46204]},
			"faces": {
				"north": {"uv": [8.5, 0, 9.25, 1.5], "texture": "#0"},
				"east": {"uv": [8.5, 1.5, 9.25, 3], "texture": "#0"},
				"south": {"uv": [8.5, 3, 9.25, 4.5], "texture": "#0"},
				"west": {"uv": [8.5, 4.5, 9.25, 6], "texture": "#0"},
				"up": {"uv": [9.25, 10.75, 8.5, 10], "texture": "#0"},
				"down": {"uv": [10.25, 10, 9.5, 10.75], "texture": "#0"}
			}
		},
		{
			"from": [7.625, -6.70407, 7.91296],
			"to": [8.375, -4.60407, 9.16296],
			"rotation": {"angle": -22.5, "axis": "x", "origin": [8, -5.15407, 8.53796]},
			"faces": {
				"north": {"uv": [9.25, 3, 8.5, 4.5], "texture": "#0"},
				"east": {"uv": [9.25, 1.5, 8.5, 3], "texture": "#0"},
				"south": {"uv": [9.25, 0, 8.5, 1.5], "texture": "#0"},
				"west": {"uv": [9.25, 4.5, 8.5, 6], "texture": "#0"},
				"up": {"uv": [9.25, 10, 8.5, 10.75], "texture": "#0"},
				"down": {"uv": [10.25, 10.75, 9.5, 10], "texture": "#0"}
			}
		},
		{
			"from": [7.45, -7.75165, 5.78388],
			"to": [8.55, -6.65165, 8.78388],
			"rotation": {"angle": -45, "axis": "x", "origin": [8.05, -7.25165, 6.28388]},
			"faces": {
				"north": {"uv": [12.5, 2.5, 12, 3], "texture": "#0"},
				"east": {"uv": [6.5, 9, 5, 9.5], "texture": "#0"},
				"south": {"uv": [12.5, 2, 12, 2.5], "texture": "#0"},
				"west": {"uv": [10.5, 6, 9, 6.5], "texture": "#0"},
				"up": {"uv": [7, 9, 6.5, 10.5], "texture": "#0"},
				"down": {"uv": [9.5, 8, 9, 6.5], "texture": "#0"}
			}
		},
		{
			"from": [7.55, -9.25876, 6.33388],
			"to": [8.45, -7.25876, 7.23388],
			"rotation": {"angle": -22.5, "axis": "x", "origin": [8, -8.25876, 6.78388]},
			"faces": {
				"north": {"uv": [11, 6.5, 11.5, 5.5], "texture": "#0"},
				"east": {"uv": [10.5, 7.5, 11.5, 7], "rotation": 270, "texture": "#0"},
				"south": {"uv": [6, 11, 6.5, 12], "rotation": 180, "texture": "#0"},
				"west": {"uv": [11, 5.5, 12, 5], "rotation": 90, "texture": "#0"},
				"up": {"uv": [11.5, 12, 12, 11.5], "rotation": 180, "texture": "#0"},
				"down": {"uv": [0.5, 12.5, 1, 12], "texture": "#0"}
			}
		},
		{
			"from": [7.605, -10.78302, 6.22383],
			"to": [8.395, -8.78302, 7.02383],
			"rotation": {"angle": 22.5, "axis": "x", "origin": [8, -9.78302, 6.62383]},
			"faces": {
				"north": {"uv": [8.5, 11, 9, 12], "texture": "#0"},
				"east": {"uv": [11, 7, 12, 6.5], "rotation": 90, "texture": "#0"},
				"south": {"uv": [11, 8.5, 11.5, 7.5], "rotation": 180, "texture": "#0"},
				"west": {"uv": [7.5, 11.5, 8.5, 11], "rotation": 270, "texture": "#0"},
				"up": {"uv": [1, 12.5, 1.5, 12], "texture": "#0"},
				"down": {"uv": [12, 1, 12.5, 0.5], "rotation": 180, "texture": "#0"}
			}
		},
		{
			"from": [7.375, -6.41421, 7.04038],
			"to": [8.625, -4.66421, 8.79038],
			"rotation": {"angle": 45, "axis": "x", "origin": [8.125, -5.81421, 7.54038]},
			"faces": {
				"north": {"uv": [9, 8, 9.75, 8.75], "texture": "#0"},
				"east": {"uv": [8.5, 9, 9.25, 9.75], "texture": "#0"},
				"south": {"uv": [9.5, 0, 10.25, 0.75], "texture": "#0"},
				"west": {"uv": [9.5, 1, 10.25, 1.75], "texture": "#0"},
				"up": {"uv": [0.75, 11.25, 0, 10.5], "texture": "#0"},
				"down": {"uv": [11.25, 0, 10.5, 0.75], "texture": "#0"}
			}
		},
		{
			"from": [7.375, 5.98579, 7.74749],
			"to": [8.625, 7.73579, 9.49749],
			"rotation": {"angle": 45, "axis": "x", "origin": [8.125, 7.58579, 8.24749]},
			"faces": {
				"north": {"uv": [9.5, 2, 10.25, 2.75], "texture": "#0"},
				"east": {"uv": [9.5, 3, 10.25, 3.75], "texture": "#0"},
				"south": {"uv": [9.5, 4, 10.25, 4.75], "texture": "#0"},
				"west": {"uv": [5, 9.5, 5.75, 10.25], "texture": "#0"},
				"up": {"uv": [1.75, 11.25, 1, 10.5], "texture": "#0"},
				"down": {"uv": [11.25, 1, 10.5, 1.75], "texture": "#0"}
			}
		},
		{
			"from": [7.375, 8.98579, 7.99749],
			"to": [8.625, 10.23579, 9.24749],
			"rotation": {"angle": 45, "axis": "x", "origin": [8.125, 10.33579, 8.24749]},
			"faces": {
				"north": {"uv": [3, 11.5, 3.5, 12.25], "texture": "#0"},
				"east": {"uv": [2, 10.5, 2.75, 11.25], "texture": "#0"},
				"south": {"uv": [3.5, 11.5, 4, 12.25], "texture": "#0"},
				"west": {"uv": [10.5, 2, 11.25, 2.75], "texture": "#0"},
				"up": {"uv": [12, 4.25, 11.5, 3.5], "texture": "#0"},
				"down": {"uv": [4.5, 11.5, 4, 12.25], "texture": "#0"}
			}
		},
		{
			"from": [7.375, 3.98579, 8.67426],
			"to": [8.625, 4.98579, 9.67426],
			"rotation": {"angle": 45, "axis": "x", "origin": [8.125, 5.83579, 8.42426]},
			"faces": {
				"north": {"uv": [4.5, 11.5, 5.25, 12], "texture": "#0"},
				"east": {"uv": [12, 3, 12.5, 3.5], "texture": "#0"},
				"south": {"uv": [11.5, 4.5, 12.25, 5], "texture": "#0"},
				"west": {"uv": [12, 3.5, 12.5, 4], "texture": "#0"},
				"up": {"uv": [12.25, 6, 11.5, 5.5], "texture": "#0"},
				"down": {"uv": [12.25, 6, 11.5, 6.5], "texture": "#0"}
			}
		},
		{
			"from": [8, 9.75, 4.5],
			"to": [8, 16.75, 11.5],
			"rotation": {"angle": 0, "axis": "y", "origin": [8, 13.25, 8]},
			"faces": {
				"north": {"uv": [0, 0, 0, 9], "texture": "#1"},
				"east": {"uv": [0, 0, 16, 16], "texture": "#1"},
				"south": {"uv": [0, 0, 0, 9], "texture": "#1"},
				"west": {"uv": [0, 0, 16, 16], "texture": "#1"},
				"up": {"uv": [0, 15, 0, 0], "texture": "#1"},
				"down": {"uv": [0, 0, 0, 15], "texture": "#1"}
			}
		},
		{
			"from": [8, 3.75, 4.5],
			"to": [8, 10.75, 11.5],
			"rotation": {"angle": 0, "axis": "x", "origin": [8, 7.25, 8]},
			"faces": {
				"north": {"uv": [0, 0, 0, 9], "texture": "#1"},
				"east": {"uv": [0, 0, 16, 16], "texture": "#1"},
				"south": {"uv": [0, 0, 0, 9], "texture": "#1"},
				"west": {"uv": [0, 0, 16, 16], "texture": "#1"},
				"up": {"uv": [0, 15, 0, 0], "texture": "#1"},
				"down": {"uv": [0, 0, 0, 15], "texture": "#1"}
			}
		}
	],
	"gui_light": "front",
	"display": {
		"thirdperson_righthand": {
			"translation": [0, 6.25, 1.75],
			"scale": [0.8, 0.8, 0.8]
		},
		"thirdperson_lefthand": {
			"translation": [0, 6.25, 1.75],
			"scale": [0.8, 0.8, 0.8]
		},
		"firstperson_righthand": {
			"rotation": [-15.83, 18.85, 9.03],
			"translation": [7, 7.75, -8.5],
			"scale": [1.12617, 1.12617, 1.12617]
		},
		"firstperson_lefthand": {
			"rotation": [-15.83, 18.85, 9.03],
			"translation": [7, 7.75, -8.5],
			"scale": [1.12617, 1.12617, 1.12617]
		},
		"ground": {
			"rotation": [0, 0, -77],
			"translation": [6.5, 3.25, 0],
			"scale": [1.07813, 1.07813, 1.07813]
		},
		"gui": {
			"rotation": [-90, -52.75, -90],
			"translation": [1.75, 2.75, 0],
			"scale": [0.675, 0.675, 0.675]
		},
		"head": {
			"scale": [0, 0, 0]
		},
		"fixed": {
			"rotation": [-90, 90, 90],
			"translation": [0, 12.75, -2.25],
			"scale": [1.875, 1.875, 1.875]
		}
	},
	"groups": [
		{
			"name": "pickaxe",
			"origin": [8, 7.25, 8],
			"color": 0,
			"nbt": "{}",
			"armAnimationEnabled": false,
			"children": [0, 1, 2, 3, 4, 5, 6, 7, 8, 9, 10, 11, 12, 13, 14, 15, 16, 17, 18, 19, 20, 21, 22, 23, 24, 25, 26]
		}
	]
}