{"display":{"thirdperson_righthand":{"rotation":[75,45,0],"translation":[0,2.5,0],"scale":[0.375,0.375,0.375]},"thirdperson_lefthand":{"rotation":[75,45,0],"translation":[0,2.5,0],"scale":[0.375,0.375,0.375]},"firstperson_righthand":{"rotation":[0,45,0],"translation":[0,3,0],"scale":[0.4,0.4,0.4]},"firstperson_lefthand":{"rotation":[0,45,0],"translation":[0,3,0],"scale":[0.4,0.4,0.4]},"ground":{"translation":[0,0.75,0],"scale":[0.5,0.5,0.5]},"gui":{"rotation":[30,225,0],"translation":[0,-3,0],"scale":[0.625,0.625,0.625]},"fixed":{"rotation":[-90,0,0],"translation":[0,0,-15],"scale":[2,2,2]}},"texture_size":[64,64],"textures":{"0":"custom/blocks/rizaan/village/house_mailbox_default"},"elements":[{"from":[6,0,9],"to":[10,24,13],"rotation":{"angle":0,"axis":"y","origin":[0,0,3]},"faces":{"north":{"uv":[1,1,2,7],"texture":"#0"},"east":{"uv":[0,1,1,7],"texture":"#0"},"south":{"uv":[3,1,4,7],"texture":"#0"},"west":{"uv":[2,1,3,7],"texture":"#0"},"up":{"uv":[2,1,1,0],"texture":"#0"},"down":{"uv":[3,0,2,1],"texture":"#0"}}},{"from":[6,14,4],"to":[10,20,9],"rotation":{"angle":0,"axis":"y","origin":[0,0,-1]},"faces":{"north":{"uv":[4,7,5,8.5],"texture":"#0"},"east":{"uv":[2.75,7,4,8.5],"texture":"#0"},"south":{"uv":[6.25,7,7.25,8.5],"texture":"#0"},"west":{"uv":[5,7,6.25,8.5],"texture":"#0"},"up":{"uv":[5,7,4,5.75],"texture":"#0"},"down":{"uv":[6,5.75,5,7],"texture":"#0"}}},{"from":[7,14,3],"to":[9,16,13],"rotation":{"angle":45,"axis":"x","origin":[8,14,3]},"faces":{"north":{"uv":[6.5,2.5,7,3],"texture":"#0"},"east":{"uv":[4,2.5,6.5,3],"texture":"#0"},"south":{"uv":[9.5,2.5,10,3],"texture":"#0"},"west":{"uv":[7,2.5,9.5,3],"texture":"#0"},"up":{"uv":[7,2.5,6.5,0],"texture":"#0"},"down":{"uv":[7.5,0,7,2.5],"texture":"#0"}}},{"from":[5,14,0],"to":[11,21,4],"rotation":{"angle":0,"axis":"y","origin":[0,0,-2]},"faces":{"north":{"uv":[5,4,6.5,5.75],"texture":"#0"},"east":{"uv":[4,4,5,5.75],"texture":"#0"},"south":{"uv":[7.5,4,9,5.75],"texture":"#0"},"west":{"uv":[6.5,4,7.5,5.75],"texture":"#0"},"up":{"uv":[6.5,4,5,3],"texture":"#0"},"down":{"uv":[8,3,6.5,4],"texture":"#0"}}},{"from":[4,18,1],"to":[5,23,3],"rotation":{"angle":0,"axis":"y","origin":[-1,2,-2]},"faces":{"north":{"uv":[0.5,7.5,0.75,8.75],"texture":"#0"},"east":{"uv":[0,7.5,0.5,8.75],"texture":"#0"},"south":{"uv":[1.25,7.5,1.5,8.75],"texture":"#0"},"west":{"uv":[0.75,7.5,1.25,8.75],"texture":"#0"},"up":{"uv":[0.75,7.5,0.5,7],"texture":"#0"},"down":{"uv":[1,7,0.75,7.5],"texture":"#0"}}},{"from":[3,21,1],"to":[4,23,5],"rotation":{"angle":-22.5,"axis":"x","origin":[3.5,22,2.5]},"faces":{"north":{"uv":[5,1,5.25,1.5],"texture":"#0"},"east":{"uv":[4,1,5,1.5],"texture":"#0"},"south":{"uv":[6.25,1,6.5,1.5],"texture":"#0"},"west":{"uv":[5.25,1,6.25,1.5],"texture":"#0"},"up":{"uv":[5.25,1,5,0],"texture":"#0"},"down":{"uv":[5.5,0,5.25,1],"texture":"#0"}}}]}