{"credit":"MadewithBlockbench","texture_size":[32,32],"textures":{"0":"glorious:item/office_decoration_v1/office_pile_files","particle":"glorious:item/office_decoration_v1/office_pile_files"},"elements":[{"from":[8,0,2],"to":[14,2,9],"rotation":{"angle":45,"axis":"y","origin":[12,1,5.5]},"faces":{"north":{"uv":[3,2,6,3],"texture":"#0"},"east":{"uv":[3,1,6.5,2],"texture":"#0"},"south":{"uv":[6,2,3,3],"texture":"#0"},"west":{"uv":[3,0,6.5,1],"texture":"#0"},"up":{"uv":[3,3.5,0,0],"texture":"#0"},"down":{"uv":[3,10.75,0,14.25],"texture":"#0"}}},{"from":[-0.77817,0,9.77817],"to":[5.22183,2,16.77817],"rotation":{"angle":-22.5,"axis":"y","origin":[4.22183,1,13.27817]},"faces":{"north":{"uv":[9.5,2,12.5,3],"texture":"#0"},"east":{"uv":[9.5,1,13,2],"texture":"#0"},"south":{"uv":[12.5,2,9.5,3],"texture":"#0"},"west":{"uv":[9.5,0,13,1],"texture":"#0"},"up":{"uv":[9.5,3.5,6.5,0],"texture":"#0"},"down":{"uv":[12.75,10.75,9.75,14.25],"texture":"#0"}}},{"from":[-1.62593,2,9.01281],"to":[4.37407,4,16.01281],"rotation":{"angle":0,"axis":"y","origin":[2.37407,3,12.51281]},"faces":{"north":{"uv":[9.5,5.5,12.5,6.5],"texture":"#0"},"east":{"uv":[9.5,4.5,13,5.5],"texture":"#0"},"south":{"uv":[12.5,5.5,9.5,6.5],"texture":"#0"},"west":{"uv":[9.5,3.5,13,4.5],"texture":"#0"},"up":{"uv":[9.5,7,6.5,3.5],"texture":"#0"},"down":{"uv":[16,10.75,13,14.25],"texture":"#0"}}},{"from":[7.79289,2,4.20711],"to":[14.79289,4,10.20711],"rotation":{"angle":-22.5,"axis":"y","origin":[11.29289,3,6.20711]},"faces":{"north":{"uv":[3,4.5,6.5,5.5],"texture":"#0"},"east":{"uv":[6,5.5,3,6.5],"texture":"#0"},"south":{"uv":[6.5,3.5,3,4.5],"texture":"#0"},"west":{"uv":[3,5.5,6,6.5],"texture":"#0"},"up":{"uv":[3,7,0,3.5],"rotation":270,"texture":"#0"},"down":{"uv":[6.25,10.75,3.25,14.25],"rotation":90,"texture":"#0"}}},{"from":[8.66021,4,2.88099],"to":[14.66021,6,9.88099],"rotation":{"angle":22.5,"axis":"y","origin":[10.91021,5,7.13099]},"faces":{"north":{"uv":[3,9,6,10],"texture":"#0"},"east":{"uv":[3,8,6.5,9],"texture":"#0"},"south":{"uv":[6,9,3,10],"texture":"#0"},"west":{"uv":[3,7,6.5,8],"texture":"#0"},"up":{"uv":[3,10.5,0,7],"texture":"#0"},"down":{"uv":[9.5,10.75,6.5,14.25],"texture":"#0"}}}],"gui_light":"front","display":{"thirdperson_righthand":{"rotation":[67.5,-19.5,0],"translation":[1,2.75,2],"scale":[0.44133,0.44133,0.44133]},"thirdperson_lefthand":{"rotation":[67.5,38,0],"translation":[-0.75,2.75,2.25],"scale":[0.44133,0.44133,0.44133]},"firstperson_righthand":{"translation":[-1.25,6,1.5],"scale":[0.57625,0.57625,0.57625]},"firstperson_lefthand":{"rotation":[0,90,0],"translation":[-1.25,6,1.5],"scale":[0.57625,0.57625,0.57625]},"ground":{"translation":[0.75,6.75,0],"scale":[0.63867,0.63867,0.63867]},"gui":{"rotation":[30,-81,0],"translation":[1,2.75,0],"scale":[0.68906,0.68906,0.68906]},"head":{"rotation":[0,180,0],"translation":[0,-30.25,0],"scale":[0,0,0]},"fixed":{"rotation":[-90,0,0],"translation":[2,-2.5,-16],"scale":[2,2,2]}}}