{"credit":"Made with Blockbench","textures":{"particle":"glorious:item/mc/gfx_grand_piano"},"elements":[{"from":[-2,8,-8],"to":[18,11,-4],"rotation":{"angle":0,"axis":"y","origin":[8,17,1]},"faces":{"north":{"uv":[0.125,3.875,2.625,4.25],"texture":"#particle"},"up":{"uv":[2.625,3.875,0.125,3.375],"texture":"#particle"},"down":{"uv":[2.625,4.75,0.125,4.25],"texture":"#particle"}}},{"from":[4,7,-3],"to":[12,8,0],"rotation":{"angle":0,"axis":"y","origin":[8,16,5]},"faces":{"north":{"uv":[3.625,8.375,4.625,8.5],"texture":"#particle"},"east":{"uv":[3.375,8.375,3.625,8.5],"texture":"#particle"},"south":{"uv":[4.625,8.875,3.625,8.75],"texture":"#particle"},"west":{"uv":[4.625,8.375,4.875,8.5],"texture":"#particle"},"down":{"uv":[4.625,8.75,3.625,8.5],"texture":"#particle"}}},{"from":[5,0,-3],"to":[11,2,-1],"rotation":{"angle":0,"axis":"y","origin":[8,9,5]},"faces":{"north":{"uv":[8.875,6.125,9.625,6.375],"texture":"#particle"},"east":{"uv":[8.625,6.125,8.875,6.375],"texture":"#particle"},"south":{"uv":[9.625,6.875,8.875,6.625],"texture":"#particle"},"west":{"uv":[9.625,6.125,9.875,6.375],"texture":"#particle"},"up":{"uv":[9.625,6.125,8.875,5.875],"texture":"#particle"},"down":{"uv":[9.625,6.625,8.875,6.375],"texture":"#particle"}}},{"from":[5.5,0,-5],"to":[7.5,1,-3],"rotation":{"angle":0,"axis":"y","origin":[8.5,9,3]},"faces":{"north":{"uv":[9,7.375,9.25,7.5],"texture":"#particle"},"east":{"uv":[8.75,7.375,9,7.5],"texture":"#particle"},"west":{"uv":[9.25,7.375,9.5,7.5],"texture":"#particle"},"up":{"uv":[9.25,7.375,9,7.125],"texture":"#particle"},"down":{"uv":[9.25,7.75,9,7.5],"texture":"#particle"}}},{"from":[8.5,0,-5],"to":[10.5,1,-3],"rotation":{"angle":0,"axis":"y","origin":[11.5,9,3]},"faces":{"north":{"uv":[9,7.375,9.25,7.5],"texture":"#particle"},"east":{"uv":[8.75,7.375,9,7.5],"texture":"#particle"},"west":{"uv":[9.25,7.375,9.5,7.5],"texture":"#particle"},"up":{"uv":[9.25,7.375,9,7.125],"texture":"#particle"},"down":{"uv":[9.25,7.75,9,7.5],"texture":"#particle"}}},{"from":[5,2,-2],"to":[6,7,-1],"rotation":{"angle":0,"axis":"y","origin":[8,15,5]},"faces":{"north":{"uv":[8,7.375,8.125,8],"texture":"#particle"},"east":{"uv":[7.875,7.375,8,8],"texture":"#particle"},"south":{"uv":[8.25,7.375,8.375,8],"texture":"#particle"},"west":{"uv":[8.125,7.375,8.25,8],"texture":"#particle"}}},{"from":[10,2,-2],"to":[11,7,-1],"rotation":{"angle":0,"axis":"y","origin":[13,15,5]},"faces":{"north":{"uv":[8,7.375,8.125,8],"texture":"#particle"},"east":{"uv":[7.875,7.375,8,8],"texture":"#particle"},"south":{"uv":[8.25,7.375,8.375,8],"texture":"#particle"},"west":{"uv":[8.125,7.375,8.25,8],"texture":"#particle"}}},{"from":[-4,8,-8],"to":[-2,12,-4],"rotation":{"angle":0,"axis":"y","origin":[8,17,1]},"faces":{"north":{"uv":[4,4.375,4.25,4.875],"texture":"#particle"},"east":{"uv":[3.5,4.375,4,4.875],"texture":"#particle"},"west":{"uv":[4.25,4.375,4.75,4.875],"texture":"#particle"},"up":{"uv":[4.25,4.375,4,3.875],"texture":"#particle"},"down":{"uv":[4.25,5.375,4,4.875],"texture":"#particle"}}},{"from":[18,8,-8],"to":[20,12,-4],"rotation":{"angle":0,"axis":"y","origin":[8,17,1]},"faces":{"north":{"uv":[4.25,4.375,4,4.875],"texture":"#particle"},"east":{"uv":[4.75,4.375,4.25,4.875],"texture":"#particle"},"west":{"uv":[4,4.375,3.5,4.875],"texture":"#particle"},"up":{"uv":[4,4.375,4.25,3.875],"texture":"#particle"},"down":{"uv":[4,5.375,4.25,4.875],"texture":"#particle"}}},{"from":[-3.99375,11.85355,-5.52513],"to":[-1.99375,13.85355,-2.52513],"rotation":{"angle":-45,"axis":"x","origin":[-2.99375,12.35355,-3.52513]},"faces":{"east":{"uv":[2.875,4,3.25,4.25],"texture":"#particle"},"west":{"uv":[2.875,4.5,3.25,4.75],"texture":"#particle"},"up":{"uv":[3.125,3.75,2.875,3.375],"texture":"#particle"}}},{"from":[17.99375,11.85355,-5.52513],"to":[19.99375,13.85355,-2.52513],"rotation":{"angle":-45,"axis":"x","origin":[18.99375,12.35355,-3.52513]},"faces":{"east":{"uv":[3.25,4.5,2.875,4.75],"texture":"#particle"},"west":{"uv":[3.25,4,2.875,4.25],"texture":"#particle"},"up":{"uv":[2.875,3.75,3.125,3.375],"texture":"#particle"}}},{"from":[-4,8,-4],"to":[20,16,0],"rotation":{"angle":0,"axis":"y","origin":[8,17,1]},"faces":{"north":{"uv":[0.125,0.625,3.125,1.625],"texture":"#particle"},"east":{"uv":[3.625,0.625,3.125,1.625],"texture":"#particle"},"south":{"uv":[3.125,3.125,0.125,2.125],"texture":"#particle"},"west":{"uv":[3.125,0.625,3.625,1.625],"texture":"#particle"},"up":{"uv":[3.125,0.625,0.125,0.125],"texture":"#particle"},"down":{"uv":[3.125,2.125,0.125,1.625],"texture":"#particle"}}},{"from":[-4,0,-2],"to":[-2,7,0],"rotation":{"angle":0,"axis":"y","origin":[8,9,2]},"faces":{"north":{"uv":[5.375,7.625,5.625,8.5],"texture":"#particle"},"east":{"uv":[5.125,7.625,5.375,8.5],"texture":"#particle"},"south":{"uv":[5.875,7.625,6.125,8.5],"texture":"#particle"},"west":{"uv":[5.625,7.625,5.875,8.5],"texture":"#particle"},"down":{"uv":[5.625,8.75,5.375,8.5],"texture":"#particle"}}},{"from":[18,0,-2],"to":[20,7,0],"rotation":{"angle":0,"axis":"y","origin":[30,9,2]},"faces":{"north":{"uv":[5.375,7.625,5.625,8.5],"texture":"#particle"},"east":{"uv":[5.125,7.625,5.375,8.5],"texture":"#particle"},"south":{"uv":[5.875,7.625,6.125,8.5],"texture":"#particle"},"west":{"uv":[5.625,7.625,5.875,8.5],"texture":"#particle"},"down":{"uv":[5.625,8.75,5.375,8.5],"texture":"#particle"}}},{"from":[-4,7,-3],"to":[-2,8,1],"rotation":{"angle":0,"axis":"y","origin":[8,10,2]},"faces":{"north":{"uv":[3.875,7.5,4.125,7.625],"texture":"#particle"},"east":{"uv":[3.375,7.5,3.875,7.625],"texture":"#particle"},"south":{"uv":[4.625,7.5,4.875,7.625],"texture":"#particle"},"west":{"uv":[4.125,7.5,4.625,7.625],"texture":"#particle"},"down":{"uv":[4.125,8.125,3.875,7.625],"texture":"#particle"}}},{"from":[18,7,-3],"to":[20,8,1],"rotation":{"angle":0,"axis":"y","origin":[30,10,2]},"faces":{"north":{"uv":[3.875,7.5,4.125,7.625],"texture":"#particle"},"east":{"uv":[3.375,7.5,3.875,7.625],"texture":"#particle"},"south":{"uv":[4.625,7.5,4.875,7.625],"texture":"#particle"},"west":{"uv":[4.125,7.5,4.625,7.625],"texture":"#particle"},"down":{"uv":[4.125,8.125,3.875,7.625],"texture":"#particle"}}},{"from":[2,16,-2],"to":[14,20,-1],"rotation":{"angle":22.5,"axis":"x","origin":[8,16,-1]},"faces":{"north":{"uv":[10.625,2.25,12.125,2.75],"texture":"#particle"},"east":{"uv":[10.5,2.25,10.625,2.75],"texture":"#particle"},"south":{"uv":[12.125,3.375,10.625,2.875],"texture":"#particle"},"west":{"uv":[12.125,2.25,12.25,2.75],"texture":"#particle"},"up":{"uv":[12.125,2.25,10.625,2.125],"texture":"#particle"},"down":{"uv":[12.125,2.875,10.625,2.75],"texture":"#particle"}}},{"from":[-4,14,0],"to":[-3,16,10],"rotation":{"angle":0,"axis":"y","origin":[8,17,5]},"faces":{"east":{"uv":[5,3.875,6.25,4.125],"texture":"#particle"},"west":{"uv":[5,4.375,6.25,4.625],"texture":"#particle"},"up":{"uv":[9.875,3.375,9.75,2.125],"texture":"#particle"}}},{"from":[4,14,11],"to":[5,16,21],"rotation":{"angle":0,"axis":"y","origin":[16,17,16]},"faces":{"east":{"uv":[5,4.875,6.25,5.125],"texture":"#particle"},"west":{"uv":[5,5.375,6.25,5.625],"texture":"#particle"},"up":{"uv":[10.25,3.375,10.125,2.125],"texture":"#particle"}}},{"from":[-4,8,0],"to":[20,14,11],"rotation":{"angle":0,"axis":"y","origin":[8,16,5]},"faces":{"east":{"uv":[9.375,0.125,10.75,0.875],"texture":"#particle"},"south":{"uv":[6.875,2.25,3.875,1.5],"texture":"#particle"},"west":{"uv":[9.375,1.125,10.75,1.875],"texture":"#particle"},"up":{"uv":[6.875,3.625,3.875,2.25],"texture":"#particle"},"down":{"uv":[6.875,1.5,3.875,0.125],"texture":"#particle"}}},{"from":[4,8,11],"to":[20,14,22],"rotation":{"angle":0,"axis":"y","origin":[8,16,16]},"faces":{"east":{"uv":[11,0.125,12.375,0.875],"texture":"#particle"},"south":{"uv":[9.125,2.25,7.125,1.5],"texture":"#particle"},"west":{"uv":[11,1.125,12.375,1.875],"texture":"#particle"},"up":{"uv":[9.125,3.625,7.125,2.25],"texture":"#particle"},"down":{"uv":[9.125,1.5,7.125,0.125],"texture":"#particle"}}},{"from":[11,0,20],"to":[13,7,22],"rotation":{"angle":0,"axis":"y","origin":[12,10,16]},"faces":{"north":{"uv":[6.625,7.625,6.875,8.5],"texture":"#particle"},"east":{"uv":[6.375,7.625,6.625,8.5],"texture":"#particle"},"south":{"uv":[7.125,7.625,7.375,8.5],"texture":"#particle"},"west":{"uv":[6.875,7.625,7.125,8.5],"texture":"#particle"},"down":{"uv":[6.875,8.75,6.625,8.5],"texture":"#particle"}}},{"from":[10,7,20],"to":[14,8,22],"rotation":{"angle":0,"axis":"y","origin":[12,11,16]},"faces":{"north":{"uv":[10,4.5,10.5,4.625],"texture":"#particle"},"east":{"uv":[9.75,4.5,10,4.625],"texture":"#particle"},"south":{"uv":[10.75,4.5,11.25,4.625],"texture":"#particle"},"west":{"uv":[10.5,4.5,10.75,4.625],"texture":"#particle"},"down":{"uv":[10.5,4.875,10,4.625],"texture":"#particle"}}},{"from":[-4,16,0],"to":[20,17,11],"rotation":{"angle":-22.5,"axis":"z","origin":[20,16,11]},"faces":{"north":{"uv":[0.125,6.375,3.125,6.5],"texture":"#particle"},"east":{"uv":[0.125,8.25,1.5,8.375],"texture":"#particle"},"south":{"uv":[3.125,8,0.125,7.875],"texture":"#particle"},"west":{"uv":[0.125,8.625,1.5,8.75],"texture":"#particle"},"up":{"uv":[3.125,6.375,0.125,5],"texture":"#particle"},"down":{"uv":[3.125,7.875,0.125,6.5],"texture":"#particle"}}},{"from":[-1.30662,5.5132,2],"to":[-0.30662,15.5132,3],"rotation":{"angle":-22.5,"axis":"z","origin":[21.69338,15.5132,12]},"faces":{"north":{"uv":[8,5.875,8.125,7.125],"texture":"#particle"},"east":{"uv":[7.875,5.875,8,7.125],"texture":"#particle"},"south":{"uv":[8.25,5.875,8.375,7.125],"texture":"#particle"},"west":{"uv":[8.125,5.875,8.25,7.125],"texture":"#particle"}}},{"from":[4,16,11],"to":[20,17,22],"rotation":{"angle":-22.5,"axis":"z","origin":[20,16,11]},"faces":{"east":{"uv":[1.75,8.25,3.125,8.375],"texture":"#particle"},"south":{"uv":[7.625,7.375,5.625,7.25],"texture":"#particle"},"west":{"uv":[1.75,8.625,3.125,8.75],"texture":"#particle"},"up":{"uv":[5.375,7.25,3.375,5.875],"texture":"#particle"},"down":{"uv":[7.625,7.25,5.625,5.875],"texture":"#particle"}}},{"from":[-4,14,10],"to":[5,16,11],"rotation":{"angle":0,"axis":"y","origin":[8,17,9]},"faces":{"north":{"uv":[9.875,4,11,4.25],"texture":"#particle"},"east":{"uv":[9.75,4,9.875,4.25],"texture":"#particle"},"south":{"uv":[11,3.875,9.875,3.625],"texture":"#particle"},"west":{"uv":[11,4,11.125,4.25],"texture":"#particle"},"up":{"uv":[11,4,9.875,3.875],"texture":"#particle"}}},{"from":[19,14,0],"to":[20,16,21],"rotation":{"angle":0,"axis":"y","origin":[31,17,5]},"faces":{"east":{"uv":[6.5,3.875,9.125,4.125],"texture":"#particle"},"west":{"uv":[6.5,4.375,9.125,4.625],"texture":"#particle"},"up":{"uv":[9.5,4.75,9.375,2.125],"texture":"#particle"}}},{"from":[4,14,21],"to":[20,16,22],"rotation":{"angle":0,"axis":"y","origin":[30,17,3]},"faces":{"north":{"uv":[6.625,5.25,8.625,5.5],"texture":"#particle"},"east":{"uv":[6.5,5.25,6.625,5.5],"texture":"#particle"},"south":{"uv":[8.625,5.125,6.625,4.875],"texture":"#particle"},"west":{"uv":[8.625,5.25,8.75,5.5],"texture":"#particle"},"up":{"uv":[8.625,5.25,6.625,5.125],"texture":"#particle"}}}],"display":{"thirdperson_righthand":{"rotation":[75,45,0],"translation":[0,2.5,0],"scale":[0.375,0.375,0.375]},"thirdperson_lefthand":{"rotation":[75,45,0],"translation":[0,2.5,0],"scale":[0.375,0.375,0.375]},"firstperson_righthand":{"rotation":[0,45,0],"scale":[0.4,0.4,0.4]},"firstperson_lefthand":{"rotation":[0,225,0],"scale":[0.4,0.4,0.4]},"ground":{"translation":[0,1,0],"scale":[0.5,0.5,0.5]},"gui":{"rotation":[30,225,0],"translation":[0,-1,0],"scale":[0.4,0.4,0.4]},"fixed":{"rotation":[-90,0,0],"translation":[-16,16,-16],"scale":[2,2,2]}}}