{
	"credit": "Made with Blockbench",
	"texture_size": [64, 64],
	"textures": {
		"2": "glorious:item/hotel/classic_hotel_chair",
		"particle": "glorious:item/hotel/classic_hotel_chair"
	},
	"elements": [
		{
			"from": [2, 0, 2],
			"to": [4, 6, 4],
			"faces": {
				"north": {"uv": [0.5, 9, 1, 10.5], "texture": "#2"},
				"east": {"uv": [1, 9, 1.5, 10.5], "texture": "#2"},
				"south": {"uv": [1.5, 9, 2, 10.5], "texture": "#2"},
				"west": {"uv": [2, 9, 2.5, 10.5], "texture": "#2"},
				"up": {"uv": [11.25, 2.5, 10.75, 2], "texture": "#2"},
				"down": {"uv": [4.5, 10.75, 4, 11.25], "texture": "#2"}
			}
		},
		{
			"from": [2, 8, 2],
			"to": [4, 14, 4],
			"faces": {
				"north": {"uv": [9, 8.75, 9.5, 10.25], "texture": "#2"},
				"east": {"uv": [9.5, 8.75, 10, 10.25], "texture": "#2"},
				"south": {"uv": [10, 8.75, 10.5, 10.25], "texture": "#2"},
				"west": {"uv": [10.25, 5.75, 10.75, 7.25], "texture": "#2"},
				"up": {"uv": [5, 11.25, 4.5, 10.75], "texture": "#2"},
				"down": {"uv": [11.25, 4.75, 10.75, 5.25], "texture": "#2"}
			}
		},
		{
			"from": [2, 12, 4],
			"to": [4, 14, 12],
			"faces": {
				"north": {"uv": [11, 7.75, 11.5, 8.25], "texture": "#2"},
				"east": {"uv": [8.5, 3.5, 10.5, 4], "texture": "#2"},
				"south": {"uv": [11, 8.25, 11.5, 8.75], "texture": "#2"},
				"west": {"uv": [8.5, 7.75, 10.5, 8.25], "texture": "#2"},
				"up": {"uv": [8, 10.75, 7.5, 8.75], "texture": "#2"},
				"down": {"uv": [8.5, 8.75, 8, 10.75], "texture": "#2"}
			}
		},
		{
			"from": [12, 0, 2],
			"to": [14, 6, 4],
			"faces": {
				"north": {"uv": [0, 10.75, 0.5, 12.25], "texture": "#2"},
				"east": {"uv": [10.75, 0.5, 11.25, 2], "texture": "#2"},
				"south": {"uv": [2.5, 10.75, 3, 12.25], "texture": "#2"},
				"west": {"uv": [3, 10.75, 3.5, 12.25], "texture": "#2"},
				"up": {"uv": [11.5, 4, 11, 3.5], "texture": "#2"},
				"down": {"uv": [11.5, 7.25, 11, 7.75], "texture": "#2"}
			}
		},
		{
			"from": [12, 8, 2],
			"to": [14, 14, 4],
			"faces": {
				"north": {"uv": [10.5, 7.25, 11, 8.75], "texture": "#2"},
				"east": {"uv": [8.5, 10.5, 9, 12], "texture": "#2"},
				"south": {"uv": [10.5, 8.75, 11, 10.25], "texture": "#2"},
				"west": {"uv": [10.5, 10.25, 11, 11.75], "texture": "#2"},
				"up": {"uv": [11.5, 3, 11, 2.5], "texture": "#2"},
				"down": {"uv": [11.5, 3, 11, 3.5], "texture": "#2"}
			}
		},
		{
			"from": [12, 12, 4],
			"to": [14, 14, 12],
			"faces": {
				"north": {"uv": [8, 10.75, 8.5, 11.25], "texture": "#2"},
				"east": {"uv": [8.5, 2.5, 10.5, 3], "texture": "#2"},
				"south": {"uv": [11, 0, 11.5, 0.5], "texture": "#2"},
				"west": {"uv": [8.5, 3, 10.5, 3.5], "texture": "#2"},
				"up": {"uv": [7, 10.75, 6.5, 8.75], "texture": "#2"},
				"down": {"uv": [7.5, 8.75, 7, 10.75], "texture": "#2"}
			}
		},
		{
			"from": [2, 0, 12],
			"to": [4, 6, 14],
			"faces": {
				"north": {"uv": [9, 10.25, 9.5, 11.75], "texture": "#2"},
				"east": {"uv": [9.5, 10.25, 10, 11.75], "texture": "#2"},
				"south": {"uv": [10, 10.25, 10.5, 11.75], "texture": "#2"},
				"west": {"uv": [0.5, 10.5, 1, 12], "texture": "#2"},
				"up": {"uv": [6, 11.25, 5.5, 10.75], "texture": "#2"},
				"down": {"uv": [11.25, 5.75, 10.75, 6.25], "texture": "#2"}
			}
		},
		{
			"from": [2, 8, 12],
			"to": [4, 16, 14],
			"faces": {
				"north": {"uv": [2.5, 8.75, 3, 10.75], "texture": "#2"},
				"east": {"uv": [3, 8.75, 3.5, 10.75], "texture": "#2"},
				"south": {"uv": [3.5, 8.75, 4, 10.75], "texture": "#2"},
				"west": {"uv": [4, 8.75, 4.5, 10.75], "texture": "#2"},
				"up": {"uv": [5.5, 11.25, 5, 10.75], "texture": "#2"},
				"down": {"uv": [11.25, 5.25, 10.75, 5.75], "texture": "#2"}
			}
		},
		{
			"from": [12, 0, 12],
			"to": [14, 6, 14],
			"rotation": {"angle": 0, "axis": "y", "origin": [16, 0, 0]},
			"faces": {
				"north": {"uv": [1, 10.5, 1.5, 12], "texture": "#2"},
				"east": {"uv": [1.5, 10.5, 2, 12], "texture": "#2"},
				"south": {"uv": [2, 10.5, 2.5, 12], "texture": "#2"},
				"west": {"uv": [10.5, 2.5, 11, 4], "texture": "#2"},
				"up": {"uv": [7.5, 11.25, 7, 10.75], "texture": "#2"},
				"down": {"uv": [8, 10.75, 7.5, 11.25], "texture": "#2"}
			}
		},
		{
			"from": [12, 8, 12],
			"to": [14, 16, 14],
			"rotation": {"angle": 0, "axis": "y", "origin": [16, 0, 0]},
			"faces": {
				"north": {"uv": [4.5, 8.75, 5, 10.75], "texture": "#2"},
				"east": {"uv": [5, 8.75, 5.5, 10.75], "texture": "#2"},
				"south": {"uv": [5.5, 8.75, 6, 10.75], "texture": "#2"},
				"west": {"uv": [6, 8.75, 6.5, 10.75], "texture": "#2"},
				"up": {"uv": [7, 11.25, 6.5, 10.75], "texture": "#2"},
				"down": {"uv": [11.25, 6.75, 10.75, 7.25], "texture": "#2"}
			}
		},
		{
			"from": [4, 14, 12],
			"to": [13, 16, 14],
			"faces": {
				"north": {"uv": [8.5, 0.5, 10.75, 1], "texture": "#2"},
				"east": {"uv": [6, 10.75, 6.5, 11.25], "texture": "#2"},
				"south": {"uv": [8.5, 1, 10.75, 1.5], "texture": "#2"},
				"west": {"uv": [10.75, 6.25, 11.25, 6.75], "texture": "#2"},
				"up": {"uv": [10.75, 2, 8.5, 1.5], "texture": "#2"},
				"down": {"uv": [10.75, 2, 8.5, 2.5], "texture": "#2"}
			}
		},
		{
			"from": [3, 4, 3],
			"to": [13, 6, 13],
			"faces": {
				"north": {"uv": [8.25, 4.75, 10.75, 5.25], "texture": "#2"},
				"east": {"uv": [8.25, 5.25, 10.75, 5.75], "texture": "#2"},
				"south": {"uv": [5.5, 8.25, 8, 8.75], "texture": "#2"},
				"west": {"uv": [8, 8.25, 10.5, 8.75], "texture": "#2"},
				"up": {"uv": [2.5, 8.5, 0, 6], "texture": "#2"},
				"down": {"uv": [8.5, 0, 6, 2.5], "texture": "#2"}
			}
		},
		{
			"from": [2, 6, 2],
			"to": [14, 8, 14],
			"faces": {
				"north": {"uv": [2.5, 7.75, 5.5, 8.25], "texture": "#2", "tintindex": 0},
				"east": {"uv": [5.5, 7.75, 8.5, 8.25], "texture": "#2", "tintindex": 0},
				"south": {"uv": [2.5, 8.25, 5.5, 8.75], "texture": "#2", "tintindex": 0},
				"west": {"uv": [8.25, 4.25, 11.25, 4.75], "texture": "#2", "tintindex": 0},
				"up": {"uv": [6, 3, 3, 0], "texture": "#2", "tintindex": 0},
				"down": {"uv": [6, 3, 3, 6], "texture": "#2", "tintindex": 0}
			}
		},
		{
			"from": [2, 6, 2],
			"to": [14, 8, 14],
			"faces": {
				"north": {"uv": [7.25, 5.75, 10.25, 6.25], "texture": "#2"},
				"east": {"uv": [7.25, 6.25, 10.25, 6.75], "texture": "#2"},
				"south": {"uv": [7.25, 6.75, 10.25, 7.25], "texture": "#2"},
				"west": {"uv": [7.25, 7.25, 10.25, 7.75], "texture": "#2"},
				"up": {"uv": [3, 3, 0, 0], "texture": "#2"},
				"down": {"uv": [3, 3, 0, 6], "texture": "#2"}
			}
		},
		{
			"from": [3, 8, 11],
			"to": [13, 15, 13],
			"faces": {
				"north": {"uv": [2.5, 6, 5, 7.75], "texture": "#2", "tintindex": 0},
				"east": {"uv": [8.5, 8.75, 9, 10.5], "texture": "#2", "tintindex": 0},
				"south": {"uv": [6, 2.5, 8.5, 4.25], "texture": "#2", "tintindex": 0},
				"west": {"uv": [0, 9, 0.5, 10.75], "texture": "#2", "tintindex": 0},
				"up": {"uv": [2.5, 9, 0, 8.5], "texture": "#2", "tintindex": 0},
				"down": {"uv": [11, 0, 8.5, 0.5], "texture": "#2", "tintindex": 0}
			}
		},
		{
			"from": [4, 8, 13],
			"to": [13, 14, 14],
			"faces": {
				"north": {"uv": [6, 4.25, 8.25, 5.75], "texture": "#2"},
				"east": {"uv": [3.5, 10.75, 3.75, 12.25], "texture": "#2"},
				"south": {"uv": [5, 6, 7.25, 7.5], "texture": "#2"},
				"west": {"uv": [3.75, 10.75, 4, 12.25], "texture": "#2"},
				"up": {"uv": [7.25, 7.75, 5, 7.5], "texture": "#2"},
				"down": {"uv": [10.75, 4, 8.5, 4.25], "texture": "#2"}
			}
		}
	],
	"display": {
		"thirdperson_righthand": {
			"rotation": [75, 45, 0],
			"translation": [0, 2.5, 0],
			"scale": [0.375, 0.375, 0.375]
		},
		"thirdperson_lefthand": {
			"rotation": [75, 45, 0],
			"translation": [0, 2.5, 0],
			"scale": [0.375, 0.375, 0.375]
		},
		"firstperson_righthand": {
			"rotation": [0, 45, 0],
			"scale": [0.4, 0.4, 0.4]
		},
		"firstperson_lefthand": {
			"rotation": [0, 225, 0],
			"scale": [0.4, 0.4, 0.4]
		},
		"ground": {
			"translation": [0, 3, 0],
			"scale": [0.25, 0.25, 0.25]
		},
		"gui": {
			"rotation": [30, 225, 0],
			"scale": [0.625, 0.625, 0.625]
		},
		"fixed": {
			"rotation": [-90, 0, 0],
			"translation": [0, 0, -16],
			"scale": [2, 2, 2]
		}
	}
}