{"textures":{"0":"glorious:entity/nocsy_cat3"},"elements":[{"from":[7.0571427,5.74371,7.131472],"to":[8.6,8.429424,8.674329],"rotation":{"angle":0.0,"axis":"y","origin":[7.8285713,6.313942,8.071725]},"faces":{"east":{"uv":[1.0,9.0,1.75,10.25],"rotation":0,"texture":"#0","tintindex":0},"south":{"uv":[2.0,9.0,2.75,10.25],"rotation":0,"texture":"#0","tintindex":0},"north":{"uv":[0.0,9.0,0.75,10.25],"rotation":0,"texture":"#0","tintindex":0},"west":{"uv":[3.0,9.0,3.75,10.25],"rotation":0,"texture":"#0","tintindex":0},"up":{"uv":[6.75,11.75,6.0,11.0],"rotation":0,"texture":"#0","tintindex":0},"down":{"uv":[7.75,11.0,7.0,11.75],"rotation":0,"texture":"#0","tintindex":0}}}],"display":{"head":{"translation":[0.0,-6.4,0.0],"scale":[4.0,4.0,4.0]}}}