{"textures":{"0":"glorious:entity/nocsy_thread_ball"},"elements":[{"from":[9.007967,6.5714283,7.5557337],"to":[9.007967,9.428572,10.412877],"rotation":{"angle":45.0,"axis":"y","origin":[9.007967,8.0,8.984305]},"faces":{"east":{"uv":[9.0,3.0,11.5,5.5],"rotation":0,"texture":"#0","tintindex":0},"south":{"uv":[12.0,0.0,12.0,2.5],"rotation":0,"texture":"#0","tintindex":0},"north":{"uv":[0.0,12.0,0.0,14.5],"rotation":0,"texture":"#0","tintindex":0},"west":{"uv":[6.0,9.0,8.5,11.5],"rotation":0,"texture":"#0","tintindex":0},"up":{"uv":[0.5,14.5,0.5,12.0],"rotation":0,"texture":"#0","tintindex":0},"down":{"uv":[1.0,12.0,1.0,14.5],"rotation":0,"texture":"#0","tintindex":0}}}],"display":{"head":{"translation":[0.0,-6.4,0.0],"scale":[4.0,4.0,4.0]}}}