{
    "sources": [
        {
            "type": "directory",
            "source": "entity",
            "prefix": "entity/"
        },
        {
            "type": "directory",
            "source": "custom",
            "prefix": "custom/"
        }
  ]
}
{"sources":[{"source":"entity","prefix":"entity/","type":"directory"},{"resource":"architect_pack:/blue_print_big","sprite":"architect_pack:/blue_print_big","type":"single"},{"resource":"architect_pack:/blue_print_big_plain","sprite":"architect_pack:/blue_print_big_plain","type":"single"},{"resource":"architect_pack:/blue_print_medium","sprite":"architect_pack:/blue_print_medium","type":"single"},{"resource":"architect_pack:/blue_print_medium_plain","sprite":"architect_pack:/blue_print_medium_plain","type":"single"},{"resource":"architect_pack:/blue_print_small","sprite":"architect_pack:/blue_print_small","type":"single"},{"resource":"architect_pack:/blue_print_small_plain","sprite":"architect_pack:/blue_print_small_plain","type":"single"},{"resource":"architect_pack:/boulder","sprite":"architect_pack:/boulder","type":"single"},{"resource":"architect_pack:/diploma","sprite":"architect_pack:/diploma","type":"single"},{"resource":"architect_pack:/documents","sprite":"architect_pack:/documents","type":"single"},{"resource":"architect_pack:/globe","sprite":"architect_pack:/globe","type":"single"},{"resource":"architect_pack:/notes","sprite":"architect_pack:/notes","type":"single"},{"resource":"architect_pack:/plank_oak","sprite":"architect_pack:/plank_oak","type":"single"},{"resource":"architect_pack:/project_table","sprite":"architect_pack:/project_table","type":"single"},{"resource":"architect_pack:/project_table_full","sprite":"architect_pack:/project_table_full","type":"single"},{"resource":"architect_pack:/project_table_lamp","sprite":"architect_pack:/project_table_lamp","type":"single"},{"resource":"architect_pack:/push_cart","sprite":"architect_pack:/push_cart","type":"single"},{"resource":"architect_pack:/rolled_blue_print","sprite":"architect_pack:/rolled_blue_print","type":"single"},{"resource":"architect_pack:/stand_oak","sprite":"architect_pack:/stand_oak","type":"single"}]}