{"textures":{"0":"glorious:entity/nocsy_cat6"},"elements":[{"from":[7.0571427,5.7726254,7.3454614],"to":[8.6,8.45834,8.888319],"rotation":{"angle":0.0,"axis":"y","origin":[7.8285713,6.342857,8.285714]},"faces":{"east":{"uv":[7.0,7.75,7.75,9.0],"rotation":0,"texture":"#0","tintindex":0},"south":{"uv":[0.0,8.0,0.75,9.25],"rotation":0,"texture":"#0","tintindex":0},"north":{"uv":[2.5,7.25,3.25,8.5],"rotation":0,"texture":"#0","tintindex":0},"west":{"uv":[3.5,8.0,4.25,9.25],"rotation":0,"texture":"#0","tintindex":0},"up":{"uv":[11.25,4.75,10.5,4.0],"rotation":0,"texture":"#0","tintindex":0},"down":{"uv":[7.25,10.5,6.5,11.25],"rotation":0,"texture":"#0","tintindex":0}}}],"display":{"head":{"translation":[0.0,-6.4,0.0],"scale":[4.0,4.0,4.0]}}}