{"credit":"Made with Blockbench","textures":{"particle":"glorious:item/mc/gfx_pinboard"},"elements":[{"from":[-8,0,8],"to":[24,24,9],"rotation":{"angle":0,"axis":"y","origin":[16,8,16]},"faces":{"north":{"uv":[0.5,0.5,8.5,6.5],"texture":"#particle"},"east":{"uv":[0.25,0.5,0.5,6.5],"texture":"#particle"},"south":{"uv":[8.5,12.75,0.5,6.75],"texture":"#particle"},"west":{"uv":[8.5,0.5,8.75,6.5],"texture":"#particle"},"up":{"uv":[8.5,0.5,0.5,0.25],"texture":"#particle"},"down":{"uv":[8.5,6.75,0.5,6.5],"texture":"#particle"}}},{"from":[-8,23,7],"to":[24,24,8],"rotation":{"angle":0,"axis":"y","origin":[16,8,16]},"faces":{"north":{"uv":[0.5,13.5,8.5,13.75],"texture":"#particle"},"east":{"uv":[0.25,13.5,0.5,13.75],"texture":"#particle"},"west":{"uv":[8.5,13.5,8.75,13.75],"texture":"#particle"},"up":{"uv":[8.5,13.5,0.5,13.25],"texture":"#particle"},"down":{"uv":[8.5,14,0.5,13.75],"texture":"#particle"}}},{"from":[-8,0,7],"to":[24,1,8],"rotation":{"angle":0,"axis":"y","origin":[16,-15,16]},"faces":{"north":{"uv":[0.5,14.75,8.5,15],"texture":"#particle"},"east":{"uv":[0.25,14.75,0.5,15],"texture":"#particle"},"west":{"uv":[8.5,14.75,8.75,15],"texture":"#particle"},"up":{"uv":[8.5,14.75,0.5,14.5],"texture":"#particle"},"down":{"uv":[8.5,15.25,0.5,15],"texture":"#particle"}}},{"from":[-8,1,7],"to":[-7,23,8],"rotation":{"angle":0,"axis":"y","origin":[16,-14,16]},"faces":{"north":{"uv":[10.75,0.25,11,5.75],"texture":"#particle"},"east":{"uv":[10.5,0.25,10.75,5.75],"texture":"#particle"},"west":{"uv":[11,0.25,11.25,5.75],"texture":"#particle"}}},{"from":[23,1,7],"to":[24,23,8],"rotation":{"angle":0,"axis":"y","origin":[47,-14,16]},"faces":{"north":{"uv":[9.5,0.25,9.75,5.75],"texture":"#particle"},"east":{"uv":[9.25,0.25,9.5,5.75],"texture":"#particle"},"west":{"uv":[9.75,0.25,10,5.75],"texture":"#particle"}}},{"from":[16,14,7.75],"to":[21,21,7.76],"rotation":{"angle":0,"axis":"z","origin":[18.5,19.5,7.5]},"faces":{"north":{"uv":[11.75,0.25,13,2],"texture":"#particle"}}},{"from":[8,4,7.75],"to":[13,11,7.76],"rotation":{"angle":-22.5,"axis":"z","origin":[10.5,9.5,7.5]},"faces":{"north":{"uv":[11.75,2.5,13,4.25],"texture":"#particle"}}},{"from":[-1,13,7.75],"to":[2,18,7.76],"rotation":{"angle":22.5,"axis":"z","origin":[0.5,16.5,7.5]},"faces":{"north":{"uv":[13.5,0.25,14.25,1.5],"texture":"#particle"}}},{"from":[0,16,7],"to":[1,17,8],"rotation":{"angle":0,"axis":"y","origin":[0.5,16.5,7.5]},"faces":{"north":{"uv":[9.25,9.25,9.5,9.5],"texture":"#particle"},"east":{"uv":[9.25,9.25,9.5,9.5],"texture":"#particle"},"west":{"uv":[9.25,9.25,9.5,9.5],"texture":"#particle"},"up":{"uv":[9.5,9.5,9.25,9.25],"texture":"#particle"},"down":{"uv":[9.5,9.5,9.25,9.25],"texture":"#particle"}}},{"from":[18,19,7],"to":[19,20,8],"rotation":{"angle":0,"axis":"y","origin":[18.5,19.5,7.5]},"faces":{"north":{"uv":[9.25,6.25,9.5,6.5],"texture":"#particle"},"east":{"uv":[9.25,6.25,9.5,6.5],"texture":"#particle"},"west":{"uv":[9.25,6.25,9.5,6.5],"texture":"#particle"},"up":{"uv":[9.5,6.5,9.25,6.25],"texture":"#particle"},"down":{"uv":[9.5,6.5,9.25,6.25],"texture":"#particle"}}},{"from":[10,9,7],"to":[11,10,8],"rotation":{"angle":0,"axis":"y","origin":[10.5,9.5,7.5]},"faces":{"north":{"uv":[9.25,8.5,9.5,8.75],"texture":"#particle"},"east":{"uv":[9.25,8.5,9.5,8.75],"texture":"#particle"},"west":{"uv":[9.25,8.5,9.5,8.75],"texture":"#particle"},"up":{"uv":[9.5,8.75,9.25,8.5],"texture":"#particle"},"down":{"uv":[9.5,8.75,9.25,8.5],"texture":"#particle"}}},{"from":[-4,21,7],"to":[-3,22,8],"rotation":{"angle":0,"axis":"y","origin":[4,29,15]},"faces":{"north":{"uv":[9.25,10,9.5,10.25],"texture":"#particle"},"east":{"uv":[9.25,10,9.5,10.25],"texture":"#particle"},"west":{"uv":[9.25,10,9.5,10.25],"texture":"#particle"},"up":{"uv":[9.5,10.25,9.25,10],"texture":"#particle"},"down":{"uv":[9.5,10.25,9.25,10],"texture":"#particle"}}},{"from":[-6,19,7],"to":[-5,20,8],"rotation":{"angle":0,"axis":"y","origin":[2,27,15]},"faces":{"north":{"uv":[9.25,10.75,9.5,11],"texture":"#particle"},"east":{"uv":[9.25,10.75,9.5,11],"texture":"#particle"},"west":{"uv":[9.25,10.75,9.5,11],"texture":"#particle"},"up":{"uv":[9.5,11,9.25,10.75],"texture":"#particle"},"down":{"uv":[9.5,11,9.25,10.75],"texture":"#particle"}}},{"from":[19,7,7],"to":[20,8,8],"rotation":{"angle":0,"axis":"y","origin":[27,15,15]},"faces":{"north":{"uv":[9.25,7,9.5,7.25],"texture":"#particle"},"east":{"uv":[9.25,7,9.5,7.25],"texture":"#particle"},"west":{"uv":[9.25,7,9.5,7.25],"texture":"#particle"},"up":{"uv":[9.5,7.25,9.25,7],"texture":"#particle"},"down":{"uv":[9.5,7.25,9.25,7],"texture":"#particle"}}},{"from":[8,17,7],"to":[9,18,8],"rotation":{"angle":0,"axis":"y","origin":[16,25,15]},"faces":{"north":{"uv":[9.25,7.75,9.5,8],"texture":"#particle"},"east":{"uv":[9.25,7.75,9.5,8],"texture":"#particle"},"west":{"uv":[9.25,7.75,9.5,8],"texture":"#particle"},"up":{"uv":[9.5,8,9.25,7.75],"texture":"#particle"},"down":{"uv":[9.5,8,9.25,7.75],"texture":"#particle"}}}],"display":{"thirdperson_righthand":{"rotation":[75,45,0],"translation":[0.5,2.5,0],"scale":[0.375,0.375,0.375]},"thirdperson_lefthand":{"rotation":[75,45,0],"translation":[0.5,2.5,0],"scale":[0.375,0.375,0.375]},"firstperson_righthand":{"rotation":[0,135,0],"scale":[0.4,0.4,0.4]},"firstperson_lefthand":{"rotation":[0,135,0],"scale":[0.4,0.4,0.4]},"ground":{"translation":[0,1,0],"scale":[0.5,0.5,0.5]},"gui":{"rotation":[30,225,0],"translation":[0,-1.5,0],"scale":[0.45,0.45,0.45]},"fixed":{"translation":[-16,0,-2],"scale":[2,2,2]}}}