{"textures":{"particle":"glorious:item/mc/gfx_gaming_desk"},"elements":[{"name":"dyeable","from":[-8,15,2],"to":[24,16,16],"rotation":{"angle":0,"axis":"y","origin":[16,8,8]},"faces":{"north":{"uv":[0.25,14.75,8.25,15],"texture":"#particle","tintindex":0},"east":{"uv":[14.25,2,10.75,2.25],"texture":"#particle","tintindex":0},"south":{"uv":[8.25,7.75,0.25,7.5],"texture":"#particle","tintindex":0},"west":{"uv":[10.75,2,14.25,2.25],"texture":"#particle","tintindex":0}}},{"name":"dyeable","from":[16,11,1],"to":[22,12,15],"rotation":{"angle":0,"axis":"y","origin":[40,4,6]},"faces":{"north":{"uv":[8.75,3.75,10.25,4],"texture":"#particle","tintindex":0},"east":{"uv":[14.25,2.75,10.75,3],"texture":"#particle","tintindex":0},"south":{"uv":[10.25,7.75,8.75,7.5],"texture":"#particle","tintindex":0},"west":{"uv":[10.75,2.75,14.25,3],"texture":"#particle","tintindex":0}}},{"name":"dyeable","from":[16,1,1],"to":[22,2,15],"rotation":{"angle":0,"axis":"y","origin":[40,-6,6]},"faces":{"north":{"uv":[8.75,3.75,10.25,4],"texture":"#particle","tintindex":0},"east":{"uv":[14.25,2.75,10.75,3],"texture":"#particle","tintindex":0},"south":{"uv":[10.25,7.75,8.75,7.5],"texture":"#particle","tintindex":0},"west":{"uv":[10.75,2.75,14.25,3],"texture":"#particle","tintindex":0}}},{"name":"dyeable","from":[15,15,0],"to":[24,16,2],"rotation":{"angle":0,"axis":"y","origin":[0,8,6]},"faces":{"north":{"uv":[13,0.75,10.75,1],"texture":"#particle","tintindex":0},"east":{"uv":[13.5,0.75,13,1],"texture":"#particle","tintindex":0}}},{"name":"dyeable","from":[12.12132,14.99375,-1.70711],"to":[15.12132,15.99375,0.29289],"rotation":{"angle":45,"axis":"y","origin":[17.12132,15.49375,-0.70711]},"faces":{"north":{"uv":[14.75,0.75,14,1],"texture":"#particle","tintindex":0}}},{"name":"dyeable","from":[0.87868,14.99375,-1.70711],"to":[3.87868,15.99375,0.29289],"rotation":{"angle":-45,"axis":"y","origin":[-1.12132,15.49375,-0.70711]},"faces":{"north":{"uv":[14,0.75,14.75,1],"texture":"#particle","tintindex":0}}},{"name":"dyeable","from":[-8,15,0],"to":[1,16,2],"rotation":{"angle":0,"axis":"y","origin":[16,8,6]},"faces":{"north":{"uv":[10.75,0.75,13,1],"texture":"#particle","tintindex":0},"west":{"uv":[13,0.75,13.5,1],"texture":"#particle","tintindex":0}}},{"from":[-8,15,2],"to":[24,16,16],"rotation":{"angle":0,"axis":"y","origin":[16,8,8]},"faces":{"up":{"uv":[8.25,3.75,0.25,0.25],"texture":"#particle"},"down":{"uv":[8.25,7.5,0.25,4],"texture":"#particle"}}},{"from":[-8,15,0],"to":[1,16,2],"rotation":{"angle":0,"axis":"y","origin":[16,8,6]},"faces":{"up":{"uv":[13,0.75,10.75,0.25],"texture":"#particle"},"down":{"uv":[13,1.5,10.75,1],"texture":"#particle"}}},{"from":[15,15,0],"to":[24,16,2],"rotation":{"angle":0,"axis":"y","origin":[0,8,6]},"faces":{"up":{"uv":[10.75,0.75,13,0.25],"texture":"#particle"},"down":{"uv":[10.75,1.5,13,1],"texture":"#particle"}}},{"from":[16,11,1],"to":[22,12,15],"rotation":{"angle":0,"axis":"y","origin":[40,4,6]},"faces":{"up":{"uv":[10.25,3.75,8.75,0.25],"texture":"#particle"},"down":{"uv":[10.25,7.5,8.75,4],"texture":"#particle"}}},{"from":[16,1,1],"to":[22,2,15],"rotation":{"angle":0,"axis":"y","origin":[40,-6,6]},"faces":{"up":{"uv":[10.25,3.75,8.75,0.25],"texture":"#particle"},"down":{"uv":[10.25,7.5,8.75,4],"texture":"#particle"}}},{"from":[-7,0,1],"to":[-6,15,3],"rotation":{"angle":0,"axis":"y","origin":[12,7,7]},"faces":{"north":{"uv":[0.75,10,1,13.75],"texture":"#particle"},"east":{"uv":[0.25,10,0.75,13.75],"texture":"#particle"},"south":{"uv":[1.5,10,1.75,13.75],"texture":"#particle"},"west":{"uv":[1,10,1.5,13.75],"texture":"#particle"},"down":{"uv":[1,14.25,0.75,13.75],"texture":"#particle"}}},{"from":[15,0,1],"to":[16,15,3],"rotation":{"angle":0,"axis":"y","origin":[34,7,7]},"faces":{"north":{"uv":[0.75,10,1,13.75],"texture":"#particle"},"east":{"uv":[0.25,10,0.75,13.75],"texture":"#particle"},"south":{"uv":[1.5,10,1.75,13.75],"texture":"#particle"},"west":{"uv":[1,10,1.5,13.75],"texture":"#particle"},"down":{"uv":[1,14.25,0.75,13.75],"texture":"#particle"}}},{"from":[22,0,1],"to":[23,15,3],"rotation":{"angle":0,"axis":"y","origin":[4,7,7]},"faces":{"north":{"uv":[1,10,0.75,13.75],"texture":"#particle"},"east":{"uv":[1.5,10,1,13.75],"texture":"#particle"},"south":{"uv":[1.75,10,1.5,13.75],"texture":"#particle"},"west":{"uv":[0.75,10,0.25,13.75],"texture":"#particle"},"down":{"uv":[0.75,14.25,1,13.75],"texture":"#particle"}}},{"from":[-7,13,3],"to":[-6,15,13],"rotation":{"angle":0,"axis":"y","origin":[12,7,9]},"faces":{"east":{"uv":[4.25,10,6.75,10.5],"texture":"#particle"},"west":{"uv":[4.25,11,6.75,11.5],"texture":"#particle"},"down":{"uv":[8,10.75,7.75,8.25],"texture":"#particle"}}},{"from":[15,13,3],"to":[16,15,13],"rotation":{"angle":0,"axis":"y","origin":[34,7,9]},"faces":{"east":{"uv":[4.25,10,6.75,10.5],"texture":"#particle"},"west":{"uv":[4.25,11,6.75,11.5],"texture":"#particle"},"down":{"uv":[8,10.75,7.75,8.25],"texture":"#particle"}}},{"from":[22,13,3],"to":[23,15,13],"rotation":{"angle":0,"axis":"y","origin":[4,7,9]},"faces":{"east":{"uv":[6.75,11,4.25,11.5],"texture":"#particle"},"west":{"uv":[6.75,10,4.25,10.5],"texture":"#particle"},"down":{"uv":[7.75,10.75,8,8.25],"texture":"#particle"}}},{"from":[-7,0,3],"to":[-6,2,13],"rotation":{"angle":0,"axis":"y","origin":[12,-6,9]},"faces":{"east":{"uv":[4.25,12,6.75,12.5],"texture":"#particle"},"west":{"uv":[4.25,13,6.75,13.5],"texture":"#particle"},"up":{"uv":[8.75,10.75,8.5,8.25],"texture":"#particle"},"down":{"uv":[9.5,10.75,9.25,8.25],"texture":"#particle"}}},{"from":[-6,13,14],"to":[22,15,15],"rotation":{"angle":0,"axis":"y","origin":[13,7,11]},"faces":{"north":{"uv":[0.25,8.25,7.25,8.75],"texture":"#particle"},"south":{"uv":[7.25,9.5,0.25,9],"texture":"#particle"},"down":{"uv":[7.25,9,0.25,8.75],"texture":"#particle"}}},{"from":[-7,0,13],"to":[-6,15,15],"rotation":{"angle":0,"axis":"y","origin":[12,7,18]},"faces":{"north":{"uv":[2.75,10,3,13.75],"texture":"#particle"},"east":{"uv":[2.25,10,2.75,13.75],"texture":"#particle"},"south":{"uv":[3.5,10,3.75,13.75],"texture":"#particle"},"west":{"uv":[3,10,3.5,13.75],"texture":"#particle"},"down":{"uv":[3,14.25,2.75,13.75],"texture":"#particle"}}},{"from":[15,0,13],"to":[16,15,15],"rotation":{"angle":0,"axis":"y","origin":[34,7,18]},"faces":{"north":{"uv":[2.75,10,3,13.75],"texture":"#particle"},"east":{"uv":[2.25,10,2.75,13.75],"texture":"#particle"},"south":{"uv":[3.5,10,3.75,13.75],"texture":"#particle"},"west":{"uv":[3,10,3.5,13.75],"texture":"#particle"},"down":{"uv":[3,14.25,2.75,13.75],"texture":"#particle"}}},{"from":[22,0,13],"to":[23,15,15],"rotation":{"angle":0,"axis":"y","origin":[4,7,18]},"faces":{"north":{"uv":[3,10,2.75,13.75],"texture":"#particle"},"east":{"uv":[3.5,10,3,13.75],"texture":"#particle"},"south":{"uv":[3.75,10,3.5,13.75],"texture":"#particle"},"west":{"uv":[2.75,10,2.25,13.75],"texture":"#particle"},"down":{"uv":[2.75,14.25,3,13.75],"texture":"#particle"}}},{"from":[0.87868,14.99375,-1.70711],"to":[3.87868,15.99375,0.29289],"rotation":{"angle":-45,"axis":"y","origin":[-1.12132,15.49375,-0.70711]},"faces":{"up":{"uv":[14.75,0.75,14,0.25],"texture":"#particle"},"down":{"uv":[14.75,1.5,14,1],"texture":"#particle"}}},{"from":[12.12132,14.99375,-1.70711],"to":[15.12132,15.99375,0.29289],"rotation":{"angle":45,"axis":"y","origin":[17.12132,15.49375,-0.70711]},"faces":{"up":{"uv":[14,0.75,14.75,0.25],"texture":"#particle"},"down":{"uv":[14,1.5,14.75,1],"texture":"#particle"}}}],"display":{"thirdperson_righthand":{"rotation":[75,45,0],"translation":[0,2.5,-1],"scale":[0.375,0.375,0.375]},"firstperson_righthand":{"rotation":[0,135,0],"translation":[0,0,1],"scale":[0.4,0.4,0.4]},"ground":{"translation":[0,1,0],"scale":[0.5,0.5,0.5]},"gui":{"rotation":[30,225,0],"scale":[0.45,0.45,0.45]},"head":{"translation":[0,-32.4,0],"scale":[1.6,1.6,1.6]},"fixed":{"rotation":[-90,0,0],"translation":[-16,0,-16],"scale":[2,2,2]}}}