{"credit":"MadewithBlockbench","texture_size":[32,32],"textures":{"0":"glorious:item/bakery/pain_de_campagne","particle":"glorious:item/bakery/pain_de_campagne"},"elements":[{"from":[0,1,1],"to":[16,3,15],"rotation":{"angle":0,"axis":"y","origin":[8,0.5,8]},"faces":{"north":{"uv":[8,1,16,2],"texture":"#0"},"east":{"uv":[8,2,15,3],"texture":"#0"},"south":{"uv":[8,1,16,2],"texture":"#0"},"west":{"uv":[8,2,15,3],"texture":"#0"}}},{"from":[16,1,1],"to":[0,3,15],"rotation":{"angle":0,"axis":"y","origin":[8,0.5,8]},"faces":{"north":{"uv":[16,1,8,2],"texture":"#0"},"east":{"uv":[15,2,8,3],"texture":"#0"},"south":{"uv":[16,1,8,2],"texture":"#0"},"west":{"uv":[15,2,8,3],"texture":"#0"}}},{"from":[0,0,1],"to":[16,1,15],"rotation":{"angle":0,"axis":"y","origin":[8,0.5,8]},"faces":{"north":{"uv":[8,0,16,0.5],"texture":"#0"},"east":{"uv":[8,0.5,15,1],"texture":"#0"},"south":{"uv":[8,0,16,0.5],"texture":"#0"},"west":{"uv":[8,0.5,15,1],"texture":"#0"},"up":{"uv":[8,7,0,0],"texture":"#0"},"down":{"uv":[8,0,0,7],"texture":"#0"}}},{"from":[1.55962,4.18225,6.77373],"to":[7.55962,7.18225,12.77373],"rotation":{"angle":-45,"axis":"x","origin":[3.80962,3.43225,12.27373]},"faces":{"north":{"uv":[11,3,14,4.5],"texture":"#0"},"east":{"uv":[11,3,14,4.5],"texture":"#0"},"south":{"uv":[11,3,14,4.5],"texture":"#0"},"west":{"uv":[11,3,14,4.5],"texture":"#0"},"up":{"uv":[11,6,8,3],"texture":"#0"},"down":{"uv":[11,6,8,9],"texture":"#0"}}},{"from":[0.80962,3.1268,0.79366],"to":[6.80962,6.1268,6.79366],"rotation":{"angle":-22.5,"axis":"x","origin":[3.80962,5.3768,6.79366]},"faces":{"north":{"uv":[11,3,14,4.5],"texture":"#0"},"east":{"uv":[11,3,14,4.5],"texture":"#0"},"south":{"uv":[11,3,14,4.5],"texture":"#0"},"west":{"uv":[11,3,14,4.5],"texture":"#0"},"up":{"uv":[11,6,8,3],"texture":"#0"},"down":{"uv":[11,6,8,9],"texture":"#0"}}},{"from":[7.80962,3.1268,0.54366],"to":[13.80962,6.1268,6.54366],"rotation":{"angle":-22.5,"axis":"x","origin":[3.80962,5.3768,6.79366]},"faces":{"north":{"uv":[11,3,14,4.5],"texture":"#0"},"east":{"uv":[11,3,14,4.5],"texture":"#0"},"south":{"uv":[11,3,14,4.5],"texture":"#0"},"west":{"uv":[11,3,14,4.5],"texture":"#0"},"up":{"uv":[11,6,8,3],"texture":"#0"},"down":{"uv":[11,6,8,9],"texture":"#0"}}},{"from":[9.30962,4.18225,6.77373],"to":[15.30962,7.18225,12.77373],"rotation":{"angle":-45,"axis":"x","origin":[3.80962,3.43225,12.27373]},"faces":{"north":{"uv":[11,3,14,4.5],"texture":"#0"},"east":{"uv":[11,3,14,4.5],"texture":"#0"},"south":{"uv":[11,3,14,4.5],"texture":"#0"},"west":{"uv":[11,3,14,4.5],"texture":"#0"},"up":{"uv":[11,6,8,3],"texture":"#0"},"down":{"uv":[11,6,8,9],"texture":"#0"}}},{"from":[0.55962,1.18225,9.77373],"to":[6.55962,4.18225,15.77373],"rotation":{"angle":-45,"axis":"x","origin":[3.80962,3.43225,12.27373]},"faces":{"north":{"uv":[11,3,14,4.5],"texture":"#0"},"east":{"uv":[11,3,14,4.5],"texture":"#0"},"south":{"uv":[11,3,14,4.5],"texture":"#0"},"west":{"uv":[11,3,14,4.5],"texture":"#0"},"up":{"uv":[11,6,8,3],"texture":"#0"},"down":{"uv":[11,6,8,9],"texture":"#0"}}},{"from":[8.30962,1.18225,9.77373],"to":[14.30962,4.18225,15.77373],"rotation":{"angle":-45,"axis":"x","origin":[3.80962,3.43225,12.27373]},"faces":{"north":{"uv":[11,3,14,4.5],"texture":"#0"},"east":{"uv":[11,3,14,4.5],"texture":"#0"},"south":{"uv":[11,3,14,4.5],"texture":"#0"},"west":{"uv":[11,3,14,4.5],"texture":"#0"},"up":{"uv":[11,6,8,3],"texture":"#0"},"down":{"uv":[11,6,8,9],"texture":"#0"}}}],"gui_light":"front","display":{"thirdperson_righthand":{"rotation":[67.5,0,0],"translation":[0,2.75,1.5],"scale":[0.38867,0.38867,0.38867]},"thirdperson_lefthand":{"rotation":[67.5,0,0],"translation":[0,2.75,1.5],"scale":[0.38867,0.38867,0.38867]},"firstperson_righthand":{"translation":[0,4.75,0],"scale":[0.545,0.545,0.545]},"firstperson_lefthand":{"translation":[0,4.75,0],"scale":[0.545,0.545,0.545]},"ground":{"translation":[0,3,0],"scale":[0.5,0.5,0.5]},"gui":{"rotation":[30,225,0],"translation":[0,2.5,0],"scale":[0.625,0.625,0.625]},"head":{"translation":[0,-30.25,0],"scale":[0,0,0]},"fixed":{"rotation":[-90,0,0],"translation":[0,0,-16],"scale":[2,2,2]}}}