{"credit":"MadewithBlockbench","texture_size":[64,64],"textures":{"0":"glorious:item/bakery/cake","particle":"glorious:item/bakery/cake"},"elements":[{"from":[4,0,4],"to":[12,2,12],"rotation":{"angle":0,"axis":"y","origin":[7,0,7]},"faces":{"north":{"uv":[1,6,3,6.5],"texture":"#0"},"east":{"uv":[1,6,3,6.5],"texture":"#0"},"south":{"uv":[1,6,3,6.5],"texture":"#0"},"west":{"uv":[1,6,3,6.5],"texture":"#0"},"up":{"uv":[3,6,1,4],"texture":"#0"},"down":{"uv":[3,4,1,6],"texture":"#0"}}},{"from":[6,2,6],"to":[10,6,10],"rotation":{"angle":0,"axis":"y","origin":[7,0,7]},"faces":{"north":{"uv":[0,4,1,5],"texture":"#0"},"east":{"uv":[0,4,1,5],"texture":"#0"},"south":{"uv":[0,4,1,5],"texture":"#0"},"west":{"uv":[0,4,1,5],"texture":"#0"}}},{"from":[1,6,1],"to":[15,8,15],"rotation":{"angle":0,"axis":"y","origin":[7,0,7]},"faces":{"north":{"uv":[0,3.5,3.5,4],"texture":"#0"},"east":{"uv":[0,3.5,3.5,4],"texture":"#0"},"south":{"uv":[0,3.5,3.5,4],"texture":"#0"},"west":{"uv":[0,3.5,3.5,4],"texture":"#0"},"up":{"uv":[3.5,3.5,0,0],"texture":"#0"},"down":{"uv":[3.5,0,0,3.5],"texture":"#0"}}},{"from":[2,8,2],"to":[14,14,14],"rotation":{"angle":0,"axis":"y","origin":[7,0,7]},"faces":{"north":{"uv":[6.5,0,9.5,1.5],"texture":"#0"},"east":{"uv":[6.5,0,9.5,1.5],"texture":"#0"},"south":{"uv":[6.5,0,9.5,1.5],"texture":"#0"},"west":{"uv":[6.5,0,9.5,1.5],"texture":"#0"},"up":{"uv":[6.5,3,3.5,0],"texture":"#0"}}}],"gui_light":"front","display":{"thirdperson_righthand":{"rotation":[67.5,0,0],"translation":[0,1.25,1.25],"scale":[0.375,0.375,0.375]},"thirdperson_lefthand":{"rotation":[67.5,0,0],"translation":[0,1.25,1.25],"scale":[0.375,0.375,0.375]},"firstperson_righthand":{"translation":[0,3.5,0],"scale":[0.47422,0.47422,0.47422]},"firstperson_lefthand":{"translation":[0,3.5,0],"scale":[0.47422,0.47422,0.47422]},"ground":{"translation":[0,3,0],"scale":[0.5,0.5,0.5]},"gui":{"rotation":[30,225,0],"translation":[0,-0.5,0],"scale":[0.625,0.625,0.625]},"head":{"translation":[0,-30.5,0],"scale":[0,0,0]},"fixed":{"rotation":[-90,0,0],"translation":[0,0,-16],"scale":[2,2,2]}}}