{"credit":"MadewithBlockbench","texture_size":[64,64],"textures":{"0":"glorious:item/bakery/pie","particle":"glorious:item/bakery/pie"},"elements":[{"from":[1,0,1],"to":[15,1,15],"rotation":{"angle":0,"axis":"y","origin":[7,0,7]},"faces":{"north":{"uv":[0,0,3.5,0.25],"texture":"#0"},"east":{"uv":[0,0,3.5,0.25],"texture":"#0"},"south":{"uv":[0,0,3.5,0.25],"texture":"#0"},"west":{"uv":[0,0,3.5,0.25],"texture":"#0"},"up":{"uv":[3.5,3.75,0,0.25],"texture":"#0"},"down":{"uv":[3.5,0.25,0,3.75],"texture":"#0"}}},{"from":[2,1,2],"to":[14,8,14],"rotation":{"angle":0,"axis":"y","origin":[7,0,10]},"faces":{"north":{"uv":[0,3.75,3,5.5],"texture":"#0"},"east":{"uv":[0,3.75,3,5.5],"texture":"#0"},"south":{"uv":[0,3.75,3,5.5],"texture":"#0"},"west":{"uv":[0,3.75,3,5.5],"texture":"#0"},"up":{"uv":[3,8.5,0,5.5],"texture":"#0"}}},{"from":[6.5,8,6.5],"to":[9.5,9,9.5],"rotation":{"angle":-45,"axis":"y","origin":[8,9,8]},"faces":{"north":{"uv":[0,8.5,0.75,8.75],"texture":"#0"},"east":{"uv":[0,8.5,0.75,8.75],"texture":"#0"},"south":{"uv":[0,8.5,0.75,8.75],"texture":"#0"},"west":{"uv":[0,8.5,0.75,8.75],"texture":"#0"},"up":{"uv":[0.75,9.5,0,8.75],"texture":"#0"}}},{"from":[3,1,3],"to":[13,4,13],"rotation":{"angle":0,"axis":"y","origin":[7,0,7]},"faces":{"north":{"uv":[3.5,2.5,6,3.25],"texture":"#0"},"east":{"uv":[3.5,2.5,6,3.25],"texture":"#0"},"south":{"uv":[3.5,2.5,6,3.25],"texture":"#0"},"west":{"uv":[3.5,2.5,6,3.25],"texture":"#0"},"up":{"uv":[6,2.5,3.5,0],"texture":"#0"}}}],"gui_light":"front","display":{"thirdperson_righthand":{"rotation":[67.5,0,0],"translation":[0,2.5,1.25],"scale":[0.375,0.375,0.375]},"thirdperson_lefthand":{"rotation":[67.5,0,0],"translation":[0,2.5,1.25],"scale":[0.375,0.375,0.375]},"firstperson_righthand":{"translation":[0,4.75,0],"scale":[0.55266,0.55266,0.55266]},"firstperson_lefthand":{"translation":[0,4.75,0],"scale":[0.55266,0.55266,0.55266]},"ground":{"translation":[0,3,0],"scale":[0.5,0.5,0.5]},"gui":{"rotation":[30,225,0],"translation":[0,2.25,0],"scale":[0.625,0.625,0.625]},"head":{"translation":[0,-30,0],"scale":[0,0,0]},"fixed":{"rotation":[-90,0,0],"translation":[0,0,-16],"scale":[2,2,2]}}}