{"textures":{"0":"glorious:entity/nocsy_cat3"},"elements":[{"from":[7.41155,6.3080873,7.2119875],"to":[8.954407,8.422373,8.754845],"rotation":{"angle":0.0,"axis":"y","origin":[8.182979,6.8783193,7.814592]},"faces":{"east":{"uv":[9.75,7.5,10.5,8.5],"rotation":0,"texture":"#0","tintindex":0},"south":{"uv":[10.25,4.75,11.0,5.75],"rotation":0,"texture":"#0","tintindex":0},"north":{"uv":[7.0,9.75,7.75,10.75],"rotation":0,"texture":"#0","tintindex":0},"west":{"uv":[8.0,10.25,8.75,11.25],"rotation":0,"texture":"#0","tintindex":0},"up":{"uv":[11.25,9.5,10.5,8.75],"rotation":0,"texture":"#0","tintindex":0},"down":{"uv":[11.5,6.0,10.75,6.75],"rotation":0,"texture":"#0","tintindex":0}}}],"display":{"head":{"translation":[0.0,-6.4,0.0],"scale":[4.0,4.0,4.0]}}}