{"textures":{"0":"glorious:entity/nocsy_cat3"},"elements":[{"from":[7.0857143,7.0857143,7.3714285],"to":[8.914286,8.914286,10.342857],"rotation":{"angle":0.0,"axis":"y","origin":[8.0,8.0,9.428572]},"faces":{"east":{"uv":[0.0,8.0,1.25,8.75],"rotation":0,"texture":"#0","tintindex":0},"south":{"uv":[1.0,10.5,1.75,11.25],"rotation":0,"texture":"#0","tintindex":0},"north":{"uv":[10.5,0.0,11.25,0.75],"rotation":0,"texture":"#0","tintindex":0},"west":{"uv":[7.0,8.75,8.25,9.5],"rotation":0,"texture":"#0","tintindex":0},"up":{"uv":[9.5,8.5,8.75,7.25],"rotation":0,"texture":"#0","tintindex":0},"down":{"uv":[9.25,8.75,8.5,10.0],"rotation":0,"texture":"#0","tintindex":0}}}],"display":{"head":{"translation":[0.0,-6.4,0.0],"scale":[4.0,4.0,4.0]}}}