{"credit":"MadewithBlockbench","texture_size":[128,128],"textures":{"0":"glorious:item/office_decoration_v1/office_printer","particle":"glorious:item/office_decoration_v1/office_printer"},"elements":[{"from":[0,2,1],"to":[16,12,15],"rotation":{"angle":0,"axis":"y","origin":[0,0,1]},"faces":{"north":{"uv":[2,1.25,4,2.5],"texture":"#0"},"east":{"uv":[2,2.5,3.75,3.75],"texture":"#0"},"south":{"uv":[4,1.25,2,2.5],"texture":"#0"},"west":{"uv":[0,3.5,1.75,4.75],"texture":"#0"},"up":{"uv":[2,1.75,0,0],"texture":"#0"},"down":{"uv":[2,1.75,0,3.5],"texture":"#0"}}},{"from":[-1,12,1],"to":[17,14,15],"rotation":{"angle":0,"axis":"y","origin":[0,0,1]},"faces":{"north":{"uv":[3.25,5.75,5.5,6],"texture":"#0"},"east":{"uv":[3.25,5.25,5,5.5],"texture":"#0"},"south":{"uv":[3.25,6,5.5,6.25],"texture":"#0"},"west":{"uv":[3.25,5.5,5,5.75],"texture":"#0"},"up":{"uv":[6.25,1.75,4,0],"texture":"#0"},"down":{"uv":[6.25,1.75,4,3.5],"texture":"#0"}}},{"from":[1,17,1],"to":[13,19,15],"rotation":{"angle":0,"axis":"y","origin":[0,-4,1]},"faces":{"north":{"uv":[0,5,1.5,5.25],"texture":"#0"},"east":{"uv":[0,4.75,1.75,5],"texture":"#0"},"south":{"uv":[0,5,1.5,5.25],"texture":"#0"},"west":{"uv":[0,4.75,1.75,5],"texture":"#0"},"up":{"uv":[1.5,7,0,5.25],"texture":"#0"},"down":{"uv":[1.5,5.25,0,7],"texture":"#0"}}},{"from":[2,19,7],"to":[12,20,14],"rotation":{"angle":0,"axis":"y","origin":[0,-4,1]},"faces":{"north":{"uv":[1.75,3.75,3,3.875],"texture":"#0"},"east":{"uv":[1.75,4.625,2.5,4.75],"texture":"#0"},"south":{"uv":[1.5,6.25,2.75,6.375],"texture":"#0"},"west":{"uv":[1.75,4.625,2.5,4.75],"texture":"#0"},"up":{"uv":[3,4.625,1.75,3.875],"texture":"#0"},"down":{"uv":[3,3.875,1.75,4.625],"texture":"#0"}}},{"from":[2,14,1],"to":[12,17,15],"rotation":{"angle":0,"axis":"y","origin":[0,-4,1]},"faces":{"north":{"uv":[1.75,4.75,3,5.125],"texture":"#0"},"east":{"uv":[1.5,5.5,3.25,5.875],"texture":"#0"},"south":{"uv":[1.75,5.125,3,5.5],"texture":"#0"},"west":{"uv":[1.5,5.875,3.25,6.25],"texture":"#0"}}},{"from":[11,14.5,3],"to":[19,15.5,13],"rotation":{"angle":22.5,"axis":"z","origin":[12,15,9]},"faces":{"north":{"uv":[4.25,3.625,5.25,3.75],"texture":"#0"},"east":{"uv":[4.25,3.5,5.5,3.625],"texture":"#0"},"south":{"uv":[4.25,3.625,5.25,3.75],"texture":"#0"},"west":{"uv":[4.25,3.5,5.5,3.625],"texture":"#0"},"up":{"uv":[5.25,5,4.25,3.75],"texture":"#0"},"down":{"uv":[5.25,3.75,4.25,5],"texture":"#0"}}},{"from":[-4,14.5,3],"to":[3,15.5,13],"rotation":{"angle":-22.5,"axis":"z","origin":[2.5,15,9]},"faces":{"north":{"uv":[3,3.875,3.875,4],"texture":"#0"},"east":{"uv":[3,3.75,4.25,3.875],"texture":"#0"},"south":{"uv":[3,3.875,3.875,4],"texture":"#0"},"west":{"uv":[3,3.75,4.25,3.875],"texture":"#0"},"up":{"uv":[3.875,5.25,3,4],"texture":"#0"},"down":{"uv":[3.875,4,3,5.25],"texture":"#0"}}},{"from":[13,0,2],"to":[15,2,4],"rotation":{"angle":0,"axis":"y","origin":[0,0,1]},"faces":{"north":{"uv":[1.5,5.25,1.75,5.5],"texture":"#0"},"east":{"uv":[1.5,5.25,1.75,5.5],"texture":"#0"},"south":{"uv":[1.5,5.25,1.75,5.5],"texture":"#0"},"west":{"uv":[1.5,5.25,1.75,5.5],"texture":"#0"},"up":{"uv":[1.75,5.25,1.5,5],"texture":"#0"},"down":{"uv":[1.75,5,1.5,5.25],"texture":"#0"}}},{"from":[1,0,2],"to":[3,2,4],"rotation":{"angle":0,"axis":"y","origin":[16,0,1]},"faces":{"north":{"uv":[1.75,5.25,1.5,5.5],"texture":"#0"},"east":{"uv":[1.75,5.25,1.5,5.5],"texture":"#0"},"south":{"uv":[1.75,5.25,1.5,5.5],"texture":"#0"},"west":{"uv":[1.75,5.25,1.5,5.5],"texture":"#0"},"up":{"uv":[1.5,5.25,1.75,5],"texture":"#0"},"down":{"uv":[1.5,5,1.75,5.25],"texture":"#0"}}},{"from":[1,0,12],"to":[3,2,14],"rotation":{"angle":0,"axis":"y","origin":[16,0,15]},"faces":{"north":{"uv":[1.5,5.25,1.75,5.5],"texture":"#0"},"east":{"uv":[1.5,5.25,1.75,5.5],"texture":"#0"},"south":{"uv":[1.5,5.25,1.75,5.5],"texture":"#0"},"west":{"uv":[1.5,5.25,1.75,5.5],"texture":"#0"},"up":{"uv":[1.5,5,1.75,5.25],"texture":"#0"},"down":{"uv":[1.5,5.25,1.75,5],"texture":"#0"}}},{"from":[13,0,12],"to":[15,2,14],"rotation":{"angle":0,"axis":"y","origin":[0,0,15]},"faces":{"north":{"uv":[1.75,5.25,1.5,5.5],"texture":"#0"},"east":{"uv":[1.75,5.25,1.5,5.5],"texture":"#0"},"south":{"uv":[1.75,5.25,1.5,5.5],"texture":"#0"},"west":{"uv":[1.75,5.25,1.5,5.5],"texture":"#0"},"up":{"uv":[1.75,5,1.5,5.25],"texture":"#0"},"down":{"uv":[1.75,5.25,1.5,5],"texture":"#0"}}}],"gui_light":"front","display":{"thirdperson_righthand":{"rotation":[67.5,0,0],"translation":[0,2.25,0.25],"scale":[0.3261,0.3261,0.3261]},"thirdperson_lefthand":{"rotation":[67.5,0,0],"translation":[0,2.25,0.25],"scale":[0.3261,0.3261,0.3261]},"firstperson_righthand":{"translation":[-0.5,2.75,1.5],"scale":[0.41414,0.41414,0.41414]},"firstperson_lefthand":{"translation":[-0.5,2.75,1.5],"scale":[0.41414,0.41414,0.41414]},"ground":{"translation":[0.75,4.25,0],"scale":[0.42188,0.42188,0.42188]},"gui":{"rotation":[30,225,0],"translation":[0,-1.25,0],"scale":[0.46516,0.46516,0.46516]},"head":{"rotation":[0,180,0],"translation":[0,-30.25,0],"scale":[0,0,0]},"fixed":{"rotation":[-90,0,0],"translation":[0,0,-16],"scale":[2,2,2]}}}