{
	"credit": "Made with Blockbench",
	"texture_size": [32, 32],
	"textures": {
		"1": "glorious:item/messy_room/folded_clothes_2"
	},
	"elements": [
		{
			"from": [4, 0, 2],
			"to": [12, 3, 12],
			"faces": {
				"north": {"uv": [0, 6.5, 4, 8], "texture": "#1", "tintindex": 0},
				"east": {"uv": [0, 5, 5, 6.5], "texture": "#1", "tintindex": 0},
				"south": {"uv": [4, 6.5, 8, 8], "texture": "#1", "tintindex": 0},
				"west": {"uv": [5, 5, 10, 6.5], "texture": "#1", "tintindex": 0},
				"up": {"uv": [4, 5, 0, 0], "texture": "#1", "tintindex": 0},
				"down": {"uv": [8, 0, 4, 5], "texture": "#1", "tintindex": 0}
			}
		},
		{
			"from": [4, 3, 2],
			"to": [12, 6, 12],
			"rotation": {"angle": 22.5, "axis": "y", "origin": [8, 4.5, 7]},
			"faces": {
				"north": {"uv": [0, 6.5, 4, 8], "texture": "#1", "tintindex": 0},
				"east": {"uv": [0, 5, 5, 6.5], "texture": "#1", "tintindex": 0},
				"south": {"uv": [4, 6.5, 8, 8], "texture": "#1", "tintindex": 0},
				"west": {"uv": [5, 5, 10, 6.5], "texture": "#1", "tintindex": 0},
				"up": {"uv": [4, 5, 0, 0], "texture": "#1", "tintindex": 0},
				"down": {"uv": [8, 0, 4, 5], "texture": "#1", "tintindex": 0}
			}
		}
	],
	"display": {
		"thirdperson_righthand": {
			"rotation": [75, 45, 0],
			"translation": [0, 2.5, 0],
			"scale": [0.375, 0.375, 0.375]
		},
		"thirdperson_lefthand": {
			"rotation": [75, 45, 0],
			"translation": [0, 2.5, 0],
			"scale": [0.375, 0.375, 0.375]
		},
		"firstperson_righthand": {
			"rotation": [0, 45, 0],
			"scale": [0.4, 0.4, 0.4]
		},
		"firstperson_lefthand": {
			"rotation": [0, 225, 0],
			"scale": [0.4, 0.4, 0.4]
		},
		"ground": {
			"translation": [0, 3, 0],
			"scale": [0.25, 0.25, 0.25]
		},
		"gui": {
			"rotation": [30, 225, 0],
			"translation": [0, 2.25, 0],
			"scale": [0.625, 0.625, 0.625]
		},
		"fixed": {
			"rotation": [-90, 0, 0],
			"translation": [0, 0, -16],
			"scale": [2, 2, 2]
		}
	}
}