{"textures":{"0":"glorious:entity/nocsy_cat1"},"elements":[{"from":[4.6357784,7.1110353,7.888546],"to":[8.06435,10.539607,7.9314027],"rotation":{"angle":22.5,"axis":"z","origin":[5.997525,9.077858,7.9717064]},"faces":{"east":{"uv":[2.875,6.5,3.0,7.25],"rotation":0,"texture":"#0","tintindex":0},"south":{"uv":[3.875,0.875,4.625,1.625],"rotation":0,"texture":"#0","tintindex":0},"north":{"uv":[3.875,0.0,4.625,0.75],"rotation":0,"texture":"#0","tintindex":0},"west":{"uv":[3.125,6.5,3.25,7.25],"rotation":0,"texture":"#0","tintindex":0},"up":{"uv":[7.25,6.25,6.5,6.125],"rotation":0,"texture":"#0","tintindex":0},"down":{"uv":[7.25,6.375,6.5,6.5],"rotation":0,"texture":"#0","tintindex":0}}},{"from":[7.9676204,7.1110353,7.888546],"to":[11.396192,10.539607,7.9314027],"rotation":{"angle":-22.5,"axis":"z","origin":[10.034445,9.077858,7.9717064]},"faces":{"east":{"uv":[3.375,6.5,3.5,7.25],"rotation":0,"texture":"#0","tintindex":0},"south":{"uv":[3.875,2.625,4.625,3.375],"rotation":0,"texture":"#0","tintindex":0},"north":{"uv":[3.875,1.75,4.625,2.5],"rotation":0,"texture":"#0","tintindex":0},"west":{"uv":[4.875,6.5,5.0,7.25],"rotation":0,"texture":"#0","tintindex":0},"up":{"uv":[7.375,0.125,6.625,0.0],"rotation":0,"texture":"#0","tintindex":0},"down":{"uv":[7.375,0.25,6.625,0.375],"rotation":0,"texture":"#0","tintindex":0}}}],"display":{"head":{"translation":[0.0,-6.4,0.0],"scale":[4.0,4.0,4.0]}}}