{"textures":{"0":"glorious:entity/nocsy_cat1"},"elements":[{"from":[7.142857,7.0346484,7.2448263],"to":[8.857143,8.1775055,8.959112],"rotation":{"angle":0.0,"axis":"y","origin":[10.571428,5.2060766,10.159112]},"faces":{"east":{"uv":[6.625,4.75,7.0,5.0],"rotation":0,"texture":"#0","tintindex":0},"south":{"uv":[6.625,5.125,7.0,5.375],"rotation":0,"texture":"#0","tintindex":0},"north":{"uv":[6.625,2.625,7.0,2.875],"rotation":0,"texture":"#0","tintindex":0},"west":{"uv":[6.5,6.625,6.875,6.875],"rotation":0,"texture":"#0","tintindex":0},"up":{"uv":[3.5,6.375,3.125,6.0],"rotation":0,"texture":"#0","tintindex":0},"down":{"uv":[5.375,6.0,5.0,6.375],"rotation":0,"texture":"#0","tintindex":0}}}],"display":{"head":{"translation":[0.0,-6.4,0.0],"scale":[4.0,4.0,4.0]}}}