{"textures":{"0":"glorious:entity/nocsy_cat3"},"elements":[{"from":[7.2285714,7.1505823,7.2428083],"to":[8.771429,8.6934395,10.499951],"rotation":{"angle":0.0,"axis":"y","origin":[8.285714,3.1220107,4.8713794]},"faces":{"east":{"uv":[6.0,6.75,7.5,7.5],"rotation":0,"texture":"#0","tintindex":0},"south":{"uv":[9.0,10.25,9.75,11.0],"rotation":0,"texture":"#0","tintindex":0},"north":{"uv":[9.5,0.0,10.25,0.75],"rotation":0,"texture":"#0","tintindex":0},"west":{"uv":[3.5,7.0,5.0,7.75],"rotation":0,"texture":"#0","tintindex":0},"up":{"uv":[2.5,4.5,1.75,3.0],"rotation":0,"texture":"#0","tintindex":0},"down":{"uv":[2.25,7.25,1.5,8.75],"rotation":0,"texture":"#0","tintindex":0}}}],"display":{"head":{"translation":[0.0,-6.4,0.0],"scale":[4.0,4.0,4.0]}}}