{"textures":{"0":"glorious:entity/nocsy_cat4"},"elements":[{"from":[7.142857,7.000343,6.9714284],"to":[8.857143,8.1432,8.685715],"rotation":{"angle":0.0,"axis":"y","origin":[10.571428,5.171771,5.771428]},"faces":{"east":{"uv":[10.5,12.5,9.75,13.0],"rotation":0,"texture":"#0","tintindex":0},"south":{"uv":[13.25,8.75,12.5,9.25],"rotation":0,"texture":"#0","tintindex":0},"north":{"uv":[13.25,8.0,12.5,8.5],"rotation":0,"texture":"#0","tintindex":0},"west":{"uv":[9.5,12.5,8.75,13.0],"rotation":0,"texture":"#0","tintindex":0},"up":{"uv":[11.5,4.75,12.25,4.0],"rotation":0,"texture":"#0","tintindex":0},"down":{"uv":[11.5,5.0,12.25,5.75],"rotation":0,"texture":"#0","tintindex":0}}}],"display":{"head":{"translation":[0.0,-6.4,0.0],"scale":[4.0,4.0,4.0]}}}