{"textures":{"0":"glorious:entity/nocsy_cat4"},"elements":[{"from":[7.142857,7.0346484,7.2448263],"to":[8.857143,8.1775055,8.959112],"rotation":{"angle":0.0,"axis":"y","origin":[5.428571,5.2060766,10.159112]},"faces":{"east":{"uv":[12.5,2.0,13.25,2.5],"rotation":0,"texture":"#0","tintindex":0},"south":{"uv":[12.5,4.0,13.25,4.5],"rotation":0,"texture":"#0","tintindex":0},"north":{"uv":[12.25,11.75,13.0,12.25],"rotation":0,"texture":"#0","tintindex":0},"west":{"uv":[4.5,12.5,5.25,13.0],"rotation":0,"texture":"#0","tintindex":0},"up":{"uv":[1.75,12.0,1.0,11.25],"rotation":0,"texture":"#0","tintindex":0},"down":{"uv":[2.75,11.25,2.0,12.0],"rotation":0,"texture":"#0","tintindex":0}}}],"display":{"head":{"translation":[0.0,-6.4,0.0],"scale":[4.0,4.0,4.0]}}}