{"textures":{"0":"glorious:entity/nocsy_cat4"},"elements":[{"from":[7.142857,7.142857,7.428571],"to":[8.857143,8.857143,10.857143],"rotation":{"angle":0.0,"axis":"y","origin":[8.0,8.0,9.428572]},"faces":{"east":{"uv":[7.75,3.75,9.25,4.5],"rotation":0,"texture":"#0","tintindex":0},"south":{"uv":[5.0,11.0,5.75,11.75],"rotation":0,"texture":"#0","tintindex":0},"north":{"uv":[11.0,3.0,11.75,3.75],"rotation":0,"texture":"#0","tintindex":0},"west":{"uv":[7.75,4.75,9.25,5.5],"rotation":0,"texture":"#0","tintindex":0},"up":{"uv":[0.75,9.75,0.0,8.25],"rotation":0,"texture":"#0","tintindex":0},"down":{"uv":[9.25,5.75,8.5,7.25],"rotation":0,"texture":"#0","tintindex":0}}}],"display":{"head":{"translation":[0.0,-6.4,0.0],"scale":[4.0,4.0,4.0]}}}