{"credit":"MadewithBlockbench","texture_size":[64,64],"textures":{"0":"glorious:item/bakery/counter_1","particle":"glorious:item/bakery/counter_1"},"elements":[{"from":[0,2,2],"to":[16,14,14],"rotation":{"angle":0,"axis":"y","origin":[7,0,7]},"faces":{"north":{"uv":[0,5,4,8],"texture":"#0"},"east":{"uv":[4,5,7,8],"texture":"#0"},"south":{"uv":[0,5,4,8],"texture":"#0"},"west":{"uv":[4,5,7,8],"texture":"#0"}}},{"from":[0,14,0],"to":[16,16,16],"rotation":{"angle":0,"axis":"y","origin":[7,0,7]},"faces":{"north":{"uv":[0,4.5,4,5],"texture":"#0"},"east":{"uv":[0,4,4,4.5],"texture":"#0"},"south":{"uv":[0,4.5,4,5],"texture":"#0"},"west":{"uv":[0,4,4,4.5],"texture":"#0"},"up":{"uv":[4,4,0,0],"texture":"#0"},"down":{"uv":[4,0,0,4],"texture":"#0"}}},{"from":[0,0,0],"to":[16,2,16],"rotation":{"angle":0,"axis":"y","origin":[7,0,7]},"faces":{"north":{"uv":[0,4.5,4,5],"texture":"#0"},"east":{"uv":[0,4,4,4.5],"texture":"#0"},"south":{"uv":[0,4.5,4,5],"texture":"#0"},"west":{"uv":[0,4,4,4.5],"texture":"#0"},"up":{"uv":[4,4,0,0],"texture":"#0"},"down":{"uv":[4,0,0,4],"texture":"#0"}}}],"gui_light":"front","display":{"thirdperson_righthand":{"rotation":[67.5,0,0],"translation":[0,2,0],"scale":[0.3125,0.3125,0.3125]},"thirdperson_lefthand":{"rotation":[67.5,0,0],"translation":[0,2,0],"scale":[0.3125,0.3125,0.3125]},"firstperson_righthand":{"translation":[0,2,0],"scale":[0.49367,0.49367,0.49367]},"firstperson_lefthand":{"translation":[0,2,0],"scale":[0.49367,0.49367,0.49367]},"ground":{"translation":[0,3,0],"scale":[0.5,0.5,0.5]},"gui":{"rotation":[30,225,0],"translation":[0,-0.25,0],"scale":[0.5118,0.5118,0.5118]},"head":{"translation":[0,-30.25,0],"scale":[0,0,0]},"fixed":{"rotation":[-90,0,0],"translation":[0,0,-16],"scale":[2,2,2]}}}