{
	"credit": "Made with Blockbench",
	"textures": {
		"0": "block/oak_log",
		"1": "block/oak_log_top",
		"particle": "block/oak_log"
	},
	"elements": [
		{
			"from": [9, 0, 11],
			"to": [15, 1, 15],
			"rotation": {"angle": 0, "axis": "y", "origin": [-3, 0, 3]},
			"faces": {
				"north": {"uv": [0, 0, 4, 1], "texture": "#0"},
				"east": {"uv": [3, 1, 7, 2], "texture": "#1"},
				"south": {"uv": [0, 0, 4, 1], "texture": "#0"},
				"west": {"uv": [0, 0, 4, 1], "texture": "#missing"},
				"up": {"uv": [0, 0, 4, 6], "rotation": 90, "texture": "#0"},
				"down": {"uv": [0, 0, 4, 6], "rotation": 90, "texture": "#0"}
			}
		},
		{
			"from": [-7, 0, 11],
			"to": [9, 1, 15],
			"rotation": {"angle": 0, "axis": "y", "origin": [-3, 0, 3]},
			"faces": {
				"north": {"uv": [1, 0, 2, 16], "rotation": 270, "texture": "#0"},
				"east": {"uv": [0, 0, 4, 1], "texture": "#missing"},
				"south": {"uv": [1, 0, 2, 16], "rotation": 270, "texture": "#0"},
				"west": {"uv": [6, 1, 10, 2], "texture": "#1"},
				"up": {"uv": [0, 0, 4, 16], "rotation": 90, "texture": "#0"},
				"down": {"uv": [0, 0, 4, 16], "rotation": 90, "texture": "#0"}
			}
		},
		{
			"from": [12, 0, 6],
			"to": [18, 1, 10],
			"rotation": {"angle": 22.5, "axis": "y", "origin": [-2, 0, 3]},
			"faces": {
				"north": {"uv": [12, 0, 16, 1], "texture": "#0"},
				"east": {"uv": [4, 6, 8, 7], "texture": "#1"},
				"south": {"uv": [12, 0, 16, 1], "texture": "#0"},
				"west": {"uv": [12, 0, 16, 1], "texture": "#missing"},
				"up": {"uv": [12, 0, 16, 6], "rotation": 90, "texture": "#0"},
				"down": {"uv": [12, 0, 16, 6], "rotation": 90, "texture": "#0"}
			}
		},
		{
			"from": [-4, 0, 6],
			"to": [12, 1, 10],
			"rotation": {"angle": 22.5, "axis": "y", "origin": [-2, 0, 3]},
			"faces": {
				"north": {"uv": [13, 0, 14, 16], "rotation": 270, "texture": "#0"},
				"east": {"uv": [12, 0, 16, 1], "texture": "#missing"},
				"south": {"uv": [13, 0, 14, 16], "rotation": 270, "texture": "#0"},
				"west": {"uv": [7, 1, 11, 2], "texture": "#1"},
				"up": {"uv": [12, 0, 16, 16], "rotation": 90, "texture": "#0"},
				"down": {"uv": [12, 0, 16, 16], "rotation": 90, "texture": "#0"}
			}
		}
	],
	"display": {
		"thirdperson_righthand": {
			"translation": [0.25, 4, 0],
			"scale": [0.5, 0.5, 0.5]
		},
		"thirdperson_lefthand": {
			"translation": [0.25, 4, 0],
			"scale": [0.5, 0.5, 0.5]
		},
		"firstperson_righthand": {
			"rotation": [0, -109, 0],
			"translation": [3.25, 9.25, 0]
		},
		"firstperson_lefthand": {
			"rotation": [0, -109, 0],
			"translation": [3.25, 9.25, 0]
		},
		"ground": {
			"translation": [0, 2.25, 0],
			"scale": [0.5, 0.5, 0.5]
		},
		"gui": {
			"rotation": [45, 145, 0],
			"scale": [0.5, 0.5, 0.5]
		},
		"head": {
			"translation": [2.25, 14.5, 0]
		},
		"fixed": {
			"rotation": [-90, 0, 0],
			"translation": [0, 0, -16],
			"scale": [2, 2, 2]
		}
	}
}