{
	"credit": "Made with Blockbench",
	"texture_size": [64, 64],
	"textures": {
		"8": "glorious:item/signs/pet_store_sign"
	},
	"elements": [
		{
			"from": [-9, 0, 7],
			"to": [-8, 16, 9],
			"faces": {
				"north": {"uv": [5.5, 8.25, 5.75, 12.25], "texture": "#8"},
				"east": {"uv": [8, 2.5, 8.5, 6.5], "texture": "#8"},
				"south": {"uv": [5.75, 8.25, 6, 12.25], "texture": "#8"},
				"west": {"uv": [4, 8, 4.5, 12], "texture": "#8"},
				"up": {"uv": [7.75, 9.25, 7.5, 8.75], "texture": "#8"},
				"down": {"uv": [8, 8.75, 7.75, 9.25], "texture": "#8"}
			}
		},
		{
			"from": [24, 0, 7],
			"to": [25, 16, 9],
			"rotation": {"angle": 0, "axis": "y", "origin": [16, 0, 0]},
			"faces": {
				"north": {"uv": [6, 8.25, 6.25, 12.25], "texture": "#8"},
				"east": {"uv": [4.5, 8, 5, 12], "texture": "#8"},
				"south": {"uv": [6.25, 8.25, 6.5, 12.25], "texture": "#8"},
				"west": {"uv": [5, 8, 5.5, 12], "texture": "#8"},
				"up": {"uv": [8.25, 9.25, 8, 8.75], "texture": "#8"},
				"down": {"uv": [8.5, 8.75, 8.25, 9.25], "texture": "#8"}
			}
		},
		{
			"from": [-8, 0, 7.5],
			"to": [24, 16, 8.5],
			"faces": {
				"north": {"uv": [0, 0, 8, 4], "texture": "#8"},
				"east": {"uv": [6.5, 8.25, 6.75, 12.25], "texture": "#8"},
				"south": {"uv": [0, 4, 8, 8], "texture": "#8"},
				"west": {"uv": [6.75, 8.25, 7, 12.25], "texture": "#8"},
				"up": {"uv": [13.5, 8.25, 5.5, 8], "texture": "#8"},
				"down": {"uv": [16, 6.5, 8, 6.75], "texture": "#8"}
			}
		},
		{
			"from": [0, -13, 7.5],
			"to": [16, -3, 8.5],
			"faces": {
				"north": {"uv": [0, 8, 4, 10.5], "texture": "#8"},
				"east": {"uv": [7, 8.25, 7.25, 10.75], "texture": "#8"},
				"south": {"uv": [8, 0, 12, 2.5], "texture": "#8"},
				"west": {"uv": [7.25, 8.25, 7.5, 10.75], "texture": "#8"},
				"up": {"uv": [12, 7, 8, 6.75], "texture": "#8"},
				"down": {"uv": [12, 7, 8, 7.25], "texture": "#8"}
			}
		},
		{
			"from": [-5.5, 16, 8],
			"to": [-2.5, 18, 8],
			"faces": {
				"north": {"uv": [8, 7.25, 8.75, 7.75], "texture": "#8"},
				"east": {"uv": [0, 0, 0, 0.5], "texture": "#8"},
				"south": {"uv": [7.5, 8.25, 8.25, 8.75], "texture": "#8"},
				"west": {"uv": [0, 0, 0, 0.5], "texture": "#8"},
				"up": {"uv": [0.75, 0, 0, 0], "texture": "#8"},
				"down": {"uv": [0.75, 0, 0, 0], "texture": "#8"}
			}
		},
		{
			"from": [18.5, 16, 8],
			"to": [21.5, 18, 8],
			"faces": {
				"north": {"uv": [8.25, 8.25, 9, 8.75], "texture": "#8"},
				"east": {"uv": [0, 0, 0, 0.5], "texture": "#8"},
				"south": {"uv": [8.5, 2.5, 9.25, 3], "texture": "#8"},
				"west": {"uv": [0, 0, 0, 0.5], "texture": "#8"},
				"up": {"uv": [0.75, 0, 0, 0], "texture": "#8"},
				"down": {"uv": [0.75, 0, 0, 0], "texture": "#8"}
			}
		},
		{
			"from": [1, -3, 8],
			"to": [4, -1, 8],
			"faces": {
				"north": {"uv": [8.5, 4, 9.25, 4.5], "texture": "#8"},
				"east": {"uv": [0, 0, 0, 0.5], "texture": "#8"},
				"south": {"uv": [8.5, 4.5, 9.25, 5], "texture": "#8"},
				"west": {"uv": [0, 0, 0, 0.5], "texture": "#8"},
				"up": {"uv": [0.75, 0, 0, 0], "texture": "#8"},
				"down": {"uv": [0.75, 0, 0, 0], "texture": "#8"}
			}
		},
		{
			"from": [2.5, -2, 6.5],
			"to": [2.5, 0, 9.5],
			"rotation": {"angle": 0, "axis": "y", "origin": [0.5, -2, 7.5]},
			"faces": {
				"north": {"uv": [0, 0, 0, 0.5], "texture": "#8"},
				"east": {"uv": [8.5, 5, 9.25, 5.5], "texture": "#8"},
				"south": {"uv": [0, 0, 0, 0.5], "texture": "#8"},
				"west": {"uv": [8.5, 5.5, 9.25, 6], "texture": "#8"},
				"up": {"uv": [0, 0.75, 0, 0], "texture": "#8"},
				"down": {"uv": [0, 0, 0, 0.75], "texture": "#8"}
			}
		},
		{
			"from": [13.5, -2, 6.5],
			"to": [13.5, 0, 9.5],
			"rotation": {"angle": 0, "axis": "y", "origin": [0.5, -2, 7.5]},
			"faces": {
				"north": {"uv": [0, 0, 0, 0.5], "texture": "#8"},
				"east": {"uv": [8.5, 6, 9.25, 6.5], "texture": "#8"},
				"south": {"uv": [0, 0, 0, 0.5], "texture": "#8"},
				"west": {"uv": [8.75, 7.25, 9.5, 7.75], "texture": "#8"},
				"up": {"uv": [0, 0.75, 0, 0], "texture": "#8"},
				"down": {"uv": [0, 0, 0, 0.75], "texture": "#8"}
			}
		},
		{
			"from": [12, -3, 8],
			"to": [15, -1, 8],
			"rotation": {"angle": 0, "axis": "y", "origin": [15.5, -2, 7.5]},
			"faces": {
				"north": {"uv": [8.5, 3, 9.25, 3.5], "texture": "#8"},
				"east": {"uv": [0, 0, 0, 0.5], "texture": "#8"},
				"south": {"uv": [8.5, 3.5, 9.25, 4], "texture": "#8"},
				"west": {"uv": [0, 0, 0, 0.5], "texture": "#8"},
				"up": {"uv": [0.75, 0, 0, 0], "texture": "#8"},
				"down": {"uv": [0.75, 0, 0, 0], "texture": "#8"}
			}
		}
	],
	"gui_light": "front",
	"display": {
		"thirdperson_righthand": {
			"rotation": [75, 28, 0],
			"translation": [0, 0.75, 0],
			"scale": [0.25195, 0.25195, 0.25195]
		},
		"thirdperson_lefthand": {
			"rotation": [75, 28, 0],
			"translation": [0, 0.75, 0],
			"scale": [0.25195, 0.25195, 0.25195]
		},
		"firstperson_righthand": {
			"rotation": [0, -154, 0],
			"translation": [1.25, 1.75, 0],
			"scale": [0.4, 0.4, 0.4]
		},
		"firstperson_lefthand": {
			"rotation": [0, -154, 0],
			"translation": [1.25, 1.75, 0],
			"scale": [0.4, 0.4, 0.4]
		},
		"ground": {
			"translation": [0, 3, 0],
			"scale": [0.25, 0.25, 0.25]
		},
		"gui": {
			"rotation": [30, 225, 0],
			"translation": [0, 1.75, 0],
			"scale": [0.42539, 0.42539, 0.42539]
		},
		"head": {
			"scale": [2.21875, 2.21875, 2.21875]
		},
		"fixed": {
			"rotation": [-90, 0, 0],
			"translation": [16.25, 0, -32],
			"scale": [4, 4, 4]
		}
	},
	"groups": [
		{
			"name": "top sign",
			"origin": [0, 0, 0],
			"color": 0,
			"children": [0, 1, 2]
		},
		{
			"name": "bottom sign",
			"origin": [0, 0, 0],
			"color": 0,
			"children": [3]
		},
		{
			"name": "chains",
			"origin": [15.5, -2, 7.5],
			"color": 0,
			"children": [4, 5, 6, 7, 8, 9]
		}
	]
}