{"textures":{"0":"glorious:entity/nocsy_cat3"},"elements":[{"from":[6.5714283,6.2845144,5.475932],"to":[9.428572,9.141658,11.190218],"rotation":{"angle":0.0,"axis":"y","origin":[8.857143,2.6273713,8.904504]},"faces":{"east":{"uv":[0.0,0.0,2.5,1.25],"rotation":0,"texture":"#0","tintindex":0},"south":{"uv":[0.0,6.5,1.25,7.75],"rotation":0,"texture":"#0","tintindex":0},"north":{"uv":[6.0,5.25,7.25,6.5],"rotation":0,"texture":"#0","tintindex":0},"west":{"uv":[0.0,1.5,2.5,2.75],"rotation":0,"texture":"#0","tintindex":0},"up":{"uv":[4.0,2.5,2.75,0.0],"rotation":0,"texture":"#0","tintindex":0},"down":{"uv":[4.0,2.75,2.75,5.25],"rotation":0,"texture":"#0","tintindex":0}}}],"display":{"head":{"translation":[0.0,-6.4,0.0],"scale":[4.0,4.0,4.0]}}}