{"textures":{"0":"glorious:entity/nocsy_cat5"},"elements":[{"from":[7.0571427,5.776098,7.3057704],"to":[8.6,8.461812,8.848628],"rotation":{"angle":0.0,"axis":"y","origin":[7.8285713,6.5714283,8.285714]},"faces":{"east":{"uv":[6.5,0.5,6.875,1.125],"rotation":0,"texture":"#0","tintindex":0},"south":{"uv":[1.0,6.5,1.375,7.125],"rotation":0,"texture":"#0","tintindex":0},"north":{"uv":[0.0,6.375,0.375,7.0],"rotation":0,"texture":"#0","tintindex":0},"west":{"uv":[1.5,6.625,1.875,7.25],"rotation":0,"texture":"#0","tintindex":0},"up":{"uv":[7.25,7.75,6.875,7.375],"rotation":0,"texture":"#0","tintindex":0},"down":{"uv":[7.75,7.375,7.375,7.75],"rotation":0,"texture":"#0","tintindex":0}}}],"display":{"head":{"translation":[0.0,-6.4,0.0],"scale":[4.0,4.0,4.0]}}}