{"textures":{"0":"glorious:entity/nocsy_cat5"},"elements":[{"from":[7.4,5.776098,7.3057704],"to":[8.942857,8.461812,8.848628],"rotation":{"angle":0.0,"axis":"y","origin":[8.171429,6.5714283,8.285714]},"faces":{"east":{"uv":[1.875,6.625,1.5,7.25],"rotation":0,"texture":"#0","tintindex":0},"south":{"uv":[1.375,6.5,1.0,7.125],"rotation":0,"texture":"#0","tintindex":0},"north":{"uv":[0.375,6.375,0.0,7.0],"rotation":0,"texture":"#0","tintindex":0},"west":{"uv":[6.875,0.5,6.5,1.125],"rotation":0,"texture":"#0","tintindex":0},"up":{"uv":[6.875,7.75,7.25,7.375],"rotation":0,"texture":"#0","tintindex":0},"down":{"uv":[7.375,7.375,7.75,7.75],"rotation":0,"texture":"#0","tintindex":0}}}],"display":{"head":{"translation":[0.0,-6.4,0.0],"scale":[4.0,4.0,4.0]}}}