{"textures":{"0":"glorious:entity/nocsy_cat5"},"elements":[{"from":[7.2285714,7.1505823,7.2428083],"to":[8.771429,8.6934395,10.499951],"rotation":{"angle":0.0,"axis":"y","origin":[8.285714,3.1220107,4.8713794]},"faces":{"east":{"uv":[3.5,5.25,4.25,5.625],"rotation":0,"texture":"#0","tintindex":0},"south":{"uv":[7.125,5.375,7.5,5.75],"rotation":0,"texture":"#0","tintindex":0},"north":{"uv":[7.125,4.875,7.5,5.25],"rotation":0,"texture":"#0","tintindex":0},"west":{"uv":[4.375,5.25,5.125,5.625],"rotation":0,"texture":"#0","tintindex":0},"up":{"uv":[5.625,5.125,5.25,4.375],"rotation":0,"texture":"#0","tintindex":0},"down":{"uv":[5.625,5.25,5.25,6.0],"rotation":0,"texture":"#0","tintindex":0}}},{"from":[7.142857,8.550582,8.757094],"to":[8.857143,8.550582,10.47138],"rotation":{"angle":-22.5,"axis":"x","origin":[8.0,7.922011,8.87138]},"faces":{"east":{"uv":[3.5,5.25,4.25,5.625],"rotation":0,"texture":"#0","tintindex":0},"south":{"uv":[7.125,5.375,7.5,5.75],"rotation":0,"texture":"#0","tintindex":0},"north":{"uv":[7.125,4.875,7.5,5.25],"rotation":0,"texture":"#0","tintindex":0},"west":{"uv":[4.375,5.25,5.125,5.625],"rotation":0,"texture":"#0","tintindex":0},"up":{"uv":[10.125,1.125,9.75,0.75],"rotation":0,"texture":"#0","tintindex":0},"down":{"uv":[10.125,0.75,9.75,1.125],"rotation":0,"texture":"#0","tintindex":0}}},{"from":[7.142857,7.064868,7.157094],"to":[7.142857,8.779154,10.585666],"rotation":{"angle":-22.5,"axis":"y","origin":[7.142857,7.922011,8.87138]},"faces":{"east":{"uv":[10.875,0.0,10.125,0.375],"rotation":0,"texture":"#0","tintindex":0},"south":{"uv":[7.125,5.375,7.5,5.75],"rotation":0,"texture":"#0","tintindex":0},"north":{"uv":[7.125,4.875,7.5,5.25],"rotation":0,"texture":"#0","tintindex":0},"west":{"uv":[10.125,0.0,10.875,0.375],"rotation":0,"texture":"#0","tintindex":0},"up":{"uv":[5.625,5.125,5.25,4.375],"rotation":0,"texture":"#0","tintindex":0},"down":{"uv":[5.625,5.25,5.25,6.0],"rotation":0,"texture":"#0","tintindex":0}}},{"from":[8.857143,7.064868,7.157094],"to":[8.857143,8.779154,10.585666],"rotation":{"angle":22.5,"axis":"y","origin":[8.857143,7.922011,8.87138]},"faces":{"east":{"uv":[10.875,0.0,10.125,0.375],"rotation":0,"texture":"#0","tintindex":0},"south":{"uv":[7.5,5.375,7.125,5.75],"rotation":0,"texture":"#0","tintindex":0},"north":{"uv":[7.5,4.875,7.125,5.25],"rotation":0,"texture":"#0","tintindex":0},"west":{"uv":[10.125,0.0,10.875,0.375],"rotation":0,"texture":"#0","tintindex":0},"up":{"uv":[5.25,5.125,5.625,4.375],"rotation":0,"texture":"#0","tintindex":0},"down":{"uv":[5.25,5.25,5.625,6.0],"rotation":0,"texture":"#0","tintindex":0}}},{"from":[7.257143,6.950582,7.157094],"to":[8.742857,6.950582,10.585666],"rotation":{"angle":22.5,"axis":"x","origin":[8.0,7.922011,8.87138]},"faces":{"east":{"uv":[3.5,5.25,4.25,5.625],"rotation":0,"texture":"#0","tintindex":0},"south":{"uv":[7.125,5.375,7.5,5.75],"rotation":0,"texture":"#0","tintindex":0},"north":{"uv":[7.125,4.875,7.5,5.25],"rotation":0,"texture":"#0","tintindex":0},"west":{"uv":[4.375,5.25,5.125,5.625],"rotation":0,"texture":"#0","tintindex":0},"up":{"uv":[9.875,0.75,9.5,0.0],"rotation":0,"texture":"#0","tintindex":0},"down":{"uv":[9.875,0.0,9.5,0.75],"rotation":0,"texture":"#0","tintindex":0}}}],"display":{"head":{"translation":[0.0,-6.4,0.0],"scale":[4.0,4.0,4.0]}}}