{"textures":{"0":"glorious:entity/nocsy_cat1"},"elements":[{"from":[6.285714,6.428571,5.5714283],"to":[9.714286,9.857143,9.0],"rotation":{"angle":0.0,"axis":"y","origin":[8.0,1.2285709,10.714286]},"faces":{"east":{"uv":[0.0,3.25,0.75,4.0],"rotation":0,"texture":"#0","tintindex":0},"south":{"uv":[1.75,3.5,2.5,4.25],"rotation":0,"texture":"#0","tintindex":0},"north":{"uv":[3.0,2.625,3.75,3.375],"rotation":0,"texture":"#0","tintindex":0},"west":{"uv":[2.625,3.5,3.375,4.25],"rotation":0,"texture":"#0","tintindex":0},"up":{"uv":[4.25,4.25,3.5,3.5],"rotation":0,"texture":"#0","tintindex":0},"down":{"uv":[1.625,3.625,0.875,4.375],"rotation":0,"texture":"#0","tintindex":0}}},{"from":[9.742857,7.7110314,5.4350576],"to":[9.742857,8.28246,6.0064864],"rotation":{"angle":0.0,"axis":"y","origin":[9.171715,8.625318,5.692772]},"faces":{"east":{"uv":[7.25,3.875,7.375,4.0],"rotation":0,"texture":"#0","tintindex":0},"south":{"uv":[3.25,7.5,3.25,7.625],"rotation":0,"texture":"#0","tintindex":0},"north":{"uv":[7.5,3.125,7.5,3.25],"rotation":0,"texture":"#0","tintindex":0},"west":{"uv":[7.25,4.125,7.375,4.25],"rotation":0,"texture":"#0","tintindex":0},"up":{"uv":[3.375,7.625,3.375,7.5],"rotation":0,"texture":"#0","tintindex":0},"down":{"uv":[7.5,3.375,7.5,3.5],"rotation":0,"texture":"#0","tintindex":0}}},{"from":[8.643429,7.7110314,5.4356294],"to":[8.643429,8.28246,6.0070577],"rotation":{"angle":0.0,"axis":"y","origin":[9.171715,8.625318,5.692772]},"faces":{"east":{"uv":[7.25,3.375,7.375,3.5],"rotation":0,"texture":"#0","tintindex":0},"south":{"uv":[2.75,7.5,2.75,7.625],"rotation":0,"texture":"#0","tintindex":0},"north":{"uv":[7.5,2.375,7.5,2.5],"rotation":0,"texture":"#0","tintindex":0},"west":{"uv":[7.25,3.625,7.375,3.75],"rotation":0,"texture":"#0","tintindex":0},"up":{"uv":[2.875,7.625,2.875,7.5],"rotation":0,"texture":"#0","tintindex":0},"down":{"uv":[7.5,2.875,7.5,3.0],"rotation":0,"texture":"#0","tintindex":0}}},{"from":[8.642858,7.7110314,5.4356294],"to":[9.742857,8.28246,5.4356294],"rotation":{"angle":0.0,"axis":"y","origin":[9.171715,8.625318,5.692772]},"faces":{"east":{"uv":[1.875,7.5,1.875,7.625],"rotation":0,"texture":"#0","tintindex":0},"south":{"uv":[7.375,2.25,7.125,2.375],"rotation":0,"texture":"#0","tintindex":0},"north":{"uv":[7.125,2.25,7.375,2.375],"rotation":0,"texture":"#0","tintindex":0},"west":{"uv":[7.5,2.0,7.5,2.125],"rotation":0,"texture":"#0","tintindex":0},"up":{"uv":[7.75,1.75,7.5,1.75],"rotation":0,"texture":"#0","tintindex":0},"down":{"uv":[7.75,2.25,7.5,2.25],"rotation":0,"texture":"#0","tintindex":0}}},{"from":[7.356571,7.7110314,5.4356294],"to":[7.356571,8.28246,6.0070577],"rotation":{"angle":0.0,"axis":"y","origin":[6.8282857,8.625318,5.692772]},"faces":{"east":{"uv":[7.25,2.875,7.375,3.0],"rotation":0,"texture":"#0","tintindex":0},"south":{"uv":[7.5,1.5,7.5,1.625],"rotation":0,"texture":"#0","tintindex":0},"north":{"uv":[1.5,7.5,1.5,7.625],"rotation":0,"texture":"#0","tintindex":0},"west":{"uv":[7.25,3.125,7.375,3.25],"rotation":0,"texture":"#0","tintindex":0},"up":{"uv":[1.625,7.625,1.625,7.5],"rotation":0,"texture":"#0","tintindex":0},"down":{"uv":[1.75,7.5,1.75,7.625],"rotation":0,"texture":"#0","tintindex":0}}},{"from":[6.257143,7.7110314,5.4350576],"to":[6.257143,8.28246,6.0064864],"rotation":{"angle":0.0,"axis":"y","origin":[6.8282857,8.625318,5.692772]},"faces":{"east":{"uv":[7.25,1.625,7.375,1.75],"rotation":0,"texture":"#0","tintindex":0},"south":{"uv":[1.25,7.5,1.25,7.625],"rotation":0,"texture":"#0","tintindex":0},"north":{"uv":[7.5,1.0,7.5,1.125],"rotation":0,"texture":"#0","tintindex":0},"west":{"uv":[1.75,7.25,1.875,7.375],"rotation":0,"texture":"#0","tintindex":0},"up":{"uv":[7.5,1.375,7.5,1.25],"rotation":0,"texture":"#0","tintindex":0},"down":{"uv":[1.375,7.5,1.375,7.625],"rotation":0,"texture":"#0","tintindex":0}}},{"from":[6.257143,7.7110314,5.4356294],"to":[7.357143,8.28246,5.4356294],"rotation":{"angle":0.0,"axis":"y","origin":[6.8282857,8.625318,5.692772]},"faces":{"east":{"uv":[7.5,0.625,7.5,0.75],"rotation":0,"texture":"#0","tintindex":0},"south":{"uv":[2.25,7.125,2.0,7.25],"rotation":0,"texture":"#0","tintindex":0},"north":{"uv":[2.0,7.125,2.25,7.25],"rotation":0,"texture":"#0","tintindex":0},"west":{"uv":[0.75,7.5,0.75,7.625],"rotation":0,"texture":"#0","tintindex":0},"up":{"uv":[1.125,7.5,0.875,7.5],"rotation":0,"texture":"#0","tintindex":0},"down":{"uv":[7.75,0.875,7.5,0.875],"rotation":0,"texture":"#0","tintindex":0}}},{"from":[4.588431,5.7032585,5.457143],"to":[8.017002,7.4175444,5.457143],"rotation":{"angle":22.5,"axis":"z","origin":[6.2279353,6.9018607,5.3999996]},"faces":{"east":{"uv":[3.5,7.5,3.5,7.875],"rotation":0,"texture":"#0","tintindex":0},"south":{"uv":[4.75,1.5,5.5,1.875],"rotation":0,"texture":"#0","tintindex":0},"north":{"uv":[4.75,1.0,5.5,1.375],"rotation":0,"texture":"#0","tintindex":0},"west":{"uv":[3.625,7.5,3.625,7.875],"rotation":0,"texture":"#0","tintindex":0},"up":{"uv":[8.25,2.625,7.5,2.625],"rotation":0,"texture":"#0","tintindex":0},"down":{"uv":[8.25,3.625,7.5,3.625],"rotation":0,"texture":"#0","tintindex":0}}},{"from":[4.2701545,6.437154,5.342857],"to":[7.698726,8.15144,5.342857],"rotation":{"angle":0.0,"axis":"y","origin":[6.2279353,6.9018607,5.3999996]},"faces":{"east":{"uv":[3.75,7.5,3.75,7.875],"rotation":0,"texture":"#0","tintindex":0},"south":{"uv":[4.75,2.5,5.5,2.875],"rotation":0,"texture":"#0","tintindex":0},"north":{"uv":[4.75,2.0,5.5,2.375],"rotation":0,"texture":"#0","tintindex":0},"west":{"uv":[7.5,3.75,7.5,4.125],"rotation":0,"texture":"#0","tintindex":0},"up":{"uv":[8.25,4.25,7.5,4.25],"rotation":0,"texture":"#0","tintindex":0},"down":{"uv":[8.25,4.375,7.5,4.375],"rotation":0,"texture":"#0","tintindex":0}}},{"from":[8.301273,6.437154,5.342857],"to":[11.729845,8.15144,5.342857],"rotation":{"angle":0.0,"axis":"y","origin":[9.772064,6.9018607,5.3999996]},"faces":{"east":{"uv":[4.625,7.5,4.625,7.875],"rotation":0,"texture":"#0","tintindex":0},"south":{"uv":[2.5,4.875,3.25,5.25],"rotation":0,"texture":"#0","tintindex":0},"north":{"uv":[4.75,3.0,5.5,3.375],"rotation":0,"texture":"#0","tintindex":0},"west":{"uv":[4.75,7.5,4.75,7.875],"rotation":0,"texture":"#0","tintindex":0},"up":{"uv":[8.25,4.5,7.5,4.5],"rotation":0,"texture":"#0","tintindex":0},"down":{"uv":[8.25,4.75,7.5,4.75],"rotation":0,"texture":"#0","tintindex":0}}},{"from":[7.9829974,5.7032585,5.457143],"to":[11.41157,7.4175444,5.457143],"rotation":{"angle":-22.5,"axis":"z","origin":[9.772064,6.9018607,5.3999996]},"faces":{"east":{"uv":[7.5,4.875,7.5,5.25],"rotation":0,"texture":"#0","tintindex":0},"south":{"uv":[0.0,5.0,0.75,5.375],"rotation":0,"texture":"#0","tintindex":0},"north":{"uv":[3.375,4.875,4.125,5.25],"rotation":0,"texture":"#0","tintindex":0},"west":{"uv":[5.125,7.5,5.125,7.875],"rotation":0,"texture":"#0","tintindex":0},"up":{"uv":[8.25,5.375,7.5,5.375],"rotation":0,"texture":"#0","tintindex":0},"down":{"uv":[8.25,5.5,7.5,5.5],"rotation":0,"texture":"#0","tintindex":0}}},{"from":[7.142857,6.714286,5.0],"to":[8.857143,7.857143,5.5714283],"rotation":{"angle":0.0,"axis":"y","origin":[7.714286,7.285714,5.285714]},"faces":{"east":{"uv":[7.125,2.5,7.25,2.75],"rotation":0,"texture":"#0","tintindex":0},"south":{"uv":[6.625,2.25,7.0,2.5],"rotation":0,"texture":"#0","tintindex":0},"north":{"uv":[6.625,0.5,7.0,0.75],"rotation":0,"texture":"#0","tintindex":0},"west":{"uv":[3.625,7.125,3.75,7.375],"rotation":0,"texture":"#0","tintindex":0},"up":{"uv":[4.0,7.0,3.625,6.875],"rotation":0,"texture":"#0","tintindex":0},"down":{"uv":[4.5,6.875,4.125,7.0],"rotation":0,"texture":"#0","tintindex":0}}},{"from":[7.714286,7.428571,4.957143],"to":[8.285714,7.885714,4.957143],"rotation":{"angle":0.0,"axis":"y","origin":[8.0,7.5714283,4.985714]},"faces":{"east":{"uv":[5.25,7.5,5.25,7.625],"rotation":0,"texture":"#0","tintindex":0},"south":{"uv":[4.625,7.25,4.75,7.375],"rotation":0,"texture":"#0","tintindex":0},"north":{"uv":[7.25,4.375,7.375,4.5],"rotation":0,"texture":"#0","tintindex":0},"west":{"uv":[5.375,7.5,5.375,7.625],"rotation":0,"texture":"#0","tintindex":0},"up":{"uv":[5.625,7.5,5.5,7.5],"rotation":0,"texture":"#0","tintindex":0},"down":{"uv":[7.625,5.625,7.5,5.625],"rotation":0,"texture":"#0","tintindex":0}}},{"from":[7.714286,7.885143,4.957143],"to":[8.285714,7.885143,5.3],"rotation":{"angle":0.0,"axis":"y","origin":[8.0,7.9137144,5.214286]},"faces":{"east":{"uv":[7.5,5.75,7.625,5.75],"rotation":0,"texture":"#0","tintindex":0},"south":{"uv":[7.5,5.875,7.625,5.875],"rotation":0,"texture":"#0","tintindex":0},"north":{"uv":[5.75,7.5,5.875,7.5],"rotation":0,"texture":"#0","tintindex":0},"west":{"uv":[6.5,7.5,6.625,7.5],"rotation":0,"texture":"#0","tintindex":0},"up":{"uv":[7.375,5.625,7.25,5.5],"rotation":0,"texture":"#0","tintindex":0},"down":{"uv":[7.375,5.75,7.25,5.875],"rotation":0,"texture":"#0","tintindex":0}}}],"display":{"head":{"translation":[0.0,-6.4,0.0],"scale":[4.0,4.0,4.0]}}}