{"textures":{"0":"glorious:entity/nocsy_cat1"},"elements":[{"from":[7.142857,6.706296,7.8937345],"to":[8.857143,8.420582,10.179449],"rotation":{"angle":0.0,"axis":"y","origin":[7.890812,7.8342,9.58591]},"faces":{"east":{"uv":[5.25,5.0,5.75,5.375],"rotation":0,"texture":"#0","tintindex":0},"south":{"uv":[5.875,4.75,6.25,5.125],"rotation":0,"texture":"#0","tintindex":0},"north":{"uv":[0.875,2.25,1.25,2.625],"rotation":0,"texture":"#0","tintindex":0},"west":{"uv":[2.375,5.375,2.875,5.75],"rotation":0,"texture":"#0","tintindex":0},"up":{"uv":[3.375,5.875,3.0,5.375],"rotation":0,"texture":"#0","tintindex":0},"down":{"uv":[3.875,5.375,3.5,5.875],"rotation":0,"texture":"#0","tintindex":0}}}],"display":{"head":{"translation":[0.0,-6.4,0.0],"scale":[4.0,4.0,4.0]}}}