{"textures":{"0":"glorious:entity/nocsy_thread_ball"},"elements":[{"from":[6.5714283,8.0,6.5714283],"to":[9.428572,10.857143,9.428572],"rotation":{"angle":0.0,"axis":"y","origin":[6.5714283,8.0,9.428572]},"faces":{"east":{"uv":[5.5,0.0,3.0,2.5],"rotation":0,"texture":"#0","tintindex":0},"south":{"uv":[3.0,0.0,5.5,2.5],"rotation":0,"texture":"#0","tintindex":0},"north":{"uv":[3.0,0.0,5.5,2.5],"rotation":0,"texture":"#0","tintindex":0},"west":{"uv":[5.5,0.0,3.0,2.5],"rotation":0,"texture":"#0","tintindex":0},"up":{"uv":[2.5,8.5,0.0,6.0],"rotation":0,"texture":"#0","tintindex":0},"down":{"uv":[0.0,6.0,2.5,8.5],"rotation":0,"texture":"#0","tintindex":0}}},{"from":[6.457143,7.885714,6.457143],"to":[9.542857,10.971429,9.542857],"rotation":{"angle":0.0,"axis":"y","origin":[6.5714283,8.0,9.428572]},"faces":{"east":{"uv":[5.5,6.0,3.0,8.5],"rotation":0,"texture":"#0","tintindex":0},"south":{"uv":[3.0,6.0,5.5,8.5],"rotation":0,"texture":"#0","tintindex":0},"north":{"uv":[3.0,6.0,5.5,8.5],"rotation":0,"texture":"#0","tintindex":0},"west":{"uv":[5.5,6.0,3.0,8.5],"rotation":0,"texture":"#0","tintindex":0},"up":{"uv":[5.5,6.0,3.0,8.5],"rotation":0,"texture":"#0","tintindex":0},"down":{"uv":[3.0,8.5,5.5,6.0],"rotation":0,"texture":"#0","tintindex":0}}}],"display":{"head":{"translation":[0.0,-6.4,0.0],"scale":[4.0,4.0,4.0]}}}