{
	"credit": "Made with Blockbench",
	"texture_size": [32, 32],
	"textures": {
		"0": "glorious:item/furniture/rolled_blue_print",
		"particle": "glorious:item/furniture/rolled_blue_print"
	},
	"elements": [
		{
			"from": [7, 0.1, -8],
			"to": [11, 0.1, 24],
			"faces": {
				"north": {"uv": [0, 0, 2, 0], "texture": "#0"},
				"east": {"uv": [0, 0, 16, 0], "texture": "#0"},
				"south": {"uv": [0, 0, 2, 0], "texture": "#0"},
				"west": {"uv": [0, 0, 16, 0], "texture": "#0"},
				"up": {"uv": [2, 16, 0, 0], "texture": "#0"},
				"down": {"uv": [4, 0, 2, 16], "texture": "#0"}
			}
		},
		{
			"from": [3, 0.1, -8],
			"to": [7, 0.1, 24],
			"faces": {
				"north": {"uv": [0, 0, 2, 0], "texture": "#0"},
				"east": {"uv": [0, 0, 16, 0], "texture": "#0"},
				"south": {"uv": [0, 0, 2, 0], "texture": "#0"},
				"west": {"uv": [0, 0, 16, 0], "texture": "#0"},
				"up": {"uv": [6, 16, 4, 0], "texture": "#0"},
				"down": {"uv": [6, 0, 4, 16], "texture": "#0"}
			}
		},
		{
			"from": [7, 4.1, -8],
			"to": [11, 4.1, 24],
			"faces": {
				"north": {"uv": [0, 0, 2, 0], "texture": "#0"},
				"east": {"uv": [0, 0, 16, 0], "texture": "#0"},
				"south": {"uv": [0, 0, 2, 0], "texture": "#0"},
				"west": {"uv": [0, 0, 16, 0], "texture": "#0"},
				"up": {"uv": [2, 16, 0, 0], "texture": "#0"},
				"down": {"uv": [4, 0, 2, 16], "texture": "#0"}
			}
		},
		{
			"from": [11, 0.1, -8],
			"to": [11, 4.1, 24],
			"rotation": {"angle": 0, "axis": "y", "origin": [8, 0.1, 8]},
			"faces": {
				"north": {"uv": [0, 0, 2, 0], "rotation": 90, "texture": "#0"},
				"east": {"uv": [4, 0, 2, 16], "rotation": 270, "texture": "#0"},
				"south": {"uv": [0, 0, 2, 0], "rotation": 270, "texture": "#0"},
				"west": {"uv": [2, 16, 0, 0], "rotation": 270, "texture": "#0"},
				"up": {"uv": [0, 0, 16, 0], "rotation": 270, "texture": "#0"},
				"down": {"uv": [0, 0, 16, 0], "rotation": 270, "texture": "#0"}
			}
		},
		{
			"from": [7, 0.1, -8],
			"to": [7, 4.1, 24],
			"rotation": {"angle": 0, "axis": "y", "origin": [8, 0.1, 8]},
			"faces": {
				"north": {"uv": [0, 0, 2, 0], "rotation": 90, "texture": "#0"},
				"east": {"uv": [4, 0, 2, 16], "rotation": 270, "texture": "#0"},
				"south": {"uv": [0, 0, 2, 0], "rotation": 270, "texture": "#0"},
				"west": {"uv": [2, 16, 0, 0], "rotation": 270, "texture": "#0"},
				"up": {"uv": [0, 0, 16, 0], "rotation": 270, "texture": "#0"},
				"down": {"uv": [0, 0, 16, 0], "rotation": 270, "texture": "#0"}
			}
		}
	],
	"display": {
		"thirdperson_righthand": {
			"rotation": [75, 45, 0],
			"translation": [0, 2.5, 0],
			"scale": [0.375, 0.375, 0.375]
		},
		"thirdperson_lefthand": {
			"rotation": [75, 45, 0],
			"translation": [0, 2.5, 0],
			"scale": [0.375, 0.375, 0.375]
		},
		"firstperson_righthand": {
			"rotation": [0, 45, 0],
			"scale": [0.4, 0.4, 0.4]
		},
		"firstperson_lefthand": {
			"rotation": [0, 225, 0],
			"scale": [0.4, 0.4, 0.4]
		},
		"ground": {
			"translation": [0, 3, 0],
			"scale": [0.25, 0.25, 0.25]
		},
		"gui": {
			"rotation": [30, 225, 0],
			"scale": [0.625, 0.625, 0.625]
		},
		"fixed": {
			"rotation": [-90, 0, 0],
			"translation": [0, 0, -16],
			"scale": [2, 2, 2]
		}
	}
}