{"textures":{"0":"glorious:entity/nocsy_cat3"},"elements":[{"from":[7.142857,6.9715853,6.983395],"to":[8.857143,8.114443,8.69768],"rotation":{"angle":0.0,"axis":"y","origin":[10.571428,5.143014,5.783395]},"faces":{"east":{"uv":[11.5,8.5,12.25,9.0],"rotation":0,"texture":"#0","tintindex":0},"south":{"uv":[11.75,6.0,12.5,6.5],"rotation":0,"texture":"#0","tintindex":0},"north":{"uv":[8.0,11.5,8.75,12.0],"rotation":0,"texture":"#0","tintindex":0},"west":{"uv":[11.75,6.75,12.5,7.25],"rotation":0,"texture":"#0","tintindex":0},"up":{"uv":[11.5,7.75,10.75,7.0],"rotation":0,"texture":"#0","tintindex":0},"down":{"uv":[5.75,11.0,5.0,11.75],"rotation":0,"texture":"#0","tintindex":0}}}],"display":{"head":{"translation":[0.0,-6.4,0.0],"scale":[4.0,4.0,4.0]}}}