{"textures":{"0":"glorious:entity/nocsy_cat3"},"elements":[{"from":[6.285714,6.714286,5.5714283],"to":[9.714286,10.142858,9.0],"rotation":{"angle":0.0,"axis":"y","origin":[8.0,1.5142851,10.714286]},"faces":{"east":{"uv":[4.25,0.0,5.75,1.5],"rotation":0,"texture":"#0","tintindex":0},"south":{"uv":[4.25,1.75,5.75,3.25],"rotation":0,"texture":"#0","tintindex":0},"north":{"uv":[0.0,3.0,1.5,4.5],"rotation":0,"texture":"#0","tintindex":0},"west":{"uv":[4.25,3.5,5.75,5.0],"rotation":0,"texture":"#0","tintindex":0},"up":{"uv":[1.5,6.25,0.0,4.75],"rotation":0,"texture":"#0","tintindex":0},"down":{"uv":[5.75,5.25,4.25,6.75],"rotation":0,"texture":"#0","tintindex":0}}},{"from":[8.643429,7.996746,5.4356294],"to":[8.643429,8.568174,6.0070577],"rotation":{"angle":0.0,"axis":"y","origin":[9.171715,8.168175,5.749915]},"faces":{"east":{"uv":[2.5,12.25,2.75,12.5],"rotation":0,"texture":"#0","tintindex":0},"south":{"uv":[12.5,8.5,12.5,8.75],"rotation":0,"texture":"#0","tintindex":0},"north":{"uv":[12.5,8.0,12.5,8.25],"rotation":0,"texture":"#0","tintindex":0},"west":{"uv":[2.75,12.25,2.5,12.5],"rotation":0,"texture":"#0","tintindex":0},"up":{"uv":[12.5,10.0,12.5,9.75],"rotation":0,"texture":"#0","tintindex":0},"down":{"uv":[10.0,12.5,10.0,12.75],"rotation":0,"texture":"#0","tintindex":0}}},{"from":[9.742857,7.996746,5.4350576],"to":[9.742857,8.568174,6.0064864],"rotation":{"angle":0.0,"axis":"y","origin":[9.171715,8.168175,5.749915]},"faces":{"east":{"uv":[12.25,4.75,12.5,5.0],"rotation":0,"texture":"#0","tintindex":0},"south":{"uv":[2.75,12.75,2.75,13.0],"rotation":0,"texture":"#0","tintindex":0},"north":{"uv":[2.5,12.75,2.5,13.0],"rotation":0,"texture":"#0","tintindex":0},"west":{"uv":[12.5,4.75,12.25,5.0],"rotation":0,"texture":"#0","tintindex":0},"up":{"uv":[12.75,3.0,12.75,2.75],"rotation":0,"texture":"#0","tintindex":0},"down":{"uv":[3.0,12.75,3.0,13.0],"rotation":0,"texture":"#0","tintindex":0}}},{"from":[8.642858,7.996746,5.4356294],"to":[9.742857,8.568174,5.4356294],"rotation":{"angle":0.0,"axis":"y","origin":[9.171715,8.168175,5.749915]},"faces":{"east":{"uv":[8.75,12.25,8.75,12.5],"rotation":0,"texture":"#0","tintindex":0},"south":{"uv":[10.5,4.0,11.0,4.25],"rotation":0,"texture":"#0","tintindex":0},"north":{"uv":[11.0,4.0,10.5,4.25],"rotation":0,"texture":"#0","tintindex":0},"west":{"uv":[4.5,12.25,4.5,12.5],"rotation":0,"texture":"#0","tintindex":0},"up":{"uv":[12.5,1.75,13.0,1.75],"rotation":0,"texture":"#0","tintindex":0},"down":{"uv":[12.5,2.0,13.0,2.0],"rotation":0,"texture":"#0","tintindex":0}}},{"from":[6.257143,7.996746,5.4350576],"to":[6.257143,8.568174,6.0064864],"rotation":{"angle":0.0,"axis":"y","origin":[6.8282857,8.168175,5.749915]},"faces":{"east":{"uv":[12.25,4.75,12.5,5.0],"rotation":0,"texture":"#0","tintindex":0},"south":{"uv":[2.75,12.75,2.75,13.0],"rotation":0,"texture":"#0","tintindex":0},"north":{"uv":[2.5,12.75,2.5,13.0],"rotation":0,"texture":"#0","tintindex":0},"west":{"uv":[12.5,4.75,12.25,5.0],"rotation":0,"texture":"#0","tintindex":0},"up":{"uv":[12.75,3.0,12.75,2.75],"rotation":0,"texture":"#0","tintindex":0},"down":{"uv":[3.0,12.75,3.0,13.0],"rotation":0,"texture":"#0","tintindex":0}}},{"from":[7.356571,7.996746,5.4356294],"to":[7.356571,8.568174,6.0070577],"rotation":{"angle":0.0,"axis":"y","origin":[6.8282857,8.168175,5.749915]},"faces":{"east":{"uv":[2.5,12.25,2.75,12.5],"rotation":0,"texture":"#0","tintindex":0},"south":{"uv":[12.5,8.5,12.5,8.75],"rotation":0,"texture":"#0","tintindex":0},"north":{"uv":[12.5,8.0,12.5,8.25],"rotation":0,"texture":"#0","tintindex":0},"west":{"uv":[2.75,12.25,2.5,12.5],"rotation":0,"texture":"#0","tintindex":0},"up":{"uv":[12.5,10.0,12.5,9.75],"rotation":0,"texture":"#0","tintindex":0},"down":{"uv":[10.0,12.5,10.0,12.75],"rotation":0,"texture":"#0","tintindex":0}}},{"from":[6.257143,7.996746,5.4356294],"to":[7.357143,8.568174,5.4356294],"rotation":{"angle":0.0,"axis":"y","origin":[6.8282857,8.168175,5.749915]},"faces":{"east":{"uv":[4.5,12.25,4.5,12.5],"rotation":0,"texture":"#0","tintindex":0},"south":{"uv":[11.0,4.0,10.5,4.25],"rotation":0,"texture":"#0","tintindex":0},"north":{"uv":[10.5,4.0,11.0,4.25],"rotation":0,"texture":"#0","tintindex":0},"west":{"uv":[8.75,12.25,8.75,12.5],"rotation":0,"texture":"#0","tintindex":0},"up":{"uv":[13.0,1.75,12.5,1.75],"rotation":0,"texture":"#0","tintindex":0},"down":{"uv":[13.0,2.0,12.5,2.0],"rotation":0,"texture":"#0","tintindex":0}}},{"from":[4.2701545,6.6085825,5.342857],"to":[7.698726,8.322868,5.342857],"rotation":{"angle":0.0,"axis":"y","origin":[6.086315,7.224995,5.3999996]},"faces":{"east":{"uv":[8.75,12.75,8.75,13.5],"rotation":0,"texture":"#0","tintindex":0},"south":{"uv":[5.0,8.0,3.5,8.75],"rotation":0,"texture":"#0","tintindex":0},"north":{"uv":[8.5,7.75,7.0,8.5],"rotation":0,"texture":"#0","tintindex":0},"west":{"uv":[12.75,7.5,12.75,8.25],"rotation":0,"texture":"#0","tintindex":0},"up":{"uv":[12.75,8.5,14.25,8.5],"rotation":0,"texture":"#0","tintindex":0},"down":{"uv":[12.75,8.75,14.25,8.75],"rotation":0,"texture":"#0","tintindex":0}}},{"from":[4.3434587,5.6956463,5.457143],"to":[7.7720304,7.409932,5.457143],"rotation":{"angle":45.0,"axis":"z","origin":[6.086315,7.224995,5.3999996]},"faces":{"east":{"uv":[12.75,10.25,12.75,11.0],"rotation":0,"texture":"#0","tintindex":0},"south":{"uv":[6.75,8.75,5.25,9.5],"rotation":0,"texture":"#0","tintindex":0},"north":{"uv":[10.25,1.0,8.75,1.75],"rotation":0,"texture":"#0","tintindex":0},"west":{"uv":[12.75,9.25,12.75,10.0],"rotation":0,"texture":"#0","tintindex":0},"up":{"uv":[12.75,11.25,14.25,11.25],"rotation":0,"texture":"#0","tintindex":0},"down":{"uv":[12.75,11.5,14.25,11.5],"rotation":0,"texture":"#0","tintindex":0}}},{"from":[8.22797,5.6956463,5.457143],"to":[11.656542,7.409932,5.457143],"rotation":{"angle":-45.0,"axis":"z","origin":[9.913685,7.224995,5.3999996]},"faces":{"east":{"uv":[12.75,9.25,12.75,10.0],"rotation":0,"texture":"#0","tintindex":0},"south":{"uv":[5.25,8.75,6.75,9.5],"rotation":0,"texture":"#0","tintindex":0},"north":{"uv":[8.75,1.0,10.25,1.75],"rotation":0,"texture":"#0","tintindex":0},"west":{"uv":[12.75,10.25,12.75,11.0],"rotation":0,"texture":"#0","tintindex":0},"up":{"uv":[14.25,11.25,12.75,11.25],"rotation":0,"texture":"#0","tintindex":0},"down":{"uv":[14.25,11.5,12.75,11.5],"rotation":0,"texture":"#0","tintindex":0}}},{"from":[8.301273,6.6085825,5.342857],"to":[11.729845,8.322868,5.342857],"rotation":{"angle":0.0,"axis":"y","origin":[9.913685,7.224995,5.3999996]},"faces":{"east":{"uv":[12.75,7.5,12.75,8.25],"rotation":0,"texture":"#0","tintindex":0},"south":{"uv":[3.5,8.0,5.0,8.75],"rotation":0,"texture":"#0","tintindex":0},"north":{"uv":[7.0,7.75,8.5,8.5],"rotation":0,"texture":"#0","tintindex":0},"west":{"uv":[8.75,12.75,8.75,13.5],"rotation":0,"texture":"#0","tintindex":0},"up":{"uv":[14.25,8.5,12.75,8.5],"rotation":0,"texture":"#0","tintindex":0},"down":{"uv":[14.25,8.75,12.75,8.75],"rotation":0,"texture":"#0","tintindex":0}}},{"from":[7.142857,7.0,5.0],"to":[8.857143,8.142858,5.5714283],"rotation":{"angle":0.0,"axis":"y","origin":[7.714286,7.5714283,5.285714]},"faces":{"east":{"uv":[12.0,10.5,12.25,11.0],"rotation":0,"texture":"#0","tintindex":0},"south":{"uv":[10.0,11.25,10.75,11.75],"rotation":0,"texture":"#0","tintindex":0},"north":{"uv":[1.75,4.75,2.5,5.25],"rotation":0,"texture":"#0","tintindex":0},"west":{"uv":[12.0,11.25,12.25,11.75],"rotation":0,"texture":"#0","tintindex":0},"up":{"uv":[8.5,5.0,7.75,4.75],"rotation":0,"texture":"#0","tintindex":0},"down":{"uv":[8.5,7.25,7.75,7.5],"rotation":0,"texture":"#0","tintindex":0}}},{"from":[7.714286,7.714286,4.957143],"to":[8.285714,8.171429,4.957143],"rotation":{"angle":0.0,"axis":"y","origin":[8.0,7.857143,4.985714]},"faces":{"east":{"uv":[12.0,12.75,12.0,13.0],"rotation":0,"texture":"#0","tintindex":0},"south":{"uv":[12.5,9.25,12.25,9.5],"rotation":0,"texture":"#0","tintindex":0},"north":{"uv":[12.25,9.25,12.5,9.5],"rotation":0,"texture":"#0","tintindex":0},"west":{"uv":[12.25,12.75,12.25,13.0],"rotation":0,"texture":"#0","tintindex":0},"up":{"uv":[13.0,12.5,12.75,12.5],"rotation":0,"texture":"#0","tintindex":0},"down":{"uv":[13.0,12.75,12.75,12.75],"rotation":0,"texture":"#0","tintindex":0}}},{"from":[7.714286,8.170857,4.957143],"to":[8.285714,8.170857,5.3],"rotation":{"angle":0.0,"axis":"y","origin":[8.0,8.199429,5.214286]},"faces":{"east":{"uv":[0.25,13.0,0.5,13.0],"rotation":0,"texture":"#0","tintindex":0},"south":{"uv":[13.0,0.25,13.25,0.25],"rotation":0,"texture":"#0","tintindex":0},"north":{"uv":[13.0,0.0,13.25,0.0],"rotation":0,"texture":"#0","tintindex":0},"west":{"uv":[13.0,0.5,13.25,0.5],"rotation":0,"texture":"#0","tintindex":0},"up":{"uv":[12.75,0.75,12.5,0.5],"rotation":0,"texture":"#0","tintindex":0},"down":{"uv":[12.75,0.5,12.5,0.75],"rotation":0,"texture":"#0","tintindex":0}}}],"display":{"head":{"translation":[0.0,-6.4,0.0],"scale":[4.0,4.0,4.0]}}}