{
	"credit": "Made with Blockbench",
	"textures": {
		"particle": "glorious:item/handheld/gfx_briefcase"
	},
	"elements": [
		{
			"from": [-3.5, 0, 5],
			"to": [19.5, 16, 11],
			"rotation": {"angle": 0, "axis": "y", "origin": [8.5, 8, 13]},
			"faces": {
				"north": {"uv": [0.66667, 2.66667, 8.33333, 8], "texture": "#particle"},
				"east": {"uv": [10.33333, 2.66667, 8.33333, 8], "texture": "#particle"},
				"south": {"uv": [0.66667, 2.66667, 8.33333, 8], "texture": "#particle"},
				"west": {"uv": [8.33333, 2.66667, 10.33333, 8], "texture": "#particle"},
				"up": {"uv": [8.33333, 2.66667, 0.66667, 0.66667], "texture": "#particle"},
				"down": {"uv": [8.33333, 10, 0.66667, 8], "texture": "#particle"}
			}
		},
		{
			"from": [3.5, 16, 7],
			"to": [5.5, 17, 9],
			"rotation": {"angle": 0, "axis": "y", "origin": [7.5, 9, 13]},
			"faces": {
				"north": {"uv": [0.66667, 11.66667, 1.33333, 12], "texture": "#particle"},
				"east": {"uv": [1.33333, 11.66667, 2, 12], "texture": "#particle"},
				"south": {"uv": [0.66667, 11.66667, 1.33333, 12], "texture": "#particle"},
				"west": {"uv": [1.33333, 11.66667, 2, 12], "texture": "#particle"},
				"up": {"uv": [1.33333, 11.66667, 0.66667, 11], "texture": "#particle"}
			}
		},
		{
			"from": [10.5, 16, 7],
			"to": [12.5, 17, 9],
			"rotation": {"angle": 0, "axis": "y", "origin": [14.5, 9, 13]},
			"faces": {
				"north": {"uv": [0.66667, 11.66667, 1.33333, 12], "texture": "#particle"},
				"east": {"uv": [1.33333, 11.66667, 2, 12], "texture": "#particle"},
				"south": {"uv": [0.66667, 11.66667, 1.33333, 12], "texture": "#particle"},
				"west": {"uv": [1.33333, 11.66667, 2, 12], "texture": "#particle"},
				"up": {"uv": [1.33333, 11.66667, 0.66667, 11], "texture": "#particle"}
			}
		},
		{
			"from": [3.5, 17, 8],
			"to": [12.5, 20, 8.01],
			"rotation": {"angle": 0, "axis": "y", "origin": [7.5, 18.5, 8]},
			"faces": {
				"north": {"uv": [3, 11, 6, 12], "texture": "#particle"},
				"south": {"uv": [6, 11, 3, 12], "texture": "#particle"}
			}
		}
	],
	"display": {
		"thirdperson_righthand": {
			"rotation": [68, -90, 0],
			"translation": [0, -3.5, -6],
			"scale": [0.55, 0.55, 0.55]
		},
		"firstperson_righthand": {
			"rotation": [28, -90, 25],
			"translation": [0, -0.5, 3],
			"scale": [0.4, 0.4, 0.4]
		},
		"ground": {
			"translation": [0, 2, 0],
			"scale": [0.5, 0.5, 0.5]
		},
		"gui": {
			"rotation": [30, 225, 0],
			"scale": [0.625, 0.625, 0.625]
		},
		"fixed": {
			"rotation": [0, 180, 0],
			"translation": [0, -1, -2],
			"scale": [0.75, 0.75, 0.75]
		}
	}
}