{
	"credit": "Made by PolygonMC",
	"texture_size": [24, 24],
	"textures": {
		"1": "glorious:item/easterset/spear",
		"particle": "glorious:item/easterset/spear"
	},
	"elements": [
		{
			"from": [7.5, 0.75, 7.5],
			"to": [8.5, 1.75, 8.5],
			"rotation": {"angle": 0, "axis": "y", "origin": [7.5, 0, 6.5]},
			"faces": {
				"north": {"uv": [8, 2.66667, 8.66667, 3.33333], "texture": "#1"},
				"east": {"uv": [10, 8.66667, 10.66667, 9.33333], "texture": "#1"},
				"south": {"uv": [10, 9.33333, 10.66667, 10], "texture": "#1"},
				"west": {"uv": [10, 10, 10.66667, 10.66667], "texture": "#1"},
				"up": {"uv": [0.66667, 11.33333, 0, 10.66667], "texture": "#1"},
				"down": {"uv": [11.33333, 0, 10.66667, 0.66667], "texture": "#1"}
			}
		},
		{
			"from": [7.5, 2.65, 7.5],
			"to": [8.5, 3.25, 8.5],
			"rotation": {"angle": 0, "axis": "y", "origin": [7.5, -0.25, 6.5]},
			"faces": {
				"north": {"uv": [11.33333, 11.33333, 12, 11.66667], "texture": "#1"},
				"east": {"uv": [0, 12, 0.66667, 12.33333], "texture": "#1"},
				"south": {"uv": [12, 0, 12.66667, 0.33333], "texture": "#1"},
				"west": {"uv": [0.66667, 12, 1.33333, 12.33333], "texture": "#1"},
				"up": {"uv": [1.33333, 11.33333, 0.66667, 10.66667], "texture": "#1"},
				"down": {"uv": [11.33333, 0.66667, 10.66667, 1.33333], "texture": "#1"}
			}
		},
		{
			"from": [7.5, 4.15, 7.5],
			"to": [8.5, 5.15, 8.5],
			"rotation": {"angle": 0, "axis": "y", "origin": [7.5, -0.5, 6.5]},
			"faces": {
				"north": {"uv": [1.33333, 10.66667, 2, 11.33333], "texture": "#1"},
				"east": {"uv": [10.66667, 1.33333, 11.33333, 2], "texture": "#1"},
				"south": {"uv": [2, 10.66667, 2.66667, 11.33333], "texture": "#1"},
				"west": {"uv": [10.66667, 2, 11.33333, 2.66667], "texture": "#1"},
				"up": {"uv": [4.66667, 11.33333, 4, 10.66667], "texture": "#1"},
				"down": {"uv": [5.33333, 10.66667, 4.66667, 11.33333], "texture": "#1"}
			}
		},
		{
			"from": [7.5, 19.55, 7.5],
			"to": [8.5, 20.55, 8.5],
			"rotation": {"angle": 0, "axis": "y", "origin": [7.5, 6.9, 6.5]},
			"faces": {
				"north": {"uv": [10.66667, 4.66667, 11.33333, 5.33333], "texture": "#1"},
				"east": {"uv": [5.33333, 10.66667, 6, 11.33333], "texture": "#1"},
				"south": {"uv": [10.66667, 5.33333, 11.33333, 6], "texture": "#1"},
				"west": {"uv": [10.66667, 6, 11.33333, 6.66667], "texture": "#1"},
				"up": {"uv": [11.33333, 7.33333, 10.66667, 6.66667], "texture": "#1"},
				"down": {"uv": [11.33333, 7.33333, 10.66667, 8], "texture": "#1"}
			}
		},
		{
			"from": [7.6, 1.75, 7.6],
			"to": [8.4, 2.65, 8.4],
			"rotation": {"angle": 0, "axis": "y", "origin": [7.5, 0, 6.5]},
			"faces": {
				"north": {"uv": [10.66667, 8, 11.33333, 8.66667], "texture": "#1"},
				"east": {"uv": [8.66667, 10.66667, 9.33333, 11.33333], "texture": "#1"},
				"south": {"uv": [10.66667, 8.66667, 11.33333, 9.33333], "texture": "#1"},
				"west": {"uv": [9.33333, 10.66667, 10, 11.33333], "texture": "#1"}
			}
		},
		{
			"from": [7.6, 3.25, 7.6],
			"to": [8.4, 4.15, 8.4],
			"rotation": {"angle": 0, "axis": "y", "origin": [7.5, -0.25, 6.5]},
			"faces": {
				"north": {"uv": [10.66667, 9.33333, 11.33333, 10], "texture": "#1"},
				"east": {"uv": [10, 10.66667, 10.66667, 11.33333], "texture": "#1"},
				"south": {"uv": [10.66667, 10, 11.33333, 10.66667], "texture": "#1"},
				"west": {"uv": [10.66667, 10.66667, 11.33333, 11.33333], "texture": "#1"}
			}
		},
		{
			"from": [7.5, 10.15, 7.5],
			"to": [8.5, 11.15, 8.5],
			"rotation": {"angle": 0, "axis": "y", "origin": [7.5, 0.15, 6.5]},
			"faces": {
				"north": {"uv": [8.66667, 11.33333, 9.33333, 12], "texture": "#1"},
				"east": {"uv": [11.33333, 8.66667, 12, 9.33333], "texture": "#1"},
				"south": {"uv": [9.33333, 11.33333, 10, 12], "texture": "#1"},
				"west": {"uv": [11.33333, 9.33333, 12, 10], "texture": "#1"},
				"up": {"uv": [10.66667, 12, 10, 11.33333], "texture": "#1"},
				"down": {"uv": [12, 10, 11.33333, 10.66667], "texture": "#1"}
			}
		},
		{
			"from": [7.5, 12.05, 7.5],
			"to": [8.5, 12.65, 8.5],
			"rotation": {"angle": 0, "axis": "y", "origin": [7.5, -0.1, 6.5]},
			"faces": {
				"north": {"uv": [12, 0.66667, 12.66667, 1], "texture": "#1"},
				"east": {"uv": [1.33333, 12, 2, 12.33333], "texture": "#1"},
				"south": {"uv": [12, 1.33333, 12.66667, 1.66667], "texture": "#1"},
				"west": {"uv": [2, 12, 2.66667, 12.33333], "texture": "#1"},
				"up": {"uv": [8.66667, 12, 8, 11.33333], "texture": "#1"},
				"down": {"uv": [12, 8, 11.33333, 8.66667], "texture": "#1"}
			}
		},
		{
			"from": [7.5, 13.55, 7.5],
			"to": [8.5, 14.55, 8.5],
			"rotation": {"angle": 0, "axis": "y", "origin": [7.5, -0.35, 6.5]},
			"faces": {
				"north": {"uv": [6, 11.33333, 6.66667, 12], "texture": "#1"},
				"east": {"uv": [11.33333, 6, 12, 6.66667], "texture": "#1"},
				"south": {"uv": [6.66667, 11.33333, 7.33333, 12], "texture": "#1"},
				"west": {"uv": [11.33333, 6.66667, 12, 7.33333], "texture": "#1"},
				"up": {"uv": [8, 12, 7.33333, 11.33333], "texture": "#1"},
				"down": {"uv": [12, 7.33333, 11.33333, 8], "texture": "#1"}
			}
		},
		{
			"from": [7.6, 11.15, 7.6],
			"to": [8.4, 12.05, 8.4],
			"rotation": {"angle": 0, "axis": "y", "origin": [7.5, 0.15, 6.5]},
			"faces": {
				"north": {"uv": [4.66667, 11.33333, 5.33333, 12], "texture": "#1"},
				"east": {"uv": [11.33333, 4.66667, 12, 5.33333], "texture": "#1"},
				"south": {"uv": [5.33333, 11.33333, 6, 12], "texture": "#1"},
				"west": {"uv": [11.33333, 5.33333, 12, 6], "texture": "#1"}
			}
		},
		{
			"from": [7.6, 12.65, 7.6],
			"to": [8.4, 13.55, 8.4],
			"rotation": {"angle": 0, "axis": "y", "origin": [7.5, -0.1, 6.5]},
			"faces": {
				"north": {"uv": [3.33333, 11.33333, 4, 12], "texture": "#1"},
				"east": {"uv": [11.33333, 3.33333, 12, 4], "texture": "#1"},
				"south": {"uv": [4, 11.33333, 4.66667, 12], "texture": "#1"},
				"west": {"uv": [11.33333, 4, 12, 4.66667], "texture": "#1"}
			}
		},
		{
			"from": [7.41, -0.09, 7.41],
			"to": [8.59, 1.09, 8.59],
			"rotation": {"angle": -45, "axis": "x", "origin": [8, 0.5, 8]},
			"faces": {
				"north": {"uv": [0, 11.33333, 0.66667, 12], "texture": "#1"},
				"east": {"uv": [11.33333, 0, 12, 0.66667], "texture": "#1"},
				"south": {"uv": [0.66667, 11.33333, 1.33333, 12], "texture": "#1"},
				"west": {"uv": [11.33333, 0.66667, 12, 1.33333], "texture": "#1"},
				"up": {"uv": [2, 12, 1.33333, 11.33333], "texture": "#1"},
				"down": {"uv": [12, 1.33333, 11.33333, 2], "texture": "#1"}
			}
		},
		{
			"from": [7.975, -3.75, 6.125],
			"to": [8.025, 0.75, 9.875],
			"rotation": {"angle": 0, "axis": "y", "origin": [8, -1.5, 8]},
			"faces": {
				"east": {"uv": [6, 0, 3.33333, 3], "texture": "#1"},
				"west": {"uv": [3.33333, 0, 6, 3], "texture": "#1"}
			}
		},
		{
			"from": [7.4, 20.55, 6.9],
			"to": [8.6, 21.55, 9.1],
			"rotation": {"angle": 0, "axis": "y", "origin": [7.5, 20.55, 7]},
			"faces": {
				"north": {"uv": [2, 11.33333, 2.66667, 12], "texture": "#1"},
				"east": {"uv": [4, 10, 5.33333, 10.66667], "texture": "#1"},
				"south": {"uv": [11.33333, 2, 12, 2.66667], "texture": "#1"},
				"west": {"uv": [10, 4, 11.33333, 4.66667], "texture": "#1"},
				"down": {"uv": [3.33333, 4.66667, 2.66667, 6], "texture": "#1"}
			}
		},
		{
			"from": [7.3, 20.85, 7],
			"to": [8.7, 22.85, 9],
			"rotation": {"angle": -45, "axis": "x", "origin": [8, 21.85, 8]},
			"faces": {
				"north": {"uv": [2.66667, 8.66667, 3.66667, 10], "texture": "#1"},
				"east": {"uv": [7.33333, 3.33333, 8.66667, 4.66667], "texture": "#1"},
				"south": {"uv": [8.66667, 2.66667, 9.66667, 4], "texture": "#1"},
				"west": {"uv": [7.33333, 4.66667, 8.66667, 6], "texture": "#1"},
				"up": {"uv": [5, 10, 4, 8.66667], "texture": "#1"},
				"down": {"uv": [9.66667, 4, 8.66667, 5.33333], "texture": "#1"}
			}
		},
		{
			"from": [7, 21.15, 7.3],
			"to": [9, 22.55, 8.7],
			"rotation": {"angle": -45, "axis": "x", "origin": [8, 21.85, 8]},
			"faces": {
				"north": {"uv": [8.66667, 5.33333, 10, 6.33333], "texture": "#1"},
				"east": {"uv": [2.66667, 10, 3.66667, 11], "texture": "#1"},
				"south": {"uv": [6, 8.66667, 7.33333, 9.66667], "texture": "#1"},
				"west": {"uv": [10, 2.66667, 11, 3.66667], "texture": "#1"},
				"up": {"uv": [10, 7.66667, 8.66667, 6.66667], "texture": "#1"},
				"down": {"uv": [8.66667, 8.66667, 7.33333, 9.66667], "texture": "#1"}
			}
		},
		{
			"from": [7.5, 21.5, 5.5],
			"to": [8.5, 23.5, 7.5],
			"rotation": {"angle": 22.5, "axis": "x", "origin": [8, 22.4, 5]},
			"faces": {
				"north": {"uv": [5.33333, 9.33333, 6, 10.66667], "texture": "#1"},
				"east": {"uv": [7.33333, 6, 8.66667, 7.33333], "texture": "#1"},
				"south": {"uv": [10, 4.66667, 10.66667, 6], "texture": "#1"},
				"west": {"uv": [7.33333, 7.33333, 8.66667, 8.66667], "texture": "#1"},
				"up": {"uv": [6.66667, 11.33333, 6, 10], "texture": "#1"},
				"down": {"uv": [10.66667, 6, 10, 7.33333], "texture": "#1"}
			}
		},
		{
			"from": [7.5, 21.5, 8.5],
			"to": [8.5, 23.5, 10.5],
			"rotation": {"angle": -22.5, "axis": "x", "origin": [8, 22.4, 11]},
			"faces": {
				"north": {"uv": [6.66667, 10, 7.33333, 11.33333], "texture": "#1"},
				"east": {"uv": [8, 0, 9.33333, 1.33333], "texture": "#1"},
				"south": {"uv": [7.33333, 10, 8, 11.33333], "texture": "#1"},
				"west": {"uv": [8, 1.33333, 9.33333, 2.66667], "texture": "#1"},
				"up": {"uv": [10.66667, 8.66667, 10, 7.33333], "texture": "#1"},
				"down": {"uv": [8.66667, 10, 8, 11.33333], "texture": "#1"}
			}
		},
		{
			"from": [7.4, 5.15, 7.4],
			"to": [8.6, 10.15, 8.6],
			"rotation": {"angle": 0, "axis": "y", "origin": [6.5, 5.15, 7.5]},
			"faces": {
				"north": {"uv": [5.33333, 6, 6, 9.33333], "texture": "#1"},
				"east": {"uv": [6, 5.33333, 6.66667, 8.66667], "texture": "#1"},
				"south": {"uv": [6.66667, 5.33333, 7.33333, 8.66667], "texture": "#1"},
				"west": {"uv": [0, 7.33333, 0.66667, 10.66667], "texture": "#1"},
				"up": {"uv": [3.33333, 12, 2.66667, 11.33333], "texture": "#1"},
				"down": {"uv": [12, 2.66667, 11.33333, 3.33333], "texture": "#1"}
			}
		},
		{
			"from": [7.4, 14.55, 7.4],
			"to": [8.6, 19.55, 8.6],
			"rotation": {"angle": 0, "axis": "y", "origin": [6.5, 5.3, 7.5]},
			"faces": {
				"north": {"uv": [7.33333, 0, 8, 3.33333], "texture": "#1"},
				"east": {"uv": [0.66667, 7.33333, 1.33333, 10.66667], "texture": "#1"},
				"south": {"uv": [1.33333, 7.33333, 2, 10.66667], "texture": "#1"},
				"west": {"uv": [2, 7.33333, 2.66667, 10.66667], "texture": "#1"},
				"up": {"uv": [11.33333, 12, 10.66667, 11.33333], "texture": "#1"},
				"down": {"uv": [12, 10.66667, 11.33333, 11.33333], "texture": "#1"}
			}
		},
		{
			"from": [7.225, 19.7, 4.55],
			"to": [8.775, 22.95, 6.55],
			"rotation": {"angle": -22.5, "axis": "x", "origin": [8, 21.4, 5.05]},
			"faces": {
				"north": {"uv": [6, 0, 7, 2.33333], "texture": "#1"},
				"east": {"uv": [3.33333, 3.33333, 4.66667, 5.66667], "texture": "#1"},
				"south": {"uv": [2.66667, 6, 3.66667, 8.33333], "texture": "#1"},
				"west": {"uv": [0, 4.66667, 1.33333, 7], "texture": "#1"},
				"up": {"uv": [9.66667, 9.33333, 8.66667, 8], "texture": "#1"},
				"down": {"uv": [10.33333, 0, 9.33333, 1.33333], "texture": "#1"}
			}
		},
		{
			"from": [7.225, 19.7, 9.45],
			"to": [8.775, 22.95, 11.45],
			"rotation": {"angle": 22.5, "axis": "x", "origin": [8, 21.4, 10.95]},
			"faces": {
				"north": {"uv": [6, 2.66667, 7, 5], "texture": "#1"},
				"east": {"uv": [1.33333, 4.66667, 2.66667, 7], "texture": "#1"},
				"south": {"uv": [4, 6, 5, 8.33333], "texture": "#1"},
				"west": {"uv": [4.66667, 3.33333, 6, 5.66667], "texture": "#1"},
				"up": {"uv": [10.33333, 2.66667, 9.33333, 1.33333], "texture": "#1"},
				"down": {"uv": [9.66667, 9.33333, 8.66667, 10.66667], "texture": "#1"}
			}
		},
		{
			"from": [8, 22.5, 5.75],
			"to": [8.05, 29.5, 10.25],
			"rotation": {"angle": 0, "axis": "y", "origin": [8, 0, 5.75]},
			"faces": {
				"east": {"uv": [3, 0, 0, 4.66667], "texture": "#1"},
				"west": {"uv": [0, 0, 3, 4.66667], "texture": "#1"}
			}
		}
	],
	"gui_light": "front",
	"display": {
		"thirdperson_righthand": {
			"translation": [0, -1.75, 0.75]
		},
		"thirdperson_lefthand": {
			"translation": [0, -1.75, 0.75]
		},
		"firstperson_righthand": {
			"rotation": [-10, 0, 0],
			"translation": [0, -2, 0]
		},
		"firstperson_lefthand": {
			"rotation": [-10, 0, 0],
			"translation": [0, -2, 0]
		},
		"ground": {
			"rotation": [40, 0, 0],
			"translation": [0, 12.25, -3]
		},
		"gui": {
			"rotation": [90, -45, 90],
			"translation": [2.25, -2.25, 0],
			"scale": [0.68164, 0.68164, 0.68164]
		},
		"head": {
			"scale": [0, 0, 0]
		},
		"fixed": {
			"rotation": [0, 90, 0],
			"translation": [0, -8.25, -1.5],
			"scale": [2, 2, 2]
		}
	}
}