{
	"credit": "Made with Blockbench",
	"texture_size": [32, 32],
	"textures": {
		"1": "glorious:item/furniture/documents",
		"particle": "glorious:item/furniture/documents"
	},
	"elements": [
		{
			"from": [3, 0.2, 1],
			"to": [11, 0.2, 12],
			"rotation": {"angle": -22.5, "axis": "y", "origin": [3.875, 0.35, 5.75]},
			"faces": {
				"north": {"uv": [0, 0, 4, 0], "texture": "#1"},
				"east": {"uv": [0, 0, 5.5, 0], "texture": "#1"},
				"south": {"uv": [0, 0, 4, 0], "texture": "#1"},
				"west": {"uv": [0, 0, 5.5, 0], "texture": "#1"},
				"up": {"uv": [4, 11, 0, 5.5], "texture": "#1"},
				"down": {"uv": [8, 5.5, 4, 11], "texture": "#1"}
			}
		},
		{
			"from": [9, 0.2, 5],
			"to": [17, 6.2, 16],
			"rotation": {"angle": 22.5, "axis": "y", "origin": [12, 3.2, 10.5]},
			"faces": {
				"north": {"uv": [8, 6, 12, 9], "texture": "#1"},
				"east": {"uv": [8, 0, 13.5, 3], "texture": "#1"},
				"south": {"uv": [8, 9, 12, 12], "texture": "#1"},
				"west": {"uv": [8, 3, 13.5, 6], "texture": "#1"},
				"up": {"uv": [4, 5.5, 0, 0], "texture": "#1"},
				"down": {"uv": [8, 0, 4, 5.5], "texture": "#1"}
			}
		},
		{
			"from": [0, 0, 14],
			"to": [7, 1, 17],
			"faces": {
				"north": {"uv": [0, 12.5, 3.5, 13], "texture": "#1"},
				"east": {"uv": [0, 13, 1.5, 13.5], "texture": "#1"},
				"south": {"uv": [3.5, 12.5, 7, 13], "texture": "#1"},
				"west": {"uv": [1.5, 13, 3, 13.5], "texture": "#1"},
				"up": {"uv": [3.5, 12.5, 0, 11], "texture": "#1"},
				"down": {"uv": [7, 11, 3.5, 12.5], "texture": "#1"}
			}
		},
		{
			"from": [2, 3, 14],
			"to": [5, 4, 17],
			"faces": {
				"north": {"uv": [3, 13, 4.5, 13.5], "texture": "#1"},
				"east": {"uv": [4.5, 13, 6, 13.5], "texture": "#1"},
				"south": {"uv": [9, 13, 10.5, 13.5], "texture": "#1"},
				"west": {"uv": [10.5, 13, 12, 13.5], "texture": "#1"},
				"up": {"uv": [13.5, 7.5, 12, 6], "texture": "#1"},
				"down": {"uv": [8.5, 12, 7, 13.5], "texture": "#1"}
			}
		},
		{
			"from": [2.5, 1, 14.5],
			"to": [4.5, 3, 16.5],
			"faces": {
				"north": {"uv": [7, 11, 8, 12], "texture": "#1"},
				"east": {"uv": [9, 12, 10, 13], "texture": "#1"},
				"south": {"uv": [10, 12, 11, 13], "texture": "#1"},
				"west": {"uv": [11, 12, 12, 13], "texture": "#1"},
				"up": {"uv": [13.5, 9.5, 12.5, 8.5], "texture": "#1"},
				"down": {"uv": [13.5, 9.5, 12.5, 10.5], "texture": "#1"}
			}
		}
	],
	"display": {
		"thirdperson_righthand": {
			"rotation": [75, 45, 0],
			"translation": [0, 2.5, 0],
			"scale": [0.375, 0.375, 0.375]
		},
		"thirdperson_lefthand": {
			"rotation": [75, 45, 0],
			"translation": [0, 2.5, 0],
			"scale": [0.375, 0.375, 0.375]
		},
		"firstperson_righthand": {
			"rotation": [0, 45, 0],
			"scale": [0.4, 0.4, 0.4]
		},
		"firstperson_lefthand": {
			"rotation": [0, 225, 0],
			"scale": [0.4, 0.4, 0.4]
		},
		"ground": {
			"translation": [0, 3, 0],
			"scale": [0.25, 0.25, 0.25]
		},
		"gui": {
			"rotation": [30, 225, 0],
			"translation": [1.75, 0, 0],
			"scale": [0.625, 0.625, 0.625]
		},
		"fixed": {
			"rotation": [-90, 0, 0],
			"translation": [0, 0, -16],
			"scale": [2, 2, 2]
		}
	}
}