{
	"credit": "Made by LZLeon with Blockbench, Contact - Discord: LZBlocks#0261 - E-Mail: lzblocks@outlook.com",
	"texture_size": [64, 64],
	"textures": {
		"0": "glorious:item/furniture/medieval_market_direction_sign",
		"particle": "glorious:item/furniture/medieval_market_direction_sign"
	},
	"elements": [
		{
			"from": [6, 0, 6],
			"to": [10, 32, 10],
			"faces": {
				"north": {"uv": [1, 7.25, 2, 15.25], "texture": "#0"},
				"east": {"uv": [0, 7.25, 1, 15.25], "texture": "#0"},
				"south": {"uv": [3, 7.25, 4, 15.25], "texture": "#0"},
				"west": {"uv": [2, 7.25, 3, 15.25], "texture": "#0"},
				"up": {"uv": [2, 7.25, 1, 6.25], "texture": "#0"},
				"down": {"uv": [3, 6.25, 2, 7.25], "texture": "#0"}
			}
		},
		{
			"from": [5, 24, -4],
			"to": [6, 30, 15],
			"faces": {
				"north": {"uv": [4.75, 4.75, 5, 6.25], "texture": "#0"},
				"east": {"uv": [0, 4.75, 4.75, 6.25], "texture": "#0"},
				"south": {"uv": [9.75, 4.75, 10, 6.25], "texture": "#0"},
				"west": {"uv": [5, 4.75, 9.75, 6.25], "texture": "#0"},
				"up": {"uv": [5, 4.75, 4.75, 0], "texture": "#0"},
				"down": {"uv": [5.25, 0, 5, 4.75], "texture": "#0"}
			}
		},
		{
			"from": [1, 17, 5],
			"to": [20, 23, 6],
			"faces": {
				"north": {"uv": [5.5, 0.25, 10.25, 1.75], "texture": "#0"},
				"east": {"uv": [5.25, 0.25, 5.5, 1.75], "texture": "#0"},
				"south": {"uv": [10.5, 0.25, 15.25, 1.75], "texture": "#0"},
				"west": {"uv": [10.25, 0.25, 10.5, 1.75], "texture": "#0"},
				"up": {"uv": [10.25, 0.25, 5.5, 0], "texture": "#0"},
				"down": {"uv": [15, 0, 10.25, 0.25], "texture": "#0"}
			}
		}
	],
	"display": {
		"thirdperson_righthand": {
			"rotation": [60, -33, 0],
			"translation": [0, 0.5, -1],
			"scale": [0.6, 0.6, 0.6]
		},
		"thirdperson_lefthand": {
			"rotation": [60, -33, 0],
			"translation": [0, 0.5, -1],
			"scale": [0.6, 0.6, 0.6]
		},
		"firstperson_righthand": {
			"rotation": [0, 90, 6],
			"translation": [1, -2.75, 0],
			"scale": [0.4, 0.4, 0.4]
		},
		"firstperson_lefthand": {
			"rotation": [0, 90, 6],
			"translation": [1, -2.75, 0],
			"scale": [0.4, 0.4, 0.4]
		},
		"ground": {
			"translation": [0, 1.5, 0],
			"scale": [0.35, 0.35, 0.35]
		},
		"gui": {
			"rotation": [30, 120, 0],
			"translation": [0.5, -3.25, 0],
			"scale": [0.45, 0.45, 0.45]
		},
		"head": {
			"rotation": [0, 90, 0],
			"translation": [0, -30.4, 0],
			"scale": [1.6, 1.6, 1.6]
		},
		"fixed": {
			"rotation": [-90, -90, 0],
			"translation": [0, 0, -16],
			"scale": [2, 2, 2]
		}
	}
}