{	"credit":"MadewithBlockbench",	"texture_size":[32,32],	"textures":{		"2":"glorious:item/default_tools/stone_hoe",		"particle":"glorious:item/default_tools/stone_hoe"	},	"elements":[		{			"from":[5.5,13.5,7.25],			"to":[10,16,8.75],			"faces":{				"north":{"uv":[6.5,1.5,8.75,2.75],"texture":"#2"},				"east":{"uv":[10.5,11,11.25,12.25],"texture":"#2"},				"south":{"uv":[6.5,6,8.75,7.25],"texture":"#2"},				"west":{"uv":[0,11.5,0.75,12.75],"texture":"#2"},				"up":{"uv":[10.25,9.75,8,9],"texture":"#2"},				"down":{"uv":[11.25,8,9,8.75],"texture":"#2"}			}		},		{			"from":[9.3694,13.32978,7.5],			"to":[13.8694,15.07978,8.5],			"rotation":{"angle":-22.5,"axis":"z","origin":[11.3694,14.07978,8]},			"faces":{				"north":{"uv":[7,3,9.25,4],"texture":"#2"},				"east":{"uv":[8.5,5,9,6],"texture":"#2"},				"south":{"uv":[7,4,9.25,5],"texture":"#2"},				"west":{"uv":[2,12,2.5,13],"texture":"#2"},				"up":{"uv":[12.75,2,10.5,1.5],"texture":"#2"},				"down":{"uv":[12.75,2,10.5,2.5],"texture":"#2"}			}		},		{			"from":[14.51889,9.92563,7.75],			"to":[15.51889,13.92563,8.25],			"rotation":{"angle":45,"axis":"z","origin":[14.76889,11.92563,7.75]},			"faces":{				"north":{"uv":[6,10,6.5,12],"texture":"#2"},				"east":{"uv":[2.5,12,2.75,14],"texture":"#2"},				"south":{"uv":[6.5,10,7,12],"texture":"#2"},				"west":{"uv":[3,12,3.25,14],"texture":"#2"},				"up":{"uv":[6,12.75,5.5,12.5],"texture":"#2"},				"down":{"uv":[6.5,12.5,6,12.75],"texture":"#2"}			}		},		{			"from":[6.75,12,6.75],			"to":[9.25,13,9.25],			"faces":{				"north":{"uv":[8,11.5,9.25,12],"texture":"#2"},				"east":{"uv":[11.5,8,12.75,8.5],"texture":"#2"},				"south":{"uv":[11.5,8.5,12.75,9],"texture":"#2"},				"west":{"uv":[11.5,9,12.75,9.5],"texture":"#2"},				"up":{"uv":[10.75,4.25,9.5,3],"texture":"#2"},				"down":{"uv":[4.25,10,3,11.25],"texture":"#2"}			}		},		{			"from":[7,11,7],			"to":[9,12,9],			"faces":{				"north":{"uv":[3,9.5,4,10],"texture":"#2"},				"east":{"uv":[12,3,13,3.5],"texture":"#2"},				"south":{"uv":[3.5,12,4.5,12.5],"texture":"#2"},				"west":{"uv":[12,3.5,13,4],"texture":"#2"},				"up":{"uv":[1,11.5,0,10.5],"texture":"#2"},				"down":{"uv":[2,10.5,1,11.5],"texture":"#2"}			}		},		{			"from":[7.25,0,7.25],			"to":[8.75,14,8.75],			"faces":{				"north":{"uv":[0,0,0.75,7],"texture":"#2"},				"east":{"uv":[1,0,1.75,7],"texture":"#2"},				"south":{"uv":[2,0,2.75,7],"texture":"#2"},				"west":{"uv":[3,0,3.75,7],"texture":"#2"},				"up":{"uv":[1.75,12.25,1,11.5],"texture":"#2"},				"down":{"uv":[12.25,11.5,11.5,12.25],"texture":"#2"}			}		},		{			"from":[7,9.5,7],			"to":[9,10.5,9],			"faces":{				"north":{"uv":[4.5,12,5.5,12.5],"texture":"#2"},				"east":{"uv":[5.5,12,6.5,12.5],"texture":"#2"},				"south":{"uv":[6.5,12,7.5,12.5],"texture":"#2"},				"west":{"uv":[7.5,12,8.5,12.5],"texture":"#2"},				"up":{"uv":[11.5,6.5,10.5,5.5],"texture":"#2"},				"down":{"uv":[11.5,6.5,10.5,7.5],"texture":"#2"}			}		},		{			"from":[7,4,7],			"to":[9,8.5,9],			"faces":{				"north":{"uv":[3,7,4,9.25],"texture":"#2"},				"east":{"uv":[4,7.5,5,9.75],"texture":"#2"},				"south":{"uv":[5,7.5,6,9.75],"texture":"#2"},				"west":{"uv":[6,7.5,7,9.75],"texture":"#2"},				"up":{"uv":[11.5,10,10.5,9],"texture":"#2"},				"down":{"uv":[3,11,2,12],"texture":"#2"}			}		},		{			"from":[7,2,7],			"to":[9,3,9],			"faces":{				"north":{"uv":[8.5,12,9.5,12.5],"texture":"#2"},				"east":{"uv":[9.5,12,10.5,12.5],"texture":"#2"},				"south":{"uv":[12,10,13,10.5],"texture":"#2"},				"west":{"uv":[12,10.5,13,11],"texture":"#2"},				"up":{"uv":[12,4,11,3],"texture":"#2"},				"down":{"uv":[8,11,7,12],"texture":"#2"}			}		},		{			"from":[7,0.5,7],			"to":[9,1.5,9],			"faces":{				"north":{"uv":[1,12.5,2,13],"texture":"#2"},				"east":{"uv":[3.5,12.5,4.5,13],"texture":"#2"},				"south":{"uv":[4.5,12.5,5.5,13],"texture":"#2"},				"west":{"uv":[12.5,4.5,13.5,5],"texture":"#2"},				"up":{"uv":[10.5,12,9.5,11],"texture":"#2"},				"down":{"uv":[12,10,11,11],"texture":"#2"}			}		},		{			"from":[6.25,-1.5,6.65],			"to":[9.75,-0.5,9.35],			"rotation":{"angle":22.5,"axis":"z","origin":[8,-1,8]},			"faces":{				"north":{"uv":[10.5,7.5,12.25,8],"texture":"#2"},				"east":{"uv":[11.5,9.5,12.75,10],"texture":"#2"},				"south":{"uv":[11,4,12.75,4.5],"texture":"#2"},				"west":{"uv":[11.5,11,12.75,11.5],"texture":"#2"},				"up":{"uv":[8.75,8.75,7,7.5],"texture":"#2"},				"down":{"uv":[1.75,9,0,10.25],"texture":"#2"}			}		},		{			"from":[5.5,-1.25,6.55],			"to":[10,-0.25,9.45],			"rotation":{"angle":-45,"axis":"z","origin":[8,-1,8]},			"faces":{				"north":{"uv":[10.5,2.5,12.75,3],"texture":"#2"},				"east":{"uv":[3,11.5,4.5,12],"texture":"#2"},				"south":{"uv":[10.5,5,12.75,5.5],"texture":"#2"},				"west":{"uv":[4.5,11.5,6,12],"texture":"#2"},				"up":{"uv":[6.25,7.5,4,6],"texture":"#2"},				"down":{"uv":[8.75,0,6.5,1.5],"texture":"#2"}			}		},		{			"from":[5,13.75,6.55],			"to":[10,14.75,9.45],			"rotation":{"angle":-45,"axis":"z","origin":[8,14,8]},			"faces":{				"north":{"uv":[10.5,0.5,13,1],"texture":"#2"},				"east":{"uv":[11.5,5.5,13,6],"texture":"#2"},				"south":{"uv":[10.5,1,13,1.5],"texture":"#2"},				"west":{"uv":[11.5,6,13,6.5],"texture":"#2"},				"up":{"uv":[6.5,1.5,4,0],"texture":"#2"},				"down":{"uv":[6.5,1.5,4,3],"texture":"#2"}			}		},		{			"from":[8,13.5,6.65],			"to":[13.5,14.5,9.35],			"rotation":{"angle":45,"axis":"z","origin":[8,11,8]},			"faces":{				"north":{"uv":[9.5,4.5,12.25,5],"texture":"#2"},				"east":{"uv":[11.5,6.5,12.75,7],"texture":"#2"},				"south":{"uv":[10.5,0,13.25,0.5],"texture":"#2"},				"west":{"uv":[11.5,7,12.75,7.5],"texture":"#2"},				"up":{"uv":[6.75,4.25,4,3],"texture":"#2"},				"down":{"uv":[6.75,4.5,4,5.75],"texture":"#2"}			}		},		{			"from":[6.5,13.20711,7],			"to":[9.5,16.70711,9],			"rotation":{"angle":0,"axis":"y","origin":[8,14.70711,8]},			"faces":{				"north":{"uv":[0,7,1.5,8.75],"texture":"#2"},				"east":{"uv":[2,9,3,10.75],"texture":"#2"},				"south":{"uv":[1.5,7,3,8.75],"texture":"#2"},				"west":{"uv":[7,9,8,10.75],"texture":"#2"},				"up":{"uv":[8.5,6,7,5],"texture":"#2"},				"down":{"uv":[11,10,9.5,11],"texture":"#2"}			}		},		{			"from":[6.75,-2.5,6.75],			"to":[9.25,0.5,9.25],			"faces":{				"north":{"uv":[9,0,10.25,1.5],"texture":"#2"},				"east":{"uv":[9,1.5,10.25,3],"texture":"#2"},				"south":{"uv":[9,5,10.25,6.5],"texture":"#2"},				"west":{"uv":[9,6.5,10.25,8],"texture":"#2"},				"up":{"uv":[5.75,11.25,4.5,10],"texture":"#2"},				"down":{"uv":[9.25,10,8,11.25],"texture":"#2"}			}		}	],	"gui_light":"front",	"display":{		"thirdperson_righthand":{			"rotation":[0,90,0],			"translation":[0,-0.25,0]		},		"thirdperson_lefthand":{			"rotation":[0,-90,0],			"translation":[0,-0.25,0],			"scale":[1,1,-1]		},		"firstperson_righthand":{			"rotation":[0,90,0],			"translation":[0,-0.25,0]		},		"firstperson_lefthand":{			"rotation":[0,-90,0],			"translation":[0,-0.25,0],			"scale":[1,1,-1]		},		"gui":{			"rotation":[0,0,-45],			"scale":[0.95898,0.95898,0.95898]		},		"fixed":{			"translation":[0,1,-2],			"scale":[1.62891,1.62891,1.62891]		}	}}