{"textures":{"0":"glorious:entity/nocsy_cat5"},"elements":[{"from":[7.142857,7.2,6.9714284],"to":[8.857143,8.342857,8.685715],"rotation":{"angle":0.0,"axis":"y","origin":[5.428571,5.6,5.771428]},"faces":{"east":{"uv":[6.125,7.75,5.75,8.0],"rotation":0,"texture":"#0","tintindex":0},"south":{"uv":[5.625,7.75,5.25,8.0],"rotation":0,"texture":"#0","tintindex":0},"north":{"uv":[4.625,7.75,4.25,8.0],"rotation":0,"texture":"#0","tintindex":0},"west":{"uv":[5.125,7.75,4.75,8.0],"rotation":0,"texture":"#0","tintindex":0},"up":{"uv":[2.0,7.75,2.375,7.375],"rotation":0,"texture":"#0","tintindex":0},"down":{"uv":[6.375,7.375,6.75,7.75],"rotation":0,"texture":"#0","tintindex":0}}}],"display":{"head":{"translation":[0.0,-6.4,0.0],"scale":[4.0,4.0,4.0]}}}