{"textures":{"0":"glorious:entity/nocsy_cat5"},"elements":[{"from":[7.142857,7.2,6.9714284],"to":[8.857143,8.342857,8.685715],"rotation":{"angle":0.0,"axis":"y","origin":[10.571428,5.6,5.771428]},"faces":{"east":{"uv":[4.75,7.75,5.125,8.0],"rotation":0,"texture":"#0","tintindex":0},"south":{"uv":[5.25,7.75,5.625,8.0],"rotation":0,"texture":"#0","tintindex":0},"north":{"uv":[4.25,7.75,4.625,8.0],"rotation":0,"texture":"#0","tintindex":0},"west":{"uv":[5.75,7.75,6.125,8.0],"rotation":0,"texture":"#0","tintindex":0},"up":{"uv":[2.375,7.75,2.0,7.375],"rotation":0,"texture":"#0","tintindex":0},"down":{"uv":[6.75,7.375,6.375,7.75],"rotation":0,"texture":"#0","tintindex":0}}}],"display":{"head":{"translation":[0.0,-6.4,0.0],"scale":[4.0,4.0,4.0]}}}