{"textures":{"0":"glorious:entity/nocsy_cat5"},"elements":[{"from":[7.4098186,6.3477407,7.4370866],"to":[8.952676,8.462027,8.979944],"rotation":{"angle":0.0,"axis":"y","origin":[8.171429,7.142857,8.0]},"faces":{"east":{"uv":[7.125,4.25,7.5,4.75],"rotation":0,"texture":"#0","tintindex":0},"south":{"uv":[4.375,7.125,4.75,7.625],"rotation":0,"texture":"#0","tintindex":0},"north":{"uv":[7.125,3.625,7.5,4.125],"rotation":0,"texture":"#0","tintindex":0},"west":{"uv":[4.875,7.125,5.25,7.625],"rotation":0,"texture":"#0","tintindex":0},"up":{"uv":[7.75,1.625,7.375,1.25],"rotation":0,"texture":"#0","tintindex":0},"down":{"uv":[1.875,7.375,1.5,7.75],"rotation":0,"texture":"#0","tintindex":0}}}],"display":{"head":{"translation":[0.0,-6.4,0.0],"scale":[4.0,4.0,4.0]}}}