{"credit":"MadewithBlockbench","texture_size":[128,128],"textures":{"0":"glorious:item/bakery/shelf_1","1":"glorious:item/bakery/bread_obj","particle":"glorious:item/bakery/bread_obj"},"elements":[{"from":[14.9,1,7.1],"to":[15.9,31,8.1],"faces":{"north":{"uv":[4.125,0,4.25,3.75],"texture":"#0"},"east":{"uv":[4.125,0,4.25,3.75],"texture":"#0"},"south":{"uv":[4.125,0,4.25,3.75],"texture":"#0"},"west":{"uv":[4.125,0,4.25,3.75],"texture":"#0"}}},{"from":[-15.9,1,7.1],"to":[-14.9,31,8.1],"faces":{"north":{"uv":[4.125,0,4.25,3.75],"texture":"#0"},"east":{"uv":[4.125,0,4.25,3.75],"texture":"#0"},"south":{"uv":[4.125,0,4.25,3.75],"texture":"#0"},"west":{"uv":[4.125,0,4.25,3.75],"texture":"#0"}}},{"from":[-0.5,1,7.1],"to":[0.5,31,8.1],"faces":{"north":{"uv":[4.125,0,4.25,3.75],"texture":"#0"},"east":{"uv":[4.125,0,4.25,3.75],"texture":"#0"},"south":{"uv":[4.125,0,4.25,3.75],"texture":"#0"},"west":{"uv":[4.125,0,4.25,3.75],"texture":"#0"}}},{"from":[-16,0,7],"to":[16,1,15],"faces":{"north":{"uv":[4.25,1,8.25,1.125],"texture":"#0"},"east":{"uv":[4.25,1.125,5.25,1.25],"texture":"#0"},"south":{"uv":[4.25,1,8.25,1.125],"texture":"#0"},"west":{"uv":[5.25,1.125,4.25,1.25],"texture":"#0"},"up":{"uv":[8.25,1,4.25,0],"texture":"#0"},"down":{"uv":[8.25,0,4.25,1],"texture":"#0"}}},{"from":[-16,7,7],"to":[16,8,15],"faces":{"north":{"uv":[4.25,1,8.25,1.125],"texture":"#0"},"east":{"uv":[4.25,1.125,5.25,1.25],"texture":"#0"},"south":{"uv":[4.25,1,8.25,1.125],"texture":"#0"},"west":{"uv":[4.25,1.125,5.25,1.25],"texture":"#0"},"up":{"uv":[8.25,1,4.25,0],"texture":"#0"},"down":{"uv":[8.25,0,4.25,1],"texture":"#0"}}},{"from":[-16,31,7],"to":[16,32,15],"faces":{"north":{"uv":[4.25,1,8.25,1.125],"texture":"#0"},"east":{"uv":[4.25,1.125,5.25,1.25],"texture":"#0"},"south":{"uv":[4.25,1,8.25,1.125],"texture":"#0"},"west":{"uv":[4.25,1.125,5.25,1.25],"texture":"#0"},"up":{"uv":[8.25,1,4.25,0],"texture":"#0"},"down":{"uv":[8.25,0,4.25,1],"texture":"#0"}}},{"from":[-16,24,7],"to":[16,25,15],"faces":{"north":{"uv":[4.25,1,8.25,1.125],"texture":"#0"},"east":{"uv":[4.25,1.125,5.25,1.25],"texture":"#0"},"south":{"uv":[4.25,1,8.25,1.125],"texture":"#0"},"west":{"uv":[4.25,1.125,5.25,1.25],"texture":"#0"},"up":{"uv":[8.25,1,4.25,0],"texture":"#0"},"down":{"uv":[8.25,0,4.25,1],"texture":"#0"}}},{"from":[-16,15.5,7],"to":[16,16.5,15],"faces":{"north":{"uv":[4.25,1,8.25,1.125],"texture":"#0"},"east":{"uv":[4.25,1.125,5.25,1.25],"texture":"#0"},"south":{"uv":[4.25,1,8.25,1.125],"texture":"#0"},"west":{"uv":[4.25,1.125,5.25,1.25],"texture":"#0"},"up":{"uv":[8.25,1,4.25,0],"texture":"#0"},"down":{"uv":[8.25,0,4.25,1],"texture":"#0"}}},{"from":[-16,0,15],"to":[16,32,16],"faces":{"north":{"uv":[0,0,4,4],"texture":"#0"},"east":{"uv":[4,0,4.125,4],"texture":"#0"},"south":{"uv":[0,0,4,4],"texture":"#0"},"west":{"uv":[4.125,0,4,4],"texture":"#0"},"up":{"uv":[4,4.125,0,4],"texture":"#0"},"down":{"uv":[4,4,0,4.125],"texture":"#0"}}},{"from":[0.55,8,8],"to":[7.55,9,15],"faces":{"north":{"uv":[4.25,2.125,5.125,2.25],"texture":"#0"},"east":{"uv":[4.25,2.125,5.125,2.25],"texture":"#0"},"south":{"uv":[4.25,2.125,5.125,2.25],"texture":"#0"},"west":{"uv":[4.25,2.125,5.125,2.25],"texture":"#0"},"up":{"uv":[5.125,2.125,4.25,1.25],"texture":"#0"},"down":{"uv":[5.125,1.25,4.25,2.125],"texture":"#0"}}},{"from":[7.75,8,8],"to":[14.75,9,15],"faces":{"north":{"uv":[4.25,2.125,5.125,2.25],"texture":"#0"},"east":{"uv":[4.25,2.125,5.125,2.25],"texture":"#0"},"south":{"uv":[4.25,2.125,5.125,2.25],"texture":"#0"},"west":{"uv":[4.25,2.125,5.125,2.25],"texture":"#0"},"up":{"uv":[5.125,2.125,4.25,1.25],"texture":"#0"},"down":{"uv":[5.125,1.25,4.25,2.125],"texture":"#0"}}},{"from":[-14.75,8,8],"to":[-7.75,9,15],"faces":{"north":{"uv":[4.25,2.125,5.125,2.25],"texture":"#0"},"east":{"uv":[4.25,2.125,5.125,2.25],"texture":"#0"},"south":{"uv":[4.25,2.125,5.125,2.25],"texture":"#0"},"west":{"uv":[4.25,2.125,5.125,2.25],"texture":"#0"},"up":{"uv":[5.125,2.125,4.25,1.25],"texture":"#0"},"down":{"uv":[5.125,1.25,4.25,2.125],"texture":"#0"}}},{"from":[-7.55,8,8],"to":[-0.55,9,15],"faces":{"north":{"uv":[4.25,2.125,5.125,2.25],"texture":"#0"},"east":{"uv":[4.25,2.125,5.125,2.25],"texture":"#0"},"south":{"uv":[4.25,2.125,5.125,2.25],"texture":"#0"},"west":{"uv":[4.25,2.125,5.125,2.25],"texture":"#0"},"up":{"uv":[5.125,2.125,4.25,1.25],"texture":"#0"},"down":{"uv":[5.125,1.25,4.25,2.125],"texture":"#0"}}},{"from":[7.75,16.5,8],"to":[14.75,17.5,15],"faces":{"north":{"uv":[4.25,2.125,5.125,2.25],"texture":"#0"},"east":{"uv":[4.25,2.125,5.125,2.25],"texture":"#0"},"south":{"uv":[4.25,2.125,5.125,2.25],"texture":"#0"},"west":{"uv":[4.25,2.125,5.125,2.25],"texture":"#0"},"up":{"uv":[5.125,2.125,4.25,1.25],"texture":"#0"},"down":{"uv":[5.125,1.25,4.25,2.125],"texture":"#0"}}},{"from":[0.55,16.5,8],"to":[7.55,17.5,15],"faces":{"north":{"uv":[4.25,2.125,5.125,2.25],"texture":"#0"},"east":{"uv":[4.25,2.125,5.125,2.25],"texture":"#0"},"south":{"uv":[4.25,2.125,5.125,2.25],"texture":"#0"},"west":{"uv":[4.25,2.125,5.125,2.25],"texture":"#0"},"up":{"uv":[5.125,2.125,4.25,1.25],"texture":"#0"},"down":{"uv":[5.125,1.25,4.25,2.125],"texture":"#0"}}},{"from":[-7.55,16.5,8],"to":[-0.55,17.5,15],"faces":{"north":{"uv":[4.25,2.125,5.125,2.25],"texture":"#0"},"east":{"uv":[4.25,2.125,5.125,2.25],"texture":"#0"},"south":{"uv":[4.25,2.125,5.125,2.25],"texture":"#0"},"west":{"uv":[4.25,2.125,5.125,2.25],"texture":"#0"},"up":{"uv":[5.125,2.125,4.25,1.25],"texture":"#0"},"down":{"uv":[5.125,1.25,4.25,2.125],"texture":"#0"}}},{"from":[-14.75,16.5,8],"to":[-7.75,17.5,15],"faces":{"north":{"uv":[4.25,2.125,5.125,2.25],"texture":"#0"},"east":{"uv":[4.25,2.125,5.125,2.25],"texture":"#0"},"south":{"uv":[4.25,2.125,5.125,2.25],"texture":"#0"},"west":{"uv":[4.25,2.125,5.125,2.25],"texture":"#0"},"up":{"uv":[5.125,2.125,4.25,1.25],"texture":"#0"},"down":{"uv":[5.125,1.25,4.25,2.125],"texture":"#0"}}},{"from":[7.75,24.75,8],"to":[14.75,25.75,15],"faces":{"north":{"uv":[4.25,2.125,5.125,2.25],"texture":"#0"},"east":{"uv":[4.25,2.125,5.125,2.25],"texture":"#0"},"south":{"uv":[4.25,2.125,5.125,2.25],"texture":"#0"},"west":{"uv":[4.25,2.125,5.125,2.25],"texture":"#0"},"up":{"uv":[5.125,2.125,4.25,1.25],"texture":"#0"},"down":{"uv":[5.125,1.25,4.25,2.125],"texture":"#0"}}},{"from":[0.55,24.75,8],"to":[7.55,25.75,15],"faces":{"north":{"uv":[4.25,2.125,5.125,2.25],"texture":"#0"},"east":{"uv":[4.25,2.125,5.125,2.25],"texture":"#0"},"south":{"uv":[4.25,2.125,5.125,2.25],"texture":"#0"},"west":{"uv":[4.25,2.125,5.125,2.25],"texture":"#0"},"up":{"uv":[5.125,2.125,4.25,1.25],"texture":"#0"},"down":{"uv":[5.125,1.25,4.25,2.125],"texture":"#0"}}},{"from":[-7.55,24.75,8],"to":[-0.55,25.75,15],"faces":{"north":{"uv":[4.25,2.125,5.125,2.25],"texture":"#0"},"east":{"uv":[4.25,2.125,5.125,2.25],"texture":"#0"},"south":{"uv":[4.25,2.125,5.125,2.25],"texture":"#0"},"west":{"uv":[4.25,2.125,5.125,2.25],"texture":"#0"},"up":{"uv":[5.125,2.125,4.25,1.25],"texture":"#0"},"down":{"uv":[5.125,1.25,4.25,2.125],"texture":"#0"}}},{"from":[-14.75,24.75,8],"to":[-7.75,25.75,15],"faces":{"north":{"uv":[4.25,2.125,5.125,2.25],"texture":"#0"},"east":{"uv":[4.25,2.125,5.125,2.25],"texture":"#0"},"south":{"uv":[4.25,2.125,5.125,2.25],"texture":"#0"},"west":{"uv":[4.25,2.125,5.125,2.25],"texture":"#0"},"up":{"uv":[5.125,2.125,4.25,1.25],"texture":"#0"},"down":{"uv":[5.125,1.25,4.25,2.125],"texture":"#0"}}},{"from":[1,17.5,11],"to":[4,18.5,14],"rotation":{"angle":0,"axis":"y","origin":[0,1,-13]},"faces":{"north":{"uv":[5,0,6.5,0.5],"texture":"#1"},"east":{"uv":[5,0,6.5,0.5],"texture":"#1"},"south":{"uv":[5,0,6.5,0.5],"texture":"#1"},"west":{"uv":[5,0,6.5,0.5],"texture":"#1"},"up":{"uv":[6.5,3.5,5,2],"texture":"#1"},"down":{"uv":[6.5,0.5,5,2],"texture":"#1"}}},{"from":[11.25,17.5,11.75],"to":[14.25,18.5,14.75],"rotation":{"angle":0,"axis":"y","origin":[0,1,-13]},"faces":{"north":{"uv":[9.5,0,11,0.5],"texture":"#1"},"east":{"uv":[9.5,0,11,0.5],"texture":"#1"},"south":{"uv":[9.5,0,11,0.5],"texture":"#1"},"west":{"uv":[9.5,0,11,0.5],"texture":"#1"},"up":{"uv":[11,3.5,9.5,2],"texture":"#1"},"down":{"uv":[11,0.5,9.5,2],"texture":"#1"}}},{"from":[11.25,17.5,8.25],"to":[14.25,18.5,11.25],"rotation":{"angle":0,"axis":"y","origin":[0,1,-13]},"faces":{"north":{"uv":[9.5,0,11,0.5],"texture":"#1"},"east":{"uv":[9.5,0,11,0.5],"texture":"#1"},"south":{"uv":[9.5,0,11,0.5],"texture":"#1"},"west":{"uv":[9.5,0,11,0.5],"texture":"#1"},"up":{"uv":[11,3.5,9.5,2],"texture":"#1"},"down":{"uv":[11,0.5,9.5,2],"texture":"#1"}}},{"from":[8,17.5,10.75],"to":[11,18.5,13.75],"rotation":{"angle":0,"axis":"y","origin":[9.5,18,13.25]},"faces":{"north":{"uv":[9.5,0,11,0.5],"texture":"#1"},"east":{"uv":[9.5,0,11,0.5],"texture":"#1"},"south":{"uv":[9.5,0,11,0.5],"texture":"#1"},"west":{"uv":[9.5,0,11,0.5],"texture":"#1"},"up":{"uv":[11,3.5,9.5,2],"texture":"#1"},"down":{"uv":[11,0.5,9.5,2],"texture":"#1"}}},{"from":[4.25,17.5,11.5],"to":[7.25,18.5,14.5],"rotation":{"angle":0,"axis":"y","origin":[0,1,-13]},"faces":{"north":{"uv":[6.5,0,8,0.5],"texture":"#1"},"east":{"uv":[6.5,0,8,0.5],"texture":"#1"},"south":{"uv":[6.5,0,8,0.5],"texture":"#1"},"west":{"uv":[6.5,0,8,0.5],"texture":"#1"},"up":{"uv":[8,3.5,6.5,2],"texture":"#1"},"down":{"uv":[8,0.5,6.5,2],"texture":"#1"}}},{"from":[12.25,25.85,12.25],"to":[14.25,27.35,14.25],"rotation":{"angle":22.5,"axis":"y","origin":[13,26.6,13.5]},"faces":{"north":{"uv":[0,7.5,1,8.25],"texture":"#1"},"east":{"uv":[1,7.5,2,8.25],"texture":"#1"},"south":{"uv":[1,7.5,0,8.25],"texture":"#1"},"west":{"uv":[0,7.5,1,8.25],"texture":"#1"},"up":{"uv":[1,9.25,0,8.25],"texture":"#1"},"down":{"uv":[1,8.25,0,9.25],"texture":"#1"}}},{"from":[10,25.75,12],"to":[13,27.75,15],"rotation":{"angle":0,"axis":"y","origin":[9,24.75,11]},"faces":{"north":{"uv":[12.5,3.5,14,4.5],"texture":"#1"},"east":{"uv":[12.5,6,14,7],"texture":"#1"},"south":{"uv":[12.5,3.5,14,4.5],"texture":"#1"},"west":{"uv":[12.5,6,14,7],"texture":"#1"},"up":{"uv":[14,6,12.5,4.5],"texture":"#1"},"down":{"uv":[14,4.5,12.5,6],"texture":"#1"}}},{"from":[8.75,25.85,12.25],"to":[10.75,27.35,14.25],"rotation":{"angle":-22.5,"axis":"y","origin":[10,26.6,13.5]},"faces":{"north":{"uv":[2.5,5.5,3.5,6.25],"texture":"#1"},"east":{"uv":[2.5,5.5,3.5,6.25],"texture":"#1"},"south":{"uv":[3.5,5.5,2.5,6.25],"texture":"#1"},"west":{"uv":[2.5,7.25,3.5,8],"texture":"#1"},"up":{"uv":[3.5,7.25,2.5,6.25],"texture":"#1"},"down":{"uv":[3.5,6.25,2.5,7.25],"texture":"#1"}}},{"from":[12.25,25.85,8.5],"to":[14.25,27.35,10.5],"rotation":{"angle":22.5,"axis":"y","origin":[13,26.6,9.75]},"faces":{"north":{"uv":[0,7.5,1,8.25],"texture":"#1"},"east":{"uv":[1,7.5,2,8.25],"texture":"#1"},"south":{"uv":[1,7.5,0,8.25],"texture":"#1"},"west":{"uv":[0,7.5,1,8.25],"texture":"#1"},"up":{"uv":[1,9.25,0,8.25],"texture":"#1"},"down":{"uv":[1,8.25,0,9.25],"texture":"#1"}}},{"from":[10,25.75,8.25],"to":[13,27.75,11.25],"rotation":{"angle":0,"axis":"y","origin":[9,24.75,7.25]},"faces":{"north":{"uv":[12.5,3.5,14,4.5],"texture":"#1"},"east":{"uv":[12.5,6,14,7],"texture":"#1"},"south":{"uv":[12.5,3.5,14,4.5],"texture":"#1"},"west":{"uv":[12.5,6,14,7],"texture":"#1"},"up":{"uv":[14,6,12.5,4.5],"texture":"#1"},"down":{"uv":[14,4.5,12.5,6],"texture":"#1"}}},{"from":[8.75,25.85,8.5],"to":[10.75,27.35,10.5],"rotation":{"angle":-22.5,"axis":"y","origin":[10,26.6,9.75]},"faces":{"north":{"uv":[2.5,5.5,3.5,6.25],"texture":"#1"},"east":{"uv":[2.5,5.5,3.5,6.25],"texture":"#1"},"south":{"uv":[3.5,5.5,2.5,6.25],"texture":"#1"},"west":{"uv":[2.5,7.25,3.5,8],"texture":"#1"},"up":{"uv":[3.5,7.25,2.5,6.25],"texture":"#1"},"down":{"uv":[3.5,6.25,2.5,7.25],"texture":"#1"}}},{"from":[4.57332,25.85,11.31159],"to":[6.57332,27.35,13.31159],"rotation":{"angle":45,"axis":"y","origin":[4,26.675,11.83668]},"faces":{"north":{"uv":[0,7.5,1,8.25],"texture":"#1"},"east":{"uv":[1,7.5,2,8.25],"texture":"#1"},"south":{"uv":[1,7.5,0,8.25],"texture":"#1"},"west":{"uv":[0,7.5,1,8.25],"texture":"#1"},"up":{"uv":[1,9.25,0,8.25],"texture":"#1"},"down":{"uv":[1,8.25,0,9.25],"texture":"#1"}}},{"from":[2.5,25.75,10.5],"to":[5.5,27.75,13.5],"rotation":{"angle":22.5,"axis":"y","origin":[4,26.675,11.83668]},"faces":{"north":{"uv":[12.5,3.5,14,4.5],"texture":"#1"},"east":{"uv":[12.5,6,14,7],"texture":"#1"},"south":{"uv":[12.5,3.5,14,4.5],"texture":"#1"},"west":{"uv":[12.5,6,14,7],"texture":"#1"},"up":{"uv":[14,6,12.5,4.5],"texture":"#1"},"down":{"uv":[14,4.5,12.5,6],"texture":"#1"}}},{"from":[1.42668,25.85,11.31159],"to":[3.42668,27.35,13.31159],"rotation":{"angle":0,"axis":"y","origin":[4,26.675,11.83668]},"faces":{"north":{"uv":[2.5,5.5,3.5,6.25],"texture":"#1"},"east":{"uv":[2.5,5.5,3.5,6.25],"texture":"#1"},"south":{"uv":[3.5,5.5,2.5,6.25],"texture":"#1"},"west":{"uv":[2.5,7.25,3.5,8],"texture":"#1"},"up":{"uv":[3.5,7.25,2.5,6.25],"texture":"#1"},"down":{"uv":[3.5,6.25,2.5,7.25],"texture":"#1"}}},{"from":[11.25,9,11.6],"to":[14.25,10,14.6],"rotation":{"angle":0,"axis":"y","origin":[2,1,-13]},"faces":{"north":{"uv":[12.5,0,14,0.5],"texture":"#1"},"east":{"uv":[12.5,0,14,0.5],"texture":"#1"},"south":{"uv":[12.5,0,14,0.5],"texture":"#1"},"west":{"uv":[12.5,0,14,0.5],"texture":"#1"},"up":{"uv":[14,3.5,12.5,2],"texture":"#1"},"down":{"uv":[14,0.5,12.5,2],"texture":"#1"}}},{"from":[11.25,9,8.5],"to":[14.25,10,11.5],"rotation":{"angle":0,"axis":"y","origin":[2,1,-13]},"faces":{"north":{"uv":[11,0,12.5,0.5],"texture":"#1"},"east":{"uv":[11,0,12.5,0.5],"texture":"#1"},"south":{"uv":[11,0,12.5,0.5],"texture":"#1"},"west":{"uv":[11,0,12.5,0.5],"texture":"#1"},"up":{"uv":[12.5,3.5,11,2],"texture":"#1"},"down":{"uv":[12.5,0.5,11,2],"texture":"#1"}}},{"from":[8,9,11.6],"to":[11,10,14.6],"rotation":{"angle":0,"axis":"y","origin":[2,1,-13]},"faces":{"north":{"uv":[12.5,0,14,0.5],"texture":"#1"},"east":{"uv":[12.5,0,14,0.5],"texture":"#1"},"south":{"uv":[12.5,0,14,0.5],"texture":"#1"},"west":{"uv":[12.5,0,14,0.5],"texture":"#1"},"up":{"uv":[14,3.5,12.5,2],"texture":"#1"},"down":{"uv":[14,0.5,12.5,2],"texture":"#1"}}},{"from":[4,9,10.6],"to":[7,10,13.6],"rotation":{"angle":22.5,"axis":"y","origin":[5.5,9.5,13.1]},"faces":{"north":{"uv":[12.5,0,14,0.5],"texture":"#1"},"east":{"uv":[12.5,0,14,0.5],"texture":"#1"},"south":{"uv":[12.5,0,14,0.5],"texture":"#1"},"west":{"uv":[12.5,0,14,0.5],"texture":"#1"},"up":{"uv":[14,3.5,12.5,2],"texture":"#1"},"down":{"uv":[14,0.5,12.5,2],"texture":"#1"}}},{"from":[8,9,8.5],"to":[11,10,11.5],"rotation":{"angle":0,"axis":"y","origin":[2,1,-13]},"faces":{"north":{"uv":[11,0,12.5,0.5],"texture":"#1"},"east":{"uv":[11,0,12.5,0.5],"texture":"#1"},"south":{"uv":[11,0,12.5,0.5],"texture":"#1"},"west":{"uv":[11,0,12.5,0.5],"texture":"#1"},"up":{"uv":[12.5,3.5,11,2],"texture":"#1"},"down":{"uv":[12.5,0.5,11,2],"texture":"#1"}}},{"from":[-3.75,9,12],"to":[-1.75,11,14],"rotation":{"angle":0,"axis":"y","origin":[-2.75,10,13]},"faces":{"north":{"uv":[15,6,16,7],"texture":"#1"},"east":{"uv":[15,6,16,7],"texture":"#1"},"south":{"uv":[15,6,16,7],"texture":"#1"},"west":{"uv":[15,6,16,7],"texture":"#1"},"up":{"uv":[16,6,15,5],"texture":"#1"},"down":{"uv":[16,7,15,8],"texture":"#1"}}},{"from":[-6.5,9,12],"to":[-4.5,11,14],"rotation":{"angle":22.5,"axis":"y","origin":[-5.5,10,13]},"faces":{"north":{"uv":[14,6,15,7],"texture":"#1"},"east":{"uv":[14,6,15,7],"texture":"#1"},"south":{"uv":[14,6,15,7],"texture":"#1"},"west":{"uv":[14,6,15,7],"texture":"#1"},"up":{"uv":[15,6,14,5],"texture":"#1"},"down":{"uv":[15,7,14,8],"texture":"#1"}}},{"from":[-3.75,9,9],"to":[-1.75,11,11],"rotation":{"angle":-22.5,"axis":"y","origin":[-2.75,10,10]},"faces":{"north":{"uv":[15,6,16,7],"texture":"#1"},"east":{"uv":[15,6,16,7],"texture":"#1"},"south":{"uv":[15,6,16,7],"texture":"#1"},"west":{"uv":[15,6,16,7],"texture":"#1"},"up":{"uv":[16,6,15,5],"texture":"#1"},"down":{"uv":[16,7,15,8],"texture":"#1"}}},{"from":[-6.5,9,9],"to":[-4.5,11,11],"rotation":{"angle":0,"axis":"y","origin":[-5.5,10,10]},"faces":{"north":{"uv":[14,6,15,7],"texture":"#1"},"east":{"uv":[14,6,15,7],"texture":"#1"},"south":{"uv":[14,6,15,7],"texture":"#1"},"west":{"uv":[14,6,15,7],"texture":"#1"},"up":{"uv":[15,6,14,5],"texture":"#1"},"down":{"uv":[15,7,14,8],"texture":"#1"}}},{"from":[-10.75,9,12],"to":[-8.75,11,14],"rotation":{"angle":0,"axis":"y","origin":[2,1,-13]},"faces":{"north":{"uv":[15,6,16,7],"texture":"#1"},"east":{"uv":[15,6,16,7],"texture":"#1"},"south":{"uv":[15,6,16,7],"texture":"#1"},"west":{"uv":[15,6,16,7],"texture":"#1"},"up":{"uv":[16,6,15,5],"texture":"#1"},"down":{"uv":[16,7,15,8],"texture":"#1"}}},{"from":[-10.75,9,9],"to":[-8.75,11,11],"rotation":{"angle":22.5,"axis":"y","origin":[-9.75,10,10]},"faces":{"north":{"uv":[15,6,16,7],"texture":"#1"},"east":{"uv":[15,6,16,7],"texture":"#1"},"south":{"uv":[15,6,16,7],"texture":"#1"},"west":{"uv":[15,6,16,7],"texture":"#1"},"up":{"uv":[16,6,15,5],"texture":"#1"},"down":{"uv":[16,7,15,8],"texture":"#1"}}},{"from":[-13.5,9,12],"to":[-11.5,11,14],"rotation":{"angle":0,"axis":"y","origin":[2,1,-13]},"faces":{"north":{"uv":[14,6,15,7],"texture":"#1"},"east":{"uv":[14,6,15,7],"texture":"#1"},"south":{"uv":[14,6,15,7],"texture":"#1"},"west":{"uv":[14,6,15,7],"texture":"#1"},"up":{"uv":[15,6,14,5],"texture":"#1"},"down":{"uv":[15,7,14,8],"texture":"#1"}}},{"from":[-7.1,17.5,12.5],"to":[-1.1,19.5,14.5],"rotation":{"angle":0,"axis":"y","origin":[2,1,-13]},"faces":{"north":{"uv":[3.5,5.5,6.5,6.5],"texture":"#1"},"east":{"uv":[3.5,6.5,4.5,7.5],"texture":"#1"},"south":{"uv":[3.5,5.5,6.5,6.5],"texture":"#1"},"west":{"uv":[3.5,6.5,4.5,7.5],"texture":"#1"},"up":{"uv":[6.5,4.5,3.5,3.5],"texture":"#1"},"down":{"uv":[6.5,4.5,3.5,5.5],"texture":"#1"}}},{"from":[-14.25,17.5,12],"to":[-8.25,19.5,14],"rotation":{"angle":0,"axis":"y","origin":[2,1,-13]},"faces":{"north":{"uv":[6.5,5.5,9.5,6.5],"texture":"#1"},"east":{"uv":[6.5,6.5,7.5,7.5],"texture":"#1"},"south":{"uv":[6.5,5.5,9.5,6.5],"texture":"#1"},"west":{"uv":[6.5,6.5,7.5,7.5],"texture":"#1"},"up":{"uv":[9.5,4.5,6.5,3.5],"texture":"#1"},"down":{"uv":[9.5,4.5,6.5,5.5],"texture":"#1"}}},{"from":[-14.25,17.5,9],"to":[-8.25,19.5,11],"rotation":{"angle":0,"axis":"y","origin":[2,1,-13]},"faces":{"north":{"uv":[6.5,5.5,9.5,6.5],"texture":"#1"},"east":{"uv":[6.5,6.5,7.5,7.5],"texture":"#1"},"south":{"uv":[6.5,5.5,9.5,6.5],"texture":"#1"},"west":{"uv":[6.5,6.5,7.5,7.5],"texture":"#1"},"up":{"uv":[9.5,4.5,6.5,3.5],"texture":"#1"},"down":{"uv":[9.5,4.5,6.5,5.5],"texture":"#1"}}},{"from":[-7.1,17.5,9],"to":[-1.1,19.5,11],"rotation":{"angle":22.5,"axis":"y","origin":[-4.1,18.5,10]},"faces":{"north":{"uv":[3.5,5.5,6.5,6.5],"texture":"#1"},"east":{"uv":[3.5,6.5,4.5,7.5],"texture":"#1"},"south":{"uv":[3.5,5.5,6.5,6.5],"texture":"#1"},"west":{"uv":[3.5,6.5,4.5,7.5],"texture":"#1"},"up":{"uv":[6.5,4.5,3.5,3.5],"texture":"#1"},"down":{"uv":[6.5,4.5,3.5,5.5],"texture":"#1"}}},{"from":[-13.75,26.25,12.25],"to":[-11.75,27.25,14.25],"rotation":{"angle":0,"axis":"y","origin":[2,0,-13]},"faces":{"north":{"uv":[9.5,6.5,10.5,7],"texture":"#1"},"east":{"uv":[9.5,6.5,10.5,7],"texture":"#1"},"south":{"uv":[9.5,6.5,10.5,7],"texture":"#1"},"west":{"uv":[9.5,6.5,10.5,7],"texture":"#1"},"up":{"uv":[11.5,7,10.5,6],"texture":"#1"},"down":{"uv":[12.5,6,11.5,7],"texture":"#1"}}},{"from":[-14.25,25.75,11.75],"to":[-11.25,26.75,14.75],"rotation":{"angle":0,"axis":"y","origin":[2,0,-13]},"faces":{"north":{"uv":[8.5,8,10,8.5],"texture":"#1"},"east":{"uv":[8.5,8,10,8.5],"texture":"#1"},"south":{"uv":[8.5,8,10,8.5],"texture":"#1"},"west":{"uv":[8.5,8,10,8.5],"texture":"#1"},"up":{"uv":[10,10,8.5,8.5],"texture":"#1"},"down":{"uv":[10,8.5,8.5,10],"texture":"#1"}}},{"from":[-10.5,26.25,12.25],"to":[-8.5,27.25,14.25],"rotation":{"angle":0,"axis":"y","origin":[2,0,-13]},"faces":{"north":{"uv":[9.5,6.5,10.5,7],"texture":"#1"},"east":{"uv":[9.5,6.5,10.5,7],"texture":"#1"},"south":{"uv":[9.5,6.5,10.5,7],"texture":"#1"},"west":{"uv":[9.5,6.5,10.5,7],"texture":"#1"},"up":{"uv":[11.5,7,10.5,6],"texture":"#1"},"down":{"uv":[12.5,6,11.5,7],"texture":"#1"}}},{"from":[-11,25.75,11.75],"to":[-8,26.75,14.75],"rotation":{"angle":0,"axis":"y","origin":[2,0,-13]},"faces":{"north":{"uv":[8.5,8,10,8.5],"texture":"#1"},"east":{"uv":[8.5,8,10,8.5],"texture":"#1"},"south":{"uv":[8.5,8,10,8.5],"texture":"#1"},"west":{"uv":[8.5,8,10,8.5],"texture":"#1"},"up":{"uv":[10,10,8.5,8.5],"texture":"#1"},"down":{"uv":[10,8.5,8.5,10],"texture":"#1"}}},{"from":[-13.25,26.25,9],"to":[-11.25,27.25,11],"rotation":{"angle":0,"axis":"y","origin":[2,0,-13]},"faces":{"north":{"uv":[9.5,6.5,10.5,7],"texture":"#1"},"east":{"uv":[9.5,6.5,10.5,7],"texture":"#1"},"south":{"uv":[9.5,6.5,10.5,7],"texture":"#1"},"west":{"uv":[9.5,6.5,10.5,7],"texture":"#1"},"up":{"uv":[11.5,7,10.5,6],"texture":"#1"},"down":{"uv":[12.5,6,11.5,7],"texture":"#1"}}},{"from":[-13.75,25.75,8.5],"to":[-10.75,26.75,11.5],"rotation":{"angle":0,"axis":"y","origin":[2,0,-13]},"faces":{"north":{"uv":[8.5,8,10,8.5],"texture":"#1"},"east":{"uv":[8.5,8,10,8.5],"texture":"#1"},"south":{"uv":[8.5,8,10,8.5],"texture":"#1"},"west":{"uv":[8.5,8,10,8.5],"texture":"#1"},"up":{"uv":[10,10,8.5,8.5],"texture":"#1"},"down":{"uv":[10,8.5,8.5,10],"texture":"#1"}}},{"from":[-6.75,26.25,9],"to":[-4.75,27.25,11],"rotation":{"angle":0,"axis":"y","origin":[2,0,-13]},"faces":{"north":{"uv":[9.5,6.5,10.5,7],"texture":"#1"},"east":{"uv":[9.5,6.5,10.5,7],"texture":"#1"},"south":{"uv":[9.5,6.5,10.5,7],"texture":"#1"},"west":{"uv":[9.5,6.5,10.5,7],"texture":"#1"},"up":{"uv":[11.5,7,10.5,6],"texture":"#1"},"down":{"uv":[12.5,6,11.5,7],"texture":"#1"}}},{"from":[-7.25,25.75,8.5],"to":[-4.25,26.75,11.5],"rotation":{"angle":0,"axis":"y","origin":[2,0,-13]},"faces":{"north":{"uv":[8.5,8,10,8.5],"texture":"#1"},"east":{"uv":[8.5,8,10,8.5],"texture":"#1"},"south":{"uv":[8.5,8,10,8.5],"texture":"#1"},"west":{"uv":[8.5,8,10,8.5],"texture":"#1"},"up":{"uv":[10,10,8.5,8.5],"texture":"#1"},"down":{"uv":[10,8.5,8.5,10],"texture":"#1"}}},{"from":[-4,25.75,8.5],"to":[-1,26.75,11.5],"rotation":{"angle":0,"axis":"y","origin":[2,0,-13]},"faces":{"north":{"uv":[8.5,8,10,8.5],"texture":"#1"},"east":{"uv":[8.5,8,10,8.5],"texture":"#1"},"south":{"uv":[8.5,8,10,8.5],"texture":"#1"},"west":{"uv":[8.5,8,10,8.5],"texture":"#1"},"up":{"uv":[10,10,8.5,8.5],"texture":"#1"},"down":{"uv":[10,8.5,8.5,10],"texture":"#1"}}},{"from":[-3.5,26.25,9],"to":[-1.5,27.25,11],"rotation":{"angle":0,"axis":"y","origin":[2,0,-13]},"faces":{"north":{"uv":[9.5,6.5,10.5,7],"texture":"#1"},"east":{"uv":[9.5,6.5,10.5,7],"texture":"#1"},"south":{"uv":[9.5,6.5,10.5,7],"texture":"#1"},"west":{"uv":[9.5,6.5,10.5,7],"texture":"#1"},"up":{"uv":[11.5,7,10.5,6],"texture":"#1"},"down":{"uv":[12.5,6,11.5,7],"texture":"#1"}}},{"from":[-4,25.75,11.75],"to":[-1,26.75,14.75],"rotation":{"angle":0,"axis":"y","origin":[2,0,-13]},"faces":{"north":{"uv":[8.5,8,10,8.5],"texture":"#1"},"east":{"uv":[8.5,8,10,8.5],"texture":"#1"},"south":{"uv":[8.5,8,10,8.5],"texture":"#1"},"west":{"uv":[8.5,8,10,8.5],"texture":"#1"},"up":{"uv":[10,10,8.5,8.5],"texture":"#1"},"down":{"uv":[10,8.5,8.5,10],"texture":"#1"}}},{"from":[-3.5,26.25,12.25],"to":[-1.5,27.25,14.25],"rotation":{"angle":0,"axis":"y","origin":[2,0,-13]},"faces":{"north":{"uv":[9.5,6.5,10.5,7],"texture":"#1"},"east":{"uv":[9.5,6.5,10.5,7],"texture":"#1"},"south":{"uv":[9.5,6.5,10.5,7],"texture":"#1"},"west":{"uv":[9.5,6.5,10.5,7],"texture":"#1"},"up":{"uv":[11.5,7,10.5,6],"texture":"#1"},"down":{"uv":[12.5,6,11.5,7],"texture":"#1"}}},{"from":[-7.25,25.75,11.75],"to":[-4.25,26.75,14.75],"rotation":{"angle":0,"axis":"y","origin":[2,0,-13]},"faces":{"north":{"uv":[8.5,8,10,8.5],"texture":"#1"},"east":{"uv":[8.5,8,10,8.5],"texture":"#1"},"south":{"uv":[8.5,8,10,8.5],"texture":"#1"},"west":{"uv":[8.5,8,10,8.5],"texture":"#1"},"up":{"uv":[10,10,8.5,8.5],"texture":"#1"},"down":{"uv":[10,8.5,8.5,10],"texture":"#1"}}},{"from":[-6.75,26.25,12.25],"to":[-4.75,27.25,14.25],"rotation":{"angle":0,"axis":"y","origin":[2,0,-13]},"faces":{"north":{"uv":[9.5,6.5,10.5,7],"texture":"#1"},"east":{"uv":[9.5,6.5,10.5,7],"texture":"#1"},"south":{"uv":[9.5,6.5,10.5,7],"texture":"#1"},"west":{"uv":[9.5,6.5,10.5,7],"texture":"#1"},"up":{"uv":[11.5,7,10.5,6],"texture":"#1"},"down":{"uv":[12.5,6,11.5,7],"texture":"#1"}}}],"gui_light":"front","display":{"thirdperson_righthand":{"rotation":[67.5,0,0],"translation":[1.5,1.5,0],"scale":[0.19,0.19,0.19]},"thirdperson_lefthand":{"rotation":[67.5,0,0],"translation":[-1.5,1.5,0],"scale":[0.19,0.19,0.19]},"firstperson_righthand":{"rotation":[0,-180,0],"translation":[-0.75,1,0],"scale":[0.39609,0.39609,0.39609]},"firstperson_lefthand":{"rotation":[0,-180,0],"translation":[5,1,0],"scale":[0.39609,0.39609,0.39609]},"ground":{"translation":[3.75,3,-1.5],"scale":[0.5,0.5,0.5]},"gui":{"rotation":[30,225,0],"translation":[-1.25,-3.75,0],"scale":[0.31172,0.31172,0.31172]},"head":{"rotation":[0,180,0],"translation":[0,-30.25,0],"scale":[0,0,0]},"fixed":{"rotation":[-90,0,0],"translation":[0,0,-16],"scale":[2,2,2]}},"groups":[{"name":"group","origin":[0,0,0],"color":0,"children":[0,1,2,3,4,5,6,7,8,9,10,11,12,13,14,15,16,17,18,19,20]},{"name":"group","origin":[2,0,0],"color":0,"children":[21,22,23,24,25,26,27,28,29,30,31,32,33,34,35,36,37,38,39,40,41,42,43,44,45,46,47,48,49,50,51,52,53,54,55,56,57,58,59,60,61,62,63,64]}]}