{
	"credit": "Made with Blockbench",
	"textures": {
		"0": "block/oak_log",
		"1": "block/oak_log_top",
		"particle": "block/oak_log"
	},
	"elements": [
		{
			"from": [-4, 0, 2],
			"to": [2, 1, 6],
			"rotation": {"angle": 22.5, "axis": "y", "origin": [22, -1, 4]},
			"faces": {
				"north": {"uv": [12, 0, 8, 1], "texture": "#0"},
				"east": {"uv": [12, 0, 8, 1], "texture": "#1"},
				"south": {"uv": [12, 0, 8, 1], "texture": "#0"},
				"west": {"uv": [4, 6, 0, 7], "texture": "#1"},
				"up": {"uv": [8, 6, 12, 0], "rotation": 90, "texture": "#0"},
				"down": {"uv": [8, 6, 12, 0], "rotation": 90, "texture": "#0"}
			}
		},
		{
			"from": [2, 0, 2],
			"to": [18, 1, 6],
			"rotation": {"angle": 22.5, "axis": "y", "origin": [22, -1, 4]},
			"faces": {
				"north": {"uv": [9, 16, 10, 0], "rotation": 270, "texture": "#0"},
				"east": {"uv": [7, 1, 3, 2], "texture": "#1"},
				"south": {"uv": [9, 16, 10, 0], "rotation": 270, "texture": "#0"},
				"west": {"uv": [12, 0, 8, 1], "texture": "#1"},
				"up": {"uv": [8, 16, 12, 0], "rotation": 90, "texture": "#0"},
				"down": {"uv": [8, 16, 12, 0], "rotation": 90, "texture": "#0"}
			}
		}
	],
	"display": {
		"thirdperson_righthand": {
			"translation": [0.25, 4, 0],
			"scale": [0.5, 0.5, 0.5]
		},
		"thirdperson_lefthand": {
			"translation": [0.25, 4, 0],
			"scale": [0.5, 0.5, 0.5]
		},
		"firstperson_righthand": {
			"rotation": [0, -109, 0],
			"translation": [3.25, 9.25, 0]
		},
		"firstperson_lefthand": {
			"rotation": [0, -109, 0],
			"translation": [3.25, 9.25, 0]
		},
		"ground": {
			"translation": [0, 2.25, 0],
			"scale": [0.5, 0.5, 0.5]
		},
		"gui": {
			"rotation": [45, 145, 0],
			"scale": [0.5, 0.5, 0.5]
		},
		"head": {
			"translation": [2.25, 14.5, 0]
		},
		"fixed": {
			"rotation": [-90, 0, 0],
			"translation": [0, 0, -16],
			"scale": [2, 2, 2]
		}
	}
}