{
	"credit": "Made with Blockbench",
	"textures": {
		"0": "block/stripped_oak_log",
		"1": "block/oak_planks",
		"particle": "block/stripped_oak_log"
	},
	"elements": [
		{
			"from": [10.20391, 1, 7],
			"to": [24.20391, 15, 21],
			"rotation": {"angle": 0, "axis": "y", "origin": [5.20391, 0, 19]},
			"faces": {
				"north": {"uv": [2, 0, 16, 14], "texture": "#1"},
				"east": {"uv": [2, 0, 16, 14], "texture": "#1"},
				"south": {"uv": [2, 0, 16, 14], "texture": "#1"},
				"west": {"uv": [2, 0, 16, 14], "texture": "#1"},
				"up": {"uv": [0, 2, 14, 16], "texture": "#1"},
				"down": {"uv": [0, 2, 14, 16], "texture": "#1"}
			}
		},
		{
			"from": [23.20391, 0, 20],
			"to": [25.20391, 16, 22],
			"rotation": {"angle": 0, "axis": "y", "origin": [5.20391, 0, 19]},
			"faces": {
				"north": {"uv": [2, 0, 4, 16], "texture": "#0"},
				"east": {"uv": [2, 0, 4, 16], "texture": "#0"},
				"south": {"uv": [2, 0, 4, 16], "texture": "#0"},
				"west": {"uv": [2, 0, 4, 16], "texture": "#0"},
				"up": {"uv": [0, 2, 2, 4], "texture": "#0"},
				"down": {"uv": [0, 2, 2, 4], "texture": "#0"}
			}
		},
		{
			"from": [23.20391, 0, 8],
			"to": [25.20391, 2, 20],
			"rotation": {"angle": 0, "axis": "y", "origin": [5.20391, 0, 19]},
			"faces": {
				"north": {"uv": [2, 0, 0, 2], "texture": "#missing"},
				"east": {"uv": [0, 12, 2, 0], "rotation": 90, "texture": "#0"},
				"south": {"uv": [2, 0, 0, 2], "texture": "#missing"},
				"west": {"uv": [0, 12, 2, 0], "rotation": 90, "texture": "#0"},
				"up": {"uv": [0, 12, 2, 0], "texture": "#0"},
				"down": {"uv": [0, 12, 2, 0], "texture": "#0"}
			}
		},
		{
			"from": [23.20391, 14, 8],
			"to": [25.20391, 16, 20],
			"rotation": {"angle": 0, "axis": "y", "origin": [5.20391, 0, 19]},
			"faces": {
				"north": {"uv": [2, 0, 0, 2], "texture": "#missing"},
				"east": {"uv": [1, 12, 3, 0], "rotation": 90, "texture": "#0"},
				"south": {"uv": [2, 0, 0, 2], "texture": "#missing"},
				"west": {"uv": [3, 12, 5, 0], "rotation": 90, "texture": "#0"},
				"up": {"uv": [0, 12, 2, 0], "texture": "#0"},
				"down": {"uv": [0, 12, 2, 0], "texture": "#0"}
			}
		},
		{
			"from": [9.20391, 14, 8],
			"to": [11.20391, 16, 20],
			"rotation": {"angle": 0, "axis": "y", "origin": [5.20391, 0, 19]},
			"faces": {
				"north": {"uv": [2, 0, 0, 2], "texture": "#missing"},
				"east": {"uv": [2, 12, 4, 0], "rotation": 90, "texture": "#0"},
				"south": {"uv": [2, 0, 0, 2], "texture": "#missing"},
				"west": {"uv": [1, 12, 3, 0], "rotation": 90, "texture": "#0"},
				"up": {"uv": [0, 12, 2, 0], "texture": "#0"},
				"down": {"uv": [0, 12, 2, 0], "texture": "#0"}
			}
		},
		{
			"from": [9.20391, 0, 8],
			"to": [11.20391, 2, 20],
			"rotation": {"angle": 0, "axis": "y", "origin": [5.20391, 0, 19]},
			"faces": {
				"north": {"uv": [2, 0, 0, 2], "texture": "#missing"},
				"east": {"uv": [2, 12, 4, 0], "rotation": 90, "texture": "#0"},
				"south": {"uv": [2, 0, 0, 2], "texture": "#missing"},
				"west": {"uv": [1, 12, 3, 0], "rotation": 90, "texture": "#0"},
				"up": {"uv": [0, 12, 2, 0], "texture": "#0"},
				"down": {"uv": [0, 12, 2, 0], "texture": "#0"}
			}
		},
		{
			"from": [9.20391, 0, 6],
			"to": [11.20391, 16, 8],
			"rotation": {"angle": 0, "axis": "y", "origin": [5.20391, 0, 19]},
			"faces": {
				"north": {"uv": [2, 0, 0, 16], "texture": "#0"},
				"east": {"uv": [2, 0, 0, 16], "texture": "#0"},
				"south": {"uv": [2, 0, 0, 16], "texture": "#0"},
				"west": {"uv": [2, 0, 0, 16], "texture": "#0"},
				"up": {"uv": [1, 2, 3, 0], "texture": "#0"},
				"down": {"uv": [3, 2, 5, 0], "texture": "#0"}
			}
		},
		{
			"from": [11.20391, 0, 6],
			"to": [23.20391, 2, 8],
			"rotation": {"angle": 0, "axis": "y", "origin": [5.20391, 0, 19]},
			"faces": {
				"north": {"uv": [0, 12, 2, 0], "rotation": 90, "texture": "#0"},
				"east": {"uv": [2, 0, 0, 2], "texture": "#0"},
				"south": {"uv": [2, 12, 4, 0], "rotation": 90, "texture": "#0"},
				"west": {"uv": [2, 0, 0, 2], "texture": "#missing"},
				"up": {"uv": [3, 0, 1, 12], "rotation": 90, "texture": "#0"},
				"down": {"uv": [5, 0, 3, 12], "rotation": 90, "texture": "#0"}
			}
		},
		{
			"from": [11.20391, 14, 6],
			"to": [23.20391, 16, 8],
			"rotation": {"angle": 0, "axis": "y", "origin": [5.20391, 0, 19]},
			"faces": {
				"north": {"uv": [3, 12, 5, 0], "rotation": 90, "texture": "#0"},
				"east": {"uv": [2, 0, 0, 2], "texture": "#0"},
				"south": {"uv": [0, 12, 2, 0], "rotation": 90, "texture": "#0"},
				"west": {"uv": [2, 0, 0, 2], "texture": "#missing"},
				"up": {"uv": [3, 0, 1, 12], "rotation": 90, "texture": "#0"},
				"down": {"uv": [4, 0, 2, 12], "rotation": 90, "texture": "#0"}
			}
		},
		{
			"from": [11.20391, 0, 20],
			"to": [23.20391, 2, 22],
			"rotation": {"angle": 0, "axis": "y", "origin": [5.20391, 0, 19]},
			"faces": {
				"north": {"uv": [3, 12, 5, 0], "rotation": 90, "texture": "#0"},
				"east": {"uv": [2, 0, 0, 2], "texture": "#0"},
				"south": {"uv": [0, 12, 2, 0], "rotation": 90, "texture": "#0"},
				"west": {"uv": [2, 0, 0, 2], "texture": "#missing"},
				"up": {"uv": [2, 0, 0, 12], "rotation": 90, "texture": "#0"},
				"down": {"uv": [2, 0, 0, 12], "rotation": 90, "texture": "#0"}
			}
		},
		{
			"from": [11.20391, 14, 20],
			"to": [23.20391, 16, 22],
			"rotation": {"angle": 0, "axis": "y", "origin": [5.20391, 0, 19]},
			"faces": {
				"north": {"uv": [4, 12, 6, 0], "rotation": 90, "texture": "#0"},
				"east": {"uv": [2, 0, 0, 2], "texture": "#0"},
				"south": {"uv": [3, 12, 5, 0], "rotation": 90, "texture": "#0"},
				"west": {"uv": [2, 0, 0, 2], "texture": "#missing"},
				"up": {"uv": [4, 0, 2, 12], "rotation": 90, "texture": "#0"},
				"down": {"uv": [3, 0, 1, 12], "rotation": 90, "texture": "#0"}
			}
		},
		{
			"from": [23.20391, 0, 6],
			"to": [25.20391, 16, 8],
			"rotation": {"angle": 0, "axis": "y", "origin": [5.20391, 0, 19]},
			"faces": {
				"north": {"uv": [2, 0, 0, 16], "texture": "#0"},
				"east": {"uv": [2, 0, 0, 16], "texture": "#0"},
				"south": {"uv": [2, 0, 0, 16], "texture": "#0"},
				"west": {"uv": [3, 0, 1, 16], "texture": "#0"},
				"up": {"uv": [0, 2, 2, 0], "texture": "#0"},
				"down": {"uv": [2, 2, 4, 0], "texture": "#0"}
			}
		},
		{
			"from": [9.20391, 0, 20],
			"to": [11.20391, 16, 22],
			"rotation": {"angle": 0, "axis": "y", "origin": [5.20391, 0, 19]},
			"faces": {
				"north": {"uv": [2, 0, 0, 16], "texture": "#0"},
				"east": {"uv": [2, 0, 0, 16], "texture": "#0"},
				"south": {"uv": [2, 0, 0, 16], "texture": "#0"},
				"west": {"uv": [3, 0, 1, 16], "texture": "#0"},
				"up": {"uv": [2, 3, 4, 1], "texture": "#0"},
				"down": {"uv": [4, 2, 6, 0], "texture": "#0"}
			}
		},
		{
			"from": [-11.79609, 1, 2],
			"to": [2.20391, 15, 16],
			"rotation": {"angle": -22.5, "axis": "y", "origin": [5.20391, 0, 19]},
			"faces": {
				"north": {"uv": [2, 0, 16, 14], "texture": "#1"},
				"east": {"uv": [2, 0, 16, 14], "texture": "#1"},
				"south": {"uv": [2, 0, 16, 14], "texture": "#1"},
				"west": {"uv": [2, 0, 16, 14], "texture": "#1"},
				"up": {"uv": [0, 2, 14, 16], "texture": "#1"},
				"down": {"uv": [0, 2, 14, 16], "texture": "#1"}
			}
		},
		{
			"from": [1.20391, 0, 15],
			"to": [3.20391, 16, 17],
			"rotation": {"angle": -22.5, "axis": "y", "origin": [5.20391, 0, 19]},
			"faces": {
				"north": {"uv": [2, 0, 4, 16], "texture": "#0"},
				"east": {"uv": [2, 0, 4, 16], "texture": "#0"},
				"south": {"uv": [2, 0, 4, 16], "texture": "#0"},
				"west": {"uv": [2, 0, 4, 16], "texture": "#0"},
				"up": {"uv": [0, 2, 2, 4], "texture": "#0"},
				"down": {"uv": [0, 2, 2, 4], "texture": "#0"}
			}
		},
		{
			"from": [1.20391, 0, 3],
			"to": [3.20391, 2, 15],
			"rotation": {"angle": -22.5, "axis": "y", "origin": [5.20391, 0, 19]},
			"faces": {
				"north": {"uv": [2, 0, 0, 2], "texture": "#missing"},
				"east": {"uv": [0, 12, 2, 0], "rotation": 90, "texture": "#0"},
				"south": {"uv": [2, 0, 0, 2], "texture": "#missing"},
				"west": {"uv": [0, 12, 2, 0], "rotation": 90, "texture": "#0"},
				"up": {"uv": [0, 12, 2, 0], "texture": "#0"},
				"down": {"uv": [0, 12, 2, 0], "texture": "#0"}
			}
		},
		{
			"from": [1.20391, 14, 3],
			"to": [3.20391, 16, 15],
			"rotation": {"angle": -22.5, "axis": "y", "origin": [5.20391, 0, 19]},
			"faces": {
				"north": {"uv": [2, 0, 0, 2], "texture": "#missing"},
				"east": {"uv": [1, 12, 3, 0], "rotation": 90, "texture": "#0"},
				"south": {"uv": [2, 0, 0, 2], "texture": "#missing"},
				"west": {"uv": [3, 12, 5, 0], "rotation": 90, "texture": "#0"},
				"up": {"uv": [0, 12, 2, 0], "texture": "#0"},
				"down": {"uv": [0, 12, 2, 0], "texture": "#0"}
			}
		},
		{
			"from": [-12.79609, 14, 3],
			"to": [-10.79609, 16, 15],
			"rotation": {"angle": -22.5, "axis": "y", "origin": [5.20391, 0, 19]},
			"faces": {
				"north": {"uv": [2, 0, 0, 2], "texture": "#missing"},
				"east": {"uv": [2, 12, 4, 0], "rotation": 90, "texture": "#0"},
				"south": {"uv": [2, 0, 0, 2], "texture": "#missing"},
				"west": {"uv": [1, 12, 3, 0], "rotation": 90, "texture": "#0"},
				"up": {"uv": [0, 12, 2, 0], "texture": "#0"},
				"down": {"uv": [0, 12, 2, 0], "texture": "#0"}
			}
		},
		{
			"from": [-12.79609, 0, 3],
			"to": [-10.79609, 2, 15],
			"rotation": {"angle": -22.5, "axis": "y", "origin": [5.20391, 0, 19]},
			"faces": {
				"north": {"uv": [2, 0, 0, 2], "texture": "#missing"},
				"east": {"uv": [2, 12, 4, 0], "rotation": 90, "texture": "#0"},
				"south": {"uv": [2, 0, 0, 2], "texture": "#missing"},
				"west": {"uv": [1, 12, 3, 0], "rotation": 90, "texture": "#0"},
				"up": {"uv": [0, 12, 2, 0], "texture": "#0"},
				"down": {"uv": [0, 12, 2, 0], "texture": "#0"}
			}
		},
		{
			"from": [-12.79609, 0, 1],
			"to": [-10.79609, 16, 3],
			"rotation": {"angle": -22.5, "axis": "y", "origin": [5.20391, 0, 19]},
			"faces": {
				"north": {"uv": [2, 0, 0, 16], "texture": "#0"},
				"east": {"uv": [2, 0, 0, 16], "texture": "#0"},
				"south": {"uv": [2, 0, 0, 16], "texture": "#0"},
				"west": {"uv": [2, 0, 0, 16], "texture": "#0"},
				"up": {"uv": [1, 2, 3, 0], "texture": "#0"},
				"down": {"uv": [3, 2, 5, 0], "texture": "#0"}
			}
		},
		{
			"from": [-10.79609, 0, 1],
			"to": [1.20391, 2, 3],
			"rotation": {"angle": -22.5, "axis": "y", "origin": [5.20391, 0, 19]},
			"faces": {
				"north": {"uv": [0, 12, 2, 0], "rotation": 90, "texture": "#0"},
				"east": {"uv": [2, 0, 0, 2], "texture": "#0"},
				"south": {"uv": [2, 12, 4, 0], "rotation": 90, "texture": "#0"},
				"west": {"uv": [2, 0, 0, 2], "texture": "#missing"},
				"up": {"uv": [3, 0, 1, 12], "rotation": 90, "texture": "#0"},
				"down": {"uv": [5, 0, 3, 12], "rotation": 90, "texture": "#0"}
			}
		},
		{
			"from": [-10.79609, 14, 1],
			"to": [1.20391, 16, 3],
			"rotation": {"angle": -22.5, "axis": "y", "origin": [5.20391, 0, 19]},
			"faces": {
				"north": {"uv": [3, 12, 5, 0], "rotation": 90, "texture": "#0"},
				"east": {"uv": [2, 0, 0, 2], "texture": "#0"},
				"south": {"uv": [0, 12, 2, 0], "rotation": 90, "texture": "#0"},
				"west": {"uv": [2, 0, 0, 2], "texture": "#missing"},
				"up": {"uv": [3, 0, 1, 12], "rotation": 90, "texture": "#0"},
				"down": {"uv": [4, 0, 2, 12], "rotation": 90, "texture": "#0"}
			}
		},
		{
			"from": [-10.79609, 0, 15],
			"to": [1.20391, 2, 17],
			"rotation": {"angle": -22.5, "axis": "y", "origin": [5.20391, 0, 19]},
			"faces": {
				"north": {"uv": [3, 12, 5, 0], "rotation": 90, "texture": "#0"},
				"east": {"uv": [2, 0, 0, 2], "texture": "#0"},
				"south": {"uv": [0, 12, 2, 0], "rotation": 90, "texture": "#0"},
				"west": {"uv": [2, 0, 0, 2], "texture": "#missing"},
				"up": {"uv": [2, 0, 0, 12], "rotation": 90, "texture": "#0"},
				"down": {"uv": [2, 0, 0, 12], "rotation": 90, "texture": "#0"}
			}
		},
		{
			"from": [-10.79609, 14, 15],
			"to": [1.20391, 16, 17],
			"rotation": {"angle": -22.5, "axis": "y", "origin": [5.20391, 0, 19]},
			"faces": {
				"north": {"uv": [4, 12, 6, 0], "rotation": 90, "texture": "#0"},
				"east": {"uv": [2, 0, 0, 2], "texture": "#0"},
				"south": {"uv": [3, 12, 5, 0], "rotation": 90, "texture": "#0"},
				"west": {"uv": [2, 0, 0, 2], "texture": "#missing"},
				"up": {"uv": [4, 0, 2, 12], "rotation": 90, "texture": "#0"},
				"down": {"uv": [3, 0, 1, 12], "rotation": 90, "texture": "#0"}
			}
		},
		{
			"from": [1.20391, 0, 1],
			"to": [3.20391, 16, 3],
			"rotation": {"angle": -22.5, "axis": "y", "origin": [5.20391, 0, 19]},
			"faces": {
				"north": {"uv": [2, 0, 0, 16], "texture": "#0"},
				"east": {"uv": [2, 0, 0, 16], "texture": "#0"},
				"south": {"uv": [2, 0, 0, 16], "texture": "#0"},
				"west": {"uv": [3, 0, 1, 16], "texture": "#0"},
				"up": {"uv": [0, 2, 2, 0], "texture": "#0"},
				"down": {"uv": [2, 2, 4, 0], "texture": "#0"}
			}
		},
		{
			"from": [-12.79609, 0, 15],
			"to": [-10.79609, 16, 17],
			"rotation": {"angle": -22.5, "axis": "y", "origin": [5.20391, 0, 19]},
			"faces": {
				"north": {"uv": [2, 0, 0, 16], "texture": "#0"},
				"east": {"uv": [2, 0, 0, 16], "texture": "#0"},
				"south": {"uv": [2, 0, 0, 16], "texture": "#0"},
				"west": {"uv": [3, 0, 1, 16], "texture": "#0"},
				"up": {"uv": [2, 3, 4, 1], "texture": "#0"},
				"down": {"uv": [4, 2, 6, 0], "texture": "#0"}
			}
		}
	],
	"display": {
		"thirdperson_righthand": {
			"scale": [0.5, 0.5, 0.5]
		},
		"thirdperson_lefthand": {
			"scale": [0.5, 0.5, 0.5]
		},
		"firstperson_righthand": {
			"scale": [0.5, 0.5, 0.5]
		},
		"firstperson_lefthand": {
			"scale": [0.5, 0.5, 0.5]
		},
		"ground": {
			"translation": [0, 2.25, 0],
			"scale": [0.5, 0.5, 0.5]
		},
		"gui": {
			"rotation": [0, 145, 15],
			"scale": [0.5, 0.5, 0.5]
		},
		"fixed": {
			"rotation": [-90, 0, 0],
			"translation": [0, 0, -16],
			"scale": [2, 2, 2]
		}
	},
	"groups": [
		{
			"name": "crate1",
			"origin": [0, 0, 0],
			"color": 0,
			"children": [0, 1, 2, 3, 4, 5, 6, 7, 8, 9, 10, 11, 12]
		},
		{
			"name": "crate3",
			"origin": [0, 0, 0],
			"color": 0,
			"children": [13, 14, 15, 16, 17, 18, 19, 20, 21, 22, 23, 24, 25]
		}
	]
}