{
	"credit": "Made by PolygonMC",
	"texture_size": [24, 24],
	"textures": {
		"1": "glorious:item/easterset/hoe",
		"particle": "glorious:item/easterset/hoe"
	},
	"elements": [
		{
			"from": [7.5, 0.75, 7.5],
			"to": [8.5, 1.75, 8.5],
			"rotation": {"angle": 0, "axis": "y", "origin": [7.5, 0, 6.5]},
			"faces": {
				"north": {"uv": [9.33333, 9.33333, 10, 10], "texture": "#1"},
				"east": {"uv": [10, 0, 10.66667, 0.66667], "texture": "#1"},
				"south": {"uv": [0.66667, 10, 1.33333, 10.66667], "texture": "#1"},
				"west": {"uv": [10, 0.66667, 10.66667, 1.33333], "texture": "#1"},
				"up": {"uv": [2, 10.66667, 1.33333, 10], "texture": "#1"},
				"down": {"uv": [10.66667, 1.33333, 10, 2], "texture": "#1"}
			}
		},
		{
			"from": [7.5, 2.65, 7.5],
			"to": [8.5, 3.25, 8.5],
			"rotation": {"angle": 0, "axis": "y", "origin": [7.5, -0.25, 6.5]},
			"faces": {
				"north": {"uv": [10.66667, 5.33333, 11.33333, 5.66667], "texture": "#1"},
				"east": {"uv": [6, 10.66667, 6.66667, 11], "texture": "#1"},
				"south": {"uv": [10.66667, 6, 11.33333, 6.33333], "texture": "#1"},
				"west": {"uv": [6.66667, 10.66667, 7.33333, 11], "texture": "#1"},
				"up": {"uv": [10.66667, 2.66667, 10, 2], "texture": "#1"},
				"down": {"uv": [10.66667, 2.66667, 10, 3.33333], "texture": "#1"}
			}
		},
		{
			"from": [7.5, 4.15, 7.5],
			"to": [8.5, 5.15, 8.5],
			"rotation": {"angle": 0, "axis": "y", "origin": [7.5, -0.5, 6.5]},
			"faces": {
				"north": {"uv": [3.33333, 10, 4, 10.66667], "texture": "#1"},
				"east": {"uv": [10, 3.33333, 10.66667, 4], "texture": "#1"},
				"south": {"uv": [4, 10, 4.66667, 10.66667], "texture": "#1"},
				"west": {"uv": [10, 4, 10.66667, 4.66667], "texture": "#1"},
				"up": {"uv": [5.33333, 10.66667, 4.66667, 10], "texture": "#1"},
				"down": {"uv": [10.66667, 4.66667, 10, 5.33333], "texture": "#1"}
			}
		},
		{
			"from": [7.5, 10.15, 7.5],
			"to": [8.5, 11.15, 8.5],
			"rotation": {"angle": 0, "axis": "y", "origin": [7.5, -2.5, 6.5]},
			"faces": {
				"north": {"uv": [5.33333, 10, 6, 10.66667], "texture": "#1"},
				"east": {"uv": [10, 5.33333, 10.66667, 6], "texture": "#1"},
				"south": {"uv": [10, 6, 10.66667, 6.66667], "texture": "#1"},
				"west": {"uv": [6.66667, 10, 7.33333, 10.66667], "texture": "#1"},
				"up": {"uv": [8, 10.66667, 7.33333, 10], "texture": "#1"},
				"down": {"uv": [10.66667, 7.33333, 10, 8], "texture": "#1"}
			}
		},
		{
			"from": [7.6, 1.75, 7.6],
			"to": [8.4, 2.65, 8.4],
			"rotation": {"angle": 0, "axis": "y", "origin": [7.5, 0, 6.5]},
			"faces": {
				"north": {"uv": [8, 10, 8.66667, 10.66667], "texture": "#1"},
				"east": {"uv": [10, 8, 10.66667, 8.66667], "texture": "#1"},
				"south": {"uv": [8.66667, 10, 9.33333, 10.66667], "texture": "#1"},
				"west": {"uv": [9.33333, 10, 10, 10.66667], "texture": "#1"}
			}
		},
		{
			"from": [7.6, 3.25, 7.6],
			"to": [8.4, 4.15, 8.4],
			"rotation": {"angle": 0, "axis": "y", "origin": [7.5, -0.25, 6.5]},
			"faces": {
				"north": {"uv": [10, 9.33333, 10.66667, 10], "texture": "#1"},
				"east": {"uv": [10, 10, 10.66667, 10.66667], "texture": "#1"},
				"south": {"uv": [0, 10.66667, 0.66667, 11.33333], "texture": "#1"},
				"west": {"uv": [10.66667, 0, 11.33333, 0.66667], "texture": "#1"}
			}
		},
		{
			"from": [7.41, -0.09, 7.41],
			"to": [8.59, 1.09, 8.59],
			"rotation": {"angle": -45, "axis": "x", "origin": [8, 0.5, 8]},
			"faces": {
				"north": {"uv": [0.66667, 10.66667, 1.33333, 11.33333], "texture": "#1"},
				"east": {"uv": [10.66667, 0.66667, 11.33333, 1.33333], "texture": "#1"},
				"south": {"uv": [1.33333, 10.66667, 2, 11.33333], "texture": "#1"},
				"west": {"uv": [10.66667, 1.33333, 11.33333, 2], "texture": "#1"},
				"up": {"uv": [2.66667, 11.33333, 2, 10.66667], "texture": "#1"},
				"down": {"uv": [11.33333, 2, 10.66667, 2.66667], "texture": "#1"}
			}
		},
		{
			"from": [7.975, -3.75, 6.125],
			"to": [8.025, 0.75, 9.875],
			"rotation": {"angle": 0, "axis": "y", "origin": [8, -1.5, 8]},
			"faces": {
				"east": {"uv": [14.33333, 0, 11.66667, 3], "texture": "#1"},
				"west": {"uv": [11.66667, 0, 14.33333, 3], "texture": "#1"}
			}
		},
		{
			"from": [7.4, 11.15, 6.9],
			"to": [8.6, 12.15, 9.1],
			"rotation": {"angle": 0, "axis": "y", "origin": [7.5, 11.15, 7]},
			"faces": {
				"north": {"uv": [2.66667, 10.66667, 3.33333, 11.33333], "texture": "#1"},
				"east": {"uv": [8.66667, 5.33333, 10, 6], "texture": "#1"},
				"south": {"uv": [10.66667, 2.66667, 11.33333, 3.33333], "texture": "#1"},
				"west": {"uv": [8.66667, 6, 10, 6.66667], "texture": "#1"},
				"down": {"uv": [6, 8.66667, 5.33333, 10], "texture": "#1"}
			}
		},
		{
			"from": [7.3, 11.45, 7],
			"to": [8.7, 13.45, 9],
			"rotation": {"angle": -45, "axis": "x", "origin": [8, 12.45, 8]},
			"faces": {
				"north": {"uv": [0.66667, 7.33333, 1.66667, 8.66667], "texture": "#1"},
				"east": {"uv": [13, 6, 14.33333, 7.33333], "texture": "#1"},
				"south": {"uv": [7.33333, 1.33333, 8.33333, 2.66667], "texture": "#1"},
				"west": {"uv": [0.66667, 6, 2, 7.33333], "texture": "#1"},
				"up": {"uv": [8.33333, 6.66667, 7.33333, 5.33333], "texture": "#1"},
				"down": {"uv": [3, 8, 2, 9.33333], "texture": "#1"}
			}
		},
		{
			"from": [7, 11.75, 7.3],
			"to": [9, 13.15, 8.7],
			"rotation": {"angle": -45, "axis": "x", "origin": [8, 12.45, 8]},
			"faces": {
				"north": {"uv": [8, 2.66667, 9.33333, 3.66667], "texture": "#1"},
				"east": {"uv": [8.66667, 1.33333, 9.66667, 2.33333], "texture": "#1"},
				"south": {"uv": [8, 4, 9.33333, 5], "texture": "#1"},
				"west": {"uv": [4, 8.66667, 5, 9.66667], "texture": "#1"},
				"up": {"uv": [7.33333, 9, 6, 8], "texture": "#1"},
				"down": {"uv": [9.33333, 6.66667, 8, 7.66667], "texture": "#1"}
			}
		},
		{
			"from": [7.5, 12.1, 5.5],
			"to": [8.5, 14.1, 7.5],
			"rotation": {"angle": 22.5, "axis": "x", "origin": [8, 13, 5]},
			"faces": {
				"north": {"uv": [8.66667, 8, 9.33333, 9.33333], "texture": "#1"},
				"east": {"uv": [14.33333, 6, 15.66667, 7.33333], "texture": "#1"},
				"south": {"uv": [0, 9.33333, 0.66667, 10.66667], "texture": "#1"},
				"west": {"uv": [6, 5.33333, 7.33333, 6.66667], "texture": "#1"},
				"up": {"uv": [10, 1.33333, 9.33333, 0], "texture": "#1"},
				"down": {"uv": [2.66667, 9.33333, 2, 10.66667], "texture": "#1"}
			}
		},
		{
			"from": [7.5, 12.1, 8.5],
			"to": [8.5, 14.1, 10.5],
			"rotation": {"angle": -22.5, "axis": "x", "origin": [8, 13, 11]},
			"faces": {
				"north": {"uv": [2.66667, 9.33333, 3.33333, 10.66667], "texture": "#1"},
				"east": {"uv": [6.66667, 2.66667, 8, 4], "texture": "#1"},
				"south": {"uv": [9.33333, 2.66667, 10, 4], "texture": "#1"},
				"west": {"uv": [6.66667, 4, 8, 5.33333], "texture": "#1"},
				"up": {"uv": [10, 5.33333, 9.33333, 4], "texture": "#1"},
				"down": {"uv": [6.66667, 9.33333, 6, 10.66667], "texture": "#1"}
			}
		},
		{
			"from": [7.4, 5.15, 7.4],
			"to": [8.6, 10.15, 8.6],
			"rotation": {"angle": 0, "axis": "y", "origin": [6.5, 5.15, 7.5]},
			"faces": {
				"north": {"uv": [4.66667, 5.33333, 4, 8.66667], "texture": "#1"},
				"east": {"uv": [4.66667, 5.33333, 5.33333, 8.66667], "texture": "#1"},
				"south": {"uv": [6, 5.33333, 5.33333, 8.66667], "texture": "#1"},
				"west": {"uv": [0, 6, 0.66667, 9.33333], "texture": "#1"},
				"up": {"uv": [4, 11.33333, 3.33333, 10.66667], "texture": "#1"},
				"down": {"uv": [11.33333, 3.33333, 10.66667, 4], "texture": "#1"}
			}
		},
		{
			"from": [7.225, 10.3, 4.55],
			"to": [8.775, 13.55, 6.55],
			"rotation": {"angle": -22.5, "axis": "x", "origin": [8, 12, 5.05]},
			"faces": {
				"north": {"uv": [11.66667, 6, 12.66667, 8.33333], "texture": "#1"},
				"east": {"uv": [11.66667, 3.33333, 13, 5.66667], "texture": "#1"},
				"south": {"uv": [14.33333, 3.33333, 15.33333, 5.66667], "texture": "#1"},
				"west": {"uv": [13, 3.33333, 14.33333, 5.66667], "texture": "#1"},
				"up": {"uv": [8.33333, 9.33333, 7.33333, 8], "texture": "#1"},
				"down": {"uv": [1.66667, 8.66667, 0.66667, 10], "texture": "#1"}
			}
		},
		{
			"from": [7.61, 10.13802, 2.60048],
			"to": [8.39, 11.41802, 5.16048],
			"rotation": {"angle": -22.5, "axis": "x", "origin": [8, 9.83901, 2.14115]},
			"faces": {
				"north": {"uv": [9.33333, 7.33333, 10, 8.33333], "texture": "#1"},
				"east": {"uv": [6, 6.66667, 7.66667, 7.66667], "texture": "#1"},
				"west": {"uv": [7.33333, 0, 9, 1], "texture": "#1"},
				"up": {"uv": [2.66667, 7.66667, 2, 6], "texture": "#1"},
				"down": {"uv": [4, 8, 3.33333, 9.66667], "texture": "#1"}
			}
		},
		{
			"from": [7.7124, 10.00845, 1.03857],
			"to": [8.2876, 11.08365, 3.18897],
			"rotation": {"angle": -45, "axis": "x", "origin": [8, 9.83901, 2.14115]},
			"faces": {
				"north": {"uv": [10.66667, 6.66667, 11, 7.33333], "texture": "#1"},
				"east": {"uv": [6.66667, 9.33333, 8, 10], "texture": "#1"},
				"west": {"uv": [9.33333, 6.66667, 10.66667, 7.33333], "texture": "#1"},
				"up": {"uv": [4.33333, 12, 4, 10.66667], "texture": "#1"},
				"down": {"uv": [11, 4, 10.66667, 5.33333], "texture": "#1"}
			}
		},
		{
			"from": [7.83067, 7.6068, 0.65559],
			"to": [8.16933, 9.28412, 1.49424],
			"rotation": {"angle": 22.5, "axis": "x", "origin": [8, 9.83901, 2.14115]},
			"faces": {
				"north": {"uv": [5, 11.66667, 4.66667, 10.66667], "rotation": 180, "texture": "#1"},
				"east": {"uv": [8, 9.33333, 9, 10], "rotation": 90, "texture": "#1"},
				"south": {"uv": [5.66667, 10.66667, 5.33333, 11.66667], "texture": "#1"},
				"west": {"uv": [9.33333, 8.66667, 10.33333, 9.33333], "rotation": 270, "texture": "#1"},
				"down": {"uv": [7.33333, 10.66667, 7.66667, 11.33333], "rotation": 180, "texture": "#1"}
			}
		},
		{
			"from": [7.975, 6.9, -1.8],
			"to": [8.025, 10.9, 7.2],
			"rotation": {"angle": -22.5, "axis": "x", "origin": [8, 9.83901, 2.14115]},
			"faces": {
				"east": {"uv": [6, 0, 0, 2.66667], "texture": "#1"},
				"west": {"uv": [0, 0, 6, 2.66667], "texture": "#1"}
			}
		},
		{
			"from": [7.225, 10.3, 9.45],
			"to": [8.775, 13.55, 11.45],
			"rotation": {"angle": 22.5, "axis": "x", "origin": [8, 12, 10.95]},
			"faces": {
				"north": {"uv": [15.33333, 3.33333, 14.33333, 5.66667], "texture": "#1"},
				"east": {"uv": [13, 3.33333, 11.66667, 5.66667], "texture": "#1"},
				"south": {"uv": [12.66667, 6, 11.66667, 8.33333], "texture": "#1"},
				"west": {"uv": [14.33333, 3.33333, 13, 5.66667], "texture": "#1"},
				"up": {"uv": [8.33333, 8, 7.33333, 9.33333], "texture": "#1"},
				"down": {"uv": [1.66667, 10, 0.66667, 8.66667], "texture": "#1"}
			}
		}
	],
	"gui_light": "front",
	"display": {
		"thirdperson_righthand": {
			"translation": [0, 3, 0.75]
		},
		"thirdperson_lefthand": {
			"translation": [0, 3, 0.75]
		},
		"firstperson_righthand": {
			"rotation": [-10, 0, 0],
			"translation": [0, 5.5, 0]
		},
		"firstperson_lefthand": {
			"rotation": [-10, 0, 0],
			"translation": [0, 5.5, 0]
		},
		"ground": {
			"rotation": [-40, 0, 0],
			"translation": [0, 12.25, 0]
		},
		"gui": {
			"rotation": [-90, 45, 90],
			"translation": [-1, 1, 0],
			"scale": [0.82617, 0.82617, 0.82617]
		},
		"head": {
			"scale": [0, 0, 0]
		},
		"fixed": {
			"rotation": [0, -90, 0],
			"translation": [0, 5.75, -1.5],
			"scale": [2, 2, 2]
		}
	}
}