{
	"credit": "Made by Manning Design",
	"texture_size": [128, 128],
	"textures": {
		"0": "custom/bs_balloon_turkey_texture",
		"particle": "custom/bs_balloon_turkey_texture"
	},
	"elements": [
		{
			"from": [1, 5.26537, 3.65224],
			"to": [15, 16.26537, 16.65224],
			"rotation": {"angle": 0, "axis": "y", "origin": [6, 13.08174, 6.38844]},
			"faces": {
				"north": {"uv": [2.75, 1.625, 4.5, 3], "texture": "#0"},
				"east": {"uv": [3.5, 3, 5.125, 4.375], "texture": "#0"},
				"south": {"uv": [1.75, 3, 3.5, 4.375], "texture": "#0"},
				"west": {"uv": [0, 4.375, 1.625, 5.75], "texture": "#0"},
				"up": {"uv": [1.75, 4.375, 0, 2.75], "texture": "#0"},
				"down": {"uv": [4.5, 0, 2.75, 1.625], "texture": "#0"}
			}
		},
		{
			"from": [4.5, 8.26537, 1.65224],
			"to": [11.5, 24.26537, 7.65224],
			"rotation": {"angle": 0, "axis": "y", "origin": [6, 13.08174, 6.38844]},
			"faces": {
				"north": {"uv": [1.625, 4.375, 2.5, 6.375], "texture": "#0"},
				"east": {"uv": [4.5, 0.875, 5.25, 2.875], "texture": "#0"},
				"south": {"uv": [2.5, 4.375, 3.375, 6.375], "texture": "#0"},
				"west": {"uv": [5.25, 0.875, 6, 2.875], "texture": "#0"},
				"up": {"uv": [6.25, 7, 5.375, 6.25], "texture": "#0"},
				"down": {"uv": [7.125, 6.25, 6.25, 7], "texture": "#0"}
			}
		},
		{
			"from": [4, 0.26537, 5.65224],
			"to": [8, 2.26537, 11.65224],
			"rotation": {"angle": 0, "axis": "y", "origin": [8, 1.76537, 7.15224]},
			"faces": {
				"north": {"uv": [1.25, 7.25, 1.75, 7.5], "texture": "#0"},
				"east": {"uv": [1.75, 2.75, 2.5, 3], "texture": "#0"},
				"south": {"uv": [7.25, 1.5, 7.75, 1.75], "texture": "#0"},
				"west": {"uv": [6.625, 5.75, 7.375, 6], "texture": "#0"},
				"up": {"uv": [3, 7.125, 2.5, 6.375], "texture": "#0"},
				"down": {"uv": [7, 0, 6.5, 0.75], "texture": "#0"}
			}
		},
		{
			"from": [8, 0.26537, 5.65224],
			"to": [12, 2.26537, 11.65224],
			"rotation": {"angle": 0, "axis": "y", "origin": [8, 1.76537, 7.15224]},
			"faces": {
				"north": {"uv": [1.75, 7.25, 2.25, 7.5], "texture": "#0"},
				"east": {"uv": [6.625, 6, 7.375, 6.25], "texture": "#0"},
				"south": {"uv": [7.25, 7, 7.75, 7.25], "texture": "#0"},
				"west": {"uv": [7, 1.875, 7.75, 2.125], "texture": "#0"},
				"up": {"uv": [7, 1.5, 6.5, 0.75], "texture": "#0"},
				"down": {"uv": [7, 1.5, 6.5, 2.25], "texture": "#0"}
			}
		},
		{
			"from": [4.75, 18.26537, -1.34776],
			"to": [11.25, 21.26537, 1.65224],
			"rotation": {"angle": 0, "axis": "y", "origin": [7, 13.08174, 6.38844]},
			"faces": {
				"north": {"uv": [0, 6.625, 0.875, 7], "texture": "#0"},
				"east": {"uv": [4.25, 7, 4.625, 7.375], "texture": "#0"},
				"south": {"uv": [3, 6.625, 3.875, 7], "texture": "#0"},
				"west": {"uv": [5.375, 7, 5.75, 7.375], "texture": "#0"},
				"up": {"uv": [4.75, 7, 3.875, 6.625], "texture": "#0"},
				"down": {"uv": [7.5, 5.375, 6.625, 5.75], "texture": "#0"}
			}
		},
		{
			"from": [15, 7.26537, 5.15224],
			"to": [17, 14.26537, 13.15224],
			"rotation": {"angle": 0, "axis": "y", "origin": [8, 11.76537, 9.15224]},
			"faces": {
				"north": {"uv": [7, 1, 7.25, 1.875], "texture": "#0"},
				"east": {"uv": [5.625, 5.375, 6.625, 6.25], "texture": "#0"},
				"south": {"uv": [3, 7, 3.25, 7.875], "texture": "#0"},
				"west": {"uv": [0, 5.75, 1, 6.625], "texture": "#0"},
				"up": {"uv": [5.375, 7.625, 5.125, 6.625], "texture": "#0"},
				"down": {"uv": [7.25, 0, 7, 1], "texture": "#0"}
			}
		},
		{
			"from": [-1, 7.26537, 5.15224],
			"to": [1, 14.26537, 13.15224],
			"rotation": {"angle": 0, "axis": "y", "origin": [8, 11.76537, 9.15224]},
			"faces": {
				"north": {"uv": [3.25, 7, 3.5, 7.875], "texture": "#0"},
				"east": {"uv": [3.375, 5.75, 4.375, 6.625], "texture": "#0"},
				"south": {"uv": [3.5, 7, 3.75, 7.875], "texture": "#0"},
				"west": {"uv": [4.375, 5.75, 5.375, 6.625], "texture": "#0"},
				"up": {"uv": [0.625, 8, 0.375, 7], "texture": "#0"},
				"down": {"uv": [0.875, 7, 0.625, 8], "texture": "#0"}
			}
		},
		{
			"from": [5, 2.26537, 8.65224],
			"to": [8, 5.26537, 11.65224],
			"rotation": {"angle": 0, "axis": "y", "origin": [8, 1.76537, 7.15224]},
			"faces": {
				"north": {"uv": [5.75, 7, 6.125, 7.375], "texture": "#0"},
				"east": {"uv": [6.125, 7, 6.5, 7.375], "texture": "#0"},
				"south": {"uv": [6.5, 7, 6.875, 7.375], "texture": "#0"},
				"west": {"uv": [6.875, 7, 7.25, 7.375], "texture": "#0"},
				"up": {"uv": [1.25, 7.5, 0.875, 7.125], "texture": "#0"},
				"down": {"uv": [2.875, 7.125, 2.5, 7.5], "texture": "#0"}
			}
		},
		{
			"from": [8, 2.26537, 8.65224],
			"to": [11, 5.26537, 11.65224],
			"rotation": {"angle": 0, "axis": "y", "origin": [8, 1.76537, 7.15224]},
			"faces": {
				"north": {"uv": [7.125, 6.25, 7.5, 6.625], "texture": "#0"},
				"east": {"uv": [7.125, 6.625, 7.5, 7], "texture": "#0"},
				"south": {"uv": [7.25, 0, 7.625, 0.375], "texture": "#0"},
				"west": {"uv": [7.25, 0.375, 7.625, 0.75], "texture": "#0"},
				"up": {"uv": [7.625, 1.125, 7.25, 0.75], "texture": "#0"},
				"down": {"uv": [7.625, 1.125, 7.25, 1.5], "texture": "#0"}
			}
		},
		{
			"from": [6.5, 11.26537, -0.34776],
			"to": [9.5, 18.26537, 1.65224],
			"rotation": {"angle": 0, "axis": "y", "origin": [7, 13.08174, 6.38844]},
			"faces": {
				"north": {"uv": [4.75, 6.625, 5.125, 7.5], "texture": "#0"},
				"east": {"uv": [3.75, 7, 4, 7.875], "texture": "#0"},
				"south": {"uv": [0, 7, 0.375, 7.875], "texture": "#0"},
				"west": {"uv": [4, 7, 4.25, 7.875], "texture": "#0"},
				"up": {"uv": [3.375, 6.625, 3, 6.375], "texture": "#0"},
				"down": {"uv": [7.75, 4.125, 7.375, 4.375], "texture": "#0"}
			}
		},
		{
			"from": [0, 5.23147, 15.57266],
			"to": [16, 12.23147, 19.57266],
			"rotation": {"angle": 22.5, "axis": "x", "origin": [10, 15.73147, 18.82266]},
			"faces": {
				"north": {"uv": [3.375, 4.375, 5.375, 5.25], "texture": "#0"},
				"east": {"uv": [1.5, 6.375, 2, 7.25], "texture": "#0"},
				"south": {"uv": [4.5, 0, 6.5, 0.875], "texture": "#0"},
				"west": {"uv": [2, 6.375, 2.5, 7.25], "texture": "#0"},
				"up": {"uv": [7.375, 4.875, 5.375, 4.375], "texture": "#0"},
				"down": {"uv": [7.625, 4.875, 5.625, 5.375], "texture": "#0"}
			}
		},
		{
			"from": [-3, 12.23147, 15.57266],
			"to": [19, 23.23147, 19.57266],
			"rotation": {"angle": 22.5, "axis": "x", "origin": [10, 15.73147, 18.82266]},
			"faces": {
				"north": {"uv": [0, 0, 2.75, 1.375], "texture": "#0"},
				"east": {"uv": [1, 5.75, 1.5, 7.125], "texture": "#0"},
				"south": {"uv": [0, 1.375, 2.75, 2.75], "texture": "#0"},
				"west": {"uv": [6, 0.875, 6.5, 2.25], "texture": "#0"},
				"up": {"uv": [7.875, 3.375, 5.125, 2.875], "texture": "#0"},
				"down": {"uv": [7.875, 3.375, 5.125, 3.875], "texture": "#0"}
			}
		},
		{
			"from": [-1, 23.23147, 15.57266],
			"to": [17, 25.23147, 19.57266],
			"rotation": {"angle": 22.5, "axis": "x", "origin": [10, 15.73147, 18.82266]},
			"faces": {
				"north": {"uv": [6, 2.25, 8.25, 2.5], "texture": "#0"},
				"east": {"uv": [7.25, 7.25, 7.75, 7.5], "texture": "#0"},
				"south": {"uv": [6, 2.5, 8.25, 2.75], "texture": "#0"},
				"west": {"uv": [7.375, 3.875, 7.875, 4.125], "texture": "#0"},
				"up": {"uv": [7.375, 4.375, 5.125, 3.875], "texture": "#0"},
				"down": {"uv": [5.625, 5.25, 3.375, 5.75], "texture": "#0"}
			}
		}
	],
	"display": {
		"thirdperson_righthand": {
			"scale": [0.57, 0.57, 0.57]
		},
		"thirdperson_lefthand": {
			"scale": [0.52, 0.52, 0.52]
		},
		"firstperson_righthand": {
			"scale": [0.55, 0.55, 0.55]
		},
		"firstperson_lefthand": {
			"scale": [0.55, 0.55, 0.55]
		},
		"ground": {
			"translation": [0, 5.5, 0],
			"scale": [0.54, 0.54, 0.54]
		},
		"gui": {
			"rotation": [35, 135, 0],
			"translation": [-1.5, -3.5, 0],
			"scale": [0.43, 0.43, 0.43]
		},
		"head": {
			"translation": [0, 3.75, 0],
			"scale": [1.61, 1.61, 1.61]
		},
		"fixed": {
			"rotation": [0, 90, 0],
			"translation": [-1.25, -2.75, 0],
			"scale": [0.65, 0.65, 0.65]
		}
	}
}