{
	"credit": "Made with Blockbench",
	"texture_size": [64, 64],
	"textures": {
		"0": "glorious:item/hats/chefhat",
		"particle": "glorious:item/hats/chefhat"
	},
	"elements": [
		{
			"name": "rim",
			"from": [3.75, 6, 3.75],
			"to": [12.25, 8, 12.25],
			"faces": {
				"north": {"uv": [5.75, 4.5, 8, 5], "texture": "#0"},
				"east": {"uv": [5.75, 5, 8, 5.5], "texture": "#0"},
				"south": {"uv": [5.75, 5.5, 8, 6], "texture": "#0"},
				"west": {"uv": [4, 6, 6.25, 6.5], "texture": "#0"},
				"up": {"uv": [2.25, 2.25, 0, 0], "texture": "#0"},
				"down": {"uv": [2.25, 2.25, 0, 4.5], "texture": "#0"}
			}
		},
		{
			"name": "base",
			"from": [4, 8, 4],
			"to": [12, 19, 12],
			"faces": {
				"north": {"uv": [2.25, 4, 4.25, 5.5], "texture": "#0"},
				"east": {"uv": [4.25, 0, 6.25, 1.5], "texture": "#0"},
				"south": {"uv": [4.25, 1.5, 6.25, 3], "texture": "#0"},
				"west": {"uv": [4.25, 3, 6.25, 4.5], "texture": "#0"},
				"up": {"uv": [4.25, 2, 2.25, 0], "texture": "#0"},
				"down": {"uv": [4.25, 2, 2.25, 4], "texture": "#0"}
			}
		},
		{
			"name": "front right",
			"from": [8, 17, 3.5],
			"to": [12.5, 19.5, 8],
			"faces": {
				"north": {"uv": [6.25, 6, 7.5, 6.75], "texture": "#0"},
				"east": {"uv": [4, 6.5, 5.25, 7.25], "texture": "#0"},
				"south": {"uv": [0, 6.75, 1.25, 7.5], "texture": "#0"},
				"west": {"uv": [1.25, 6.75, 2.5, 7.5], "texture": "#0"},
				"up": {"uv": [2.75, 6.75, 1.5, 5.5], "texture": "#0"},
				"down": {"uv": [4, 5.5, 2.75, 6.75], "texture": "#0"}
			}
		},
		{
			"name": "front left",
			"from": [3, 17, 3],
			"to": [9, 20, 9],
			"faces": {
				"north": {"uv": [0, 6, 1.5, 6.75], "texture": "#0"},
				"east": {"uv": [6.25, 0, 7.75, 0.75], "texture": "#0"},
				"south": {"uv": [6.25, 0.75, 7.75, 1.5], "texture": "#0"},
				"west": {"uv": [6.25, 1.5, 7.75, 2.25], "texture": "#0"},
				"up": {"uv": [1.5, 6, 0, 4.5], "texture": "#0"},
				"down": {"uv": [5.75, 4.5, 4.25, 6], "texture": "#0"}
			}
		},
		{
			"name": "back right",
			"from": [9, 17, 8.5],
			"to": [13, 19.5, 12.5],
			"faces": {
				"north": {"uv": [5.25, 6.5, 6.25, 7.25], "texture": "#0"},
				"east": {"uv": [2.5, 6.75, 3.5, 7.5], "texture": "#0"},
				"south": {"uv": [6.25, 6.75, 7.25, 7.5], "texture": "#0"},
				"west": {"uv": [7.25, 2.25, 8.25, 3], "texture": "#0"},
				"up": {"uv": [7.25, 3.25, 6.25, 2.25], "texture": "#0"},
				"down": {"uv": [7.25, 3.25, 6.25, 4.25], "texture": "#0"}
			}
		},
		{
			"name": "back left",
			"from": [3.5, 17, 10.25],
			"to": [7.5, 19.5, 12.5],
			"faces": {
				"north": {"uv": [7.25, 3, 8.25, 3.75], "texture": "#0"},
				"east": {"uv": [1.5, 4.5, 2, 5.25], "texture": "#0"},
				"south": {"uv": [3.5, 7.25, 4.5, 8], "texture": "#0"},
				"west": {"uv": [5.5, 7.25, 6, 8], "texture": "#0"},
				"up": {"uv": [8.25, 4.25, 7.25, 3.75], "texture": "#0"},
				"down": {"uv": [5.5, 7.25, 4.5, 7.75], "texture": "#0"}
			}
		}
	],
	"display": {
		"thirdperson_righthand": {
			"scale": [0.6, 0.6, 0.6]
		},
		"thirdperson_lefthand": {
			"scale": [0.6, 0.6, 0.6]
		},
		"firstperson_righthand": {
			"scale": [0.6, 0.6, 0.6]
		},
		"firstperson_lefthand": {
			"scale": [0.6, 0.6, 0.6]
		},
		"head": {
			"translation": [0, 5, 0],
			"scale": [1.85, 1.85, 1.85]
		}
	},
	"groups": [
		0,
		1,
		{
			"name": "floof",
			"origin": [0, 0, 0],
			"color": 0,
			"children": [2, 3, 4, 5]
		}
	]
}