{
	"credit": "Made with Blockbench",
	"texture_size": [64, 64],
	"textures": {
		"0": "glorious:item/hats/irish_brim",
		"particle": "glorious:item/hats/irish_brim"
	},
	"elements": [
		{
			"name": "brim",
			"from": [3, 6, 3],
			"to": [13, 7, 13],
			"rotation": {"angle": 0, "axis": "y", "origin": [8, 6, 8]},
			"faces": {
				"north": {"uv": [4.5, 6.5, 7, 6.75], "texture": "#0"},
				"east": {"uv": [6.5, 4.75, 9, 5], "texture": "#0"},
				"south": {"uv": [6.5, 5, 9, 5.25], "texture": "#0"},
				"west": {"uv": [6.5, 5.25, 9, 5.5], "texture": "#0"},
				"up": {"uv": [2.5, 2.5, 0, 0], "texture": "#0"},
				"down": {"uv": [2.5, 2.5, 0, 5], "texture": "#0"}
			}
		},
		{
			"name": "base",
			"from": [4, 7, 4],
			"to": [12, 12, 12],
			"rotation": {"angle": 0, "axis": "y", "origin": [8, 7, 8]},
			"faces": {
				"north": {"uv": [4.75, 0, 6.75, 1.25], "texture": "#0"},
				"east": {"uv": [4.75, 1.25, 6.75, 2.5], "texture": "#0"},
				"south": {"uv": [4.75, 2.5, 6.75, 3.75], "texture": "#0"},
				"west": {"uv": [0, 5, 2, 6.25], "texture": "#0"},
				"up": {"uv": [4.5, 6.5, 2.5, 4.5], "texture": "#0"},
				"down": {"uv": [6.5, 4.5, 4.5, 6.5], "texture": "#0"}
			}
		},
		{
			"name": "top",
			"from": [3.75, 11, 3.75],
			"to": [12.25, 13, 12.25],
			"rotation": {"angle": 0, "axis": "y", "origin": [8, 11, 8]},
			"faces": {
				"north": {"uv": [4.75, 3.75, 7, 4.25], "texture": "#0"},
				"east": {"uv": [0, 6.25, 2.25, 6.75], "texture": "#0"},
				"south": {"uv": [2.25, 6.5, 4.5, 7], "texture": "#0"},
				"west": {"uv": [6.5, 4.25, 8.75, 4.75], "texture": "#0"},
				"up": {"uv": [4.75, 2.25, 2.5, 0], "texture": "#0"},
				"down": {"uv": [4.75, 2.25, 2.5, 4.5], "texture": "#0"}
			}
		},
		{
			"name": "bottom left",
			"from": [3.5, 7.5, 3],
			"to": [4, 9.5, 5],
			"rotation": {"angle": -22.5, "axis": "z", "origin": [3.5, 9.5, 5]},
			"faces": {
				"north": {"uv": [2.25, 6, 2.5, 6.5], "texture": "#0"},
				"east": {"uv": [2, 5, 2.5, 5.5], "texture": "#0"},
				"south": {"uv": [1, 6.75, 1.25, 7.25], "texture": "#0"},
				"west": {"uv": [2, 5.5, 2.5, 6], "texture": "#0"},
				"up": {"uv": [7, 1.5, 6.75, 1], "texture": "#0"},
				"down": {"uv": [1.5, 6.75, 1.25, 7.25], "texture": "#0"}
			}
		},
		{
			"name": "top left",
			"from": [3.5, 9.5, 3],
			"to": [4, 11.5, 5],
			"rotation": {"angle": 0, "axis": "z", "origin": [3.5, 9.5, 5]},
			"faces": {
				"north": {"uv": [1.5, 6.75, 1.75, 7.25], "texture": "#0"},
				"east": {"uv": [6.5, 5.5, 7, 6], "texture": "#0"},
				"south": {"uv": [6.75, 1.5, 7, 2], "texture": "#0"},
				"west": {"uv": [6.5, 6, 7, 6.5], "texture": "#0"},
				"up": {"uv": [2, 7.25, 1.75, 6.75], "texture": "#0"},
				"down": {"uv": [2.25, 6.75, 2, 7.25], "texture": "#0"}
			}
		},
		{
			"name": "bottom right",
			"from": [3.5, 7.5, 5],
			"to": [4, 9.5, 7],
			"rotation": {"angle": 0, "axis": "z", "origin": [3.5, 9.5, 5]},
			"faces": {
				"north": {"uv": [6.75, 2, 7, 2.5], "texture": "#0"},
				"east": {"uv": [0, 6.75, 0.5, 7.25], "texture": "#0"},
				"south": {"uv": [6.75, 2.5, 7, 3], "texture": "#0"},
				"west": {"uv": [6.75, 0, 7.25, 0.5], "texture": "#0"},
				"up": {"uv": [7, 3.5, 6.75, 3], "texture": "#0"},
				"down": {"uv": [4.75, 6.75, 4.5, 7.25], "texture": "#0"}
			}
		},
		{
			"name": "top right",
			"from": [3.5, 9.5, 5],
			"to": [4, 11.5, 7],
			"rotation": {"angle": 22.5, "axis": "z", "origin": [3.5, 9.5, 5]},
			"faces": {
				"north": {"uv": [4.75, 6.75, 5, 7.25], "texture": "#0"},
				"east": {"uv": [0.5, 6.75, 1, 7.25], "texture": "#0"},
				"south": {"uv": [5, 6.75, 5.25, 7.25], "texture": "#0"},
				"west": {"uv": [6.75, 0.5, 7.25, 1], "texture": "#0"},
				"up": {"uv": [5.5, 7.25, 5.25, 6.75], "texture": "#0"},
				"down": {"uv": [5.75, 6.75, 5.5, 7.25], "texture": "#0"}
			}
		},
		{
			"name": "gold",
			"from": [3, 9.06802, 4.56802],
			"to": [4, 10.06802, 5.56802],
			"rotation": {"angle": 45, "axis": "x", "origin": [3.5, 9.5, 5]},
			"faces": {
				"north": {"uv": [7.5, 1.75, 7.75, 2], "texture": "#0"},
				"east": {"uv": [8, 2.5, 8.25, 2.75], "texture": "#0"},
				"south": {"uv": [8.5, 3, 8.75, 3.25], "texture": "#0"},
				"west": {"uv": [7.25, 2.5, 7.5, 2.75], "texture": "#0"},
				"up": {"uv": [7.5, 3, 7.75, 3.25], "texture": "#0"},
				"down": {"uv": [8.25, 2, 8.5, 2.25], "texture": "#0"}
			}
		}
	],
	"display": {
		"firstperson_righthand": {
			"rotation": [0, 101, 0],
			"translation": [0, 2.75, 2],
			"scale": [0.57, 0.57, 0.57]
		},
		"firstperson_lefthand": {
			"rotation": [0, 101, 0],
			"translation": [0, 2.75, 2],
			"scale": [0.57, 0.57, 0.57]
		},
		"gui": {
			"rotation": [22, 135, 0],
			"translation": [0, -1.25, 0],
			"scale": [1.05, 1.05, 1.05]
		},
		"head": {
			"rotation": [5, 0, 0],
			"translation": [0, 6.5, 0],
			"scale": [1.65, 1.65, 1.65]
		}
	},
	"groups": [
		{
			"name": "Hat",
			"origin": [0, 0, 0],
			"color": 0,
			"children": [
				0,
				1,
				2,
				{
					"name": "shamrock",
					"origin": [0, 4, 4],
					"color": 0,
					"children": [3, 4, 5, 6, 7]
				}
			]
		}
	]
}