{"credit":"Made with Blockbench","parent":"stack_of_cash","texture_size":[64,64],"textures":{"0":"glorious:item/mc/stack_of_cash"},"elements":[{"from":[5,0,1],"to":[11,4,15],"rotation":{"angle":0,"axis":"y","origin":[0,2,0]},"faces":{"north":{"uv":[3.5,3.5,5,4.5],"texture":"#0"},"east":{"uv":[0,3.5,3.5,4.5],"texture":"#0"},"south":{"uv":[8.5,3.5,10,4.5],"texture":"#0"},"west":{"uv":[5,3.5,8.5,4.5],"texture":"#0"},"up":{"uv":[5,3.5,3.5,0],"texture":"#0"},"down":{"uv":[6.5,0,5,3.5],"texture":"#0"}}},{"from":[4.8,-0.2,5.8],"to":[11.2,4.2,10.2],"rotation":{"angle":0,"axis":"y","origin":[0,2,0]},"faces":{"north":{"uv":[1,5.5,2.5,6.5],"texture":"#0"},"east":{"uv":[0,5.5,1,6.5],"texture":"#0"},"south":{"uv":[3.5,5.5,5,6.5],"texture":"#0"},"west":{"uv":[2.5,5.5,3.5,6.5],"texture":"#0"},"up":{"uv":[2.5,5.5,1,4.5],"texture":"#0"},"down":{"uv":[4,4.5,2.5,5.5],"texture":"#0"}}}],"display":{"thirdperson_righthand":{"rotation":[69.62,73.87,-3.31],"translation":[0,1.25,3],"scale":[0.47422,0.47422,0.47422]},"thirdperson_lefthand":{"translation":[0,2.5,0],"scale":[0.4,0.4,0.4]},"firstperson_righthand":{"rotation":[0,72,0],"translation":[3.75,3,-6.5]},"firstperson_lefthand":{"translation":[3.75,3,0]},"ground":{"translation":[0,2.25,0],"scale":[0.51,0.51,0.51]},"gui":{"rotation":[55.08,-46.37,16.68],"translation":[-0.75,3.5,0],"scale":[0.86328,0.86328,0.86328]},"fixed":{"rotation":[90,90,0],"translation":[0,0,6]}},"groups":[{"name":"bone","origin":[0,0,0],"color":0,"children":[0,1]}]}