{
	"credit": "Made with Blockbench",
	"texture_size": [128, 128],
	"textures": {
		"3": "glorious:item/messy_room/messy_table_3"
	},
	"elements": [
		{
			"from": [2, 0, 28],
			"to": [4, 14, 30],
			"faces": {
				"north": {"uv": [0, 8.75, 0.25, 10.5], "texture": "#3"},
				"east": {"uv": [0.25, 8.75, 0.5, 10.5], "texture": "#3"},
				"south": {"uv": [0.5, 8.75, 0.75, 10.5], "texture": "#3"},
				"west": {"uv": [0.75, 8.75, 1, 10.5], "texture": "#3"},
				"up": {"uv": [6.25, 8, 6, 7.75], "texture": "#3"},
				"down": {"uv": [8.5, 3.5, 8.25, 3.75], "texture": "#3"}
			}
		},
		{
			"from": [28, 0, 28],
			"to": [30, 14, 30],
			"rotation": {"angle": 0, "axis": "y", "origin": [16, 0, 0]},
			"faces": {
				"north": {"uv": [1, 8.75, 1.25, 10.5], "texture": "#3"},
				"east": {"uv": [1.25, 8.75, 1.5, 10.5], "texture": "#3"},
				"south": {"uv": [1.5, 8.75, 1.75, 10.5], "texture": "#3"},
				"west": {"uv": [1.75, 8.75, 2, 10.5], "texture": "#3"},
				"up": {"uv": [4.25, 9, 4, 8.75], "texture": "#3"},
				"down": {"uv": [4.5, 8.75, 4.25, 9], "texture": "#3"}
			}
		},
		{
			"from": [28, 0, 2],
			"to": [30, 14, 4],
			"rotation": {"angle": 0, "axis": "y", "origin": [16, 0, 16]},
			"faces": {
				"north": {"uv": [3, 8.75, 3.25, 10.5], "texture": "#3"},
				"east": {"uv": [3.25, 8.75, 3.5, 10.5], "texture": "#3"},
				"south": {"uv": [3.5, 8.75, 3.75, 10.5], "texture": "#3"},
				"west": {"uv": [3.75, 8.75, 4, 10.5], "texture": "#3"},
				"up": {"uv": [9.75, 1, 9.5, 0.75], "texture": "#3"},
				"down": {"uv": [9.875, 7.75, 9.625, 8], "texture": "#3"}
			}
		},
		{
			"from": [2, 0, 2],
			"to": [4, 14, 4],
			"rotation": {"angle": 0, "axis": "y", "origin": [0, 0, 16]},
			"faces": {
				"north": {"uv": [2, 8.75, 2.25, 10.5], "texture": "#3"},
				"east": {"uv": [2.25, 8.75, 2.5, 10.5], "texture": "#3"},
				"south": {"uv": [2.5, 8.75, 2.75, 10.5], "texture": "#3"},
				"west": {"uv": [2.75, 8.75, 3, 10.5], "texture": "#3"},
				"up": {"uv": [4.75, 9, 4.5, 8.75], "texture": "#3"},
				"down": {"uv": [5, 8.75, 4.75, 9], "texture": "#3"}
			}
		},
		{
			"from": [0.5, 14, 0.5],
			"to": [31.5, 16, 31.5],
			"faces": {
				"north": {"uv": [8.25, 1, 12.125, 1.25], "texture": "#3"},
				"east": {"uv": [8.25, 1.25, 12.125, 1.5], "texture": "#3"},
				"south": {"uv": [8.25, 1.5, 12.125, 1.75], "texture": "#3"},
				"west": {"uv": [8.25, 1.75, 12.125, 2], "texture": "#3"},
				"up": {"uv": [3.875, 3.875, 0, 0], "texture": "#3"},
				"down": {"uv": [3.875, 3.875, 0, 7.75], "texture": "#3"}
			}
		},
		{
			"from": [2.5, 13, 2.5],
			"to": [29.5, 14, 29.5],
			"faces": {
				"north": {"uv": [8.625, 7.625, 12, 7.75], "texture": "#3"},
				"east": {"uv": [8.375, 8.875, 11.75, 9], "texture": "#3"},
				"south": {"uv": [4, 9, 7.375, 9.125], "texture": "#3"},
				"west": {"uv": [7.375, 9, 10.75, 9.125], "texture": "#3"},
				"up": {"uv": [7.25, 3.375, 3.875, 0], "texture": "#3"},
				"down": {"uv": [7.25, 3.375, 3.875, 6.75], "texture": "#3"}
			}
		},
		{
			"from": [4.5, 0, 6.5],
			"to": [14.5, 3, 14.5],
			"rotation": {"angle": 22.5, "axis": "y", "origin": [15.5, 6, 16]},
			"faces": {
				"north": {"uv": [8.25, 2, 9.5, 2.375], "texture": "#3", "tintindex": 0},
				"east": {"uv": [4, 9.125, 5, 9.5], "texture": "#3", "tintindex": 0},
				"south": {"uv": [8.25, 2.375, 9.5, 2.75], "texture": "#3", "tintindex": 0},
				"west": {"uv": [5, 9.125, 6, 9.5], "texture": "#3", "tintindex": 0},
				"up": {"uv": [5.125, 7.75, 3.875, 6.75], "texture": "#3", "tintindex": 0},
				"down": {"uv": [6.375, 6.75, 5.125, 7.75], "texture": "#3", "tintindex": 0}
			}
		},
		{
			"from": [4.12256, 3, 14.43852],
			"to": [12.12256, 6, 24.43852],
			"rotation": {"angle": -45, "axis": "y", "origin": [15.5, 6, 16]},
			"faces": {
				"north": {"uv": [6, 9.125, 7, 9.5], "texture": "#3", "tintindex": 0},
				"east": {"uv": [8.25, 2.75, 9.5, 3.125], "texture": "#3", "tintindex": 0},
				"south": {"uv": [7, 9.125, 8, 9.5], "texture": "#3", "tintindex": 0},
				"west": {"uv": [8.25, 3.125, 9.5, 3.5], "texture": "#3", "tintindex": 0},
				"up": {"uv": [7.375, 8, 6.375, 6.75], "texture": "#3", "tintindex": 0},
				"down": {"uv": [8.25, 0, 7.25, 1.25], "texture": "#3", "tintindex": 0}
			}
		},
		{
			"from": [10.5, 0, 17.5],
			"to": [20.5, 3, 25.5],
			"rotation": {"angle": 22.5, "axis": "y", "origin": [21.5, 6, 16]},
			"faces": {
				"north": {"uv": [8.625, 6.875, 9.875, 7.25], "texture": "#3", "tintindex": 0},
				"east": {"uv": [8, 9.5, 9, 9.875], "texture": "#3", "tintindex": 0},
				"south": {"uv": [8.625, 7.25, 9.875, 7.625], "texture": "#3", "tintindex": 0},
				"west": {"uv": [9, 9.5, 10, 9.875], "texture": "#3", "tintindex": 0},
				"up": {"uv": [7.25, 9, 6, 8], "texture": "#3", "tintindex": 0},
				"down": {"uv": [9.5, 0, 8.25, 1], "texture": "#3", "tintindex": 0}
			}
		},
		{
			"from": [20.28524, 3, 18.64804],
			"to": [28.28524, 6, 28.64804],
			"rotation": {"angle": -45, "axis": "y", "origin": [21.5, 6, 16]},
			"faces": {
				"north": {"uv": [6, 9.5, 7, 9.875], "texture": "#3", "tintindex": 0},
				"east": {"uv": [8.375, 8.5, 9.625, 8.875], "texture": "#3", "tintindex": 0},
				"south": {"uv": [7, 9.5, 8, 9.875], "texture": "#3", "tintindex": 0},
				"west": {"uv": [8.625, 6.5, 9.875, 6.875], "texture": "#3", "tintindex": 0},
				"up": {"uv": [6, 9, 5, 7.75], "texture": "#3", "tintindex": 0},
				"down": {"uv": [8.375, 7.75, 7.375, 9], "texture": "#3", "tintindex": 0}
			}
		},
		{
			"from": [4.5, 6, 6.5],
			"to": [14.5, 9, 14.5],
			"rotation": {"angle": 22.5, "axis": "y", "origin": [15.5, 6, 16]},
			"faces": {
				"north": {"uv": [8.5, 3.5, 9.75, 3.875], "texture": "#3", "tintindex": 0},
				"east": {"uv": [9.5, 0, 10.5, 0.375], "texture": "#3", "tintindex": 0},
				"south": {"uv": [8.5, 3.875, 9.75, 4.25], "texture": "#3", "tintindex": 0},
				"west": {"uv": [9.5, 0.375, 10.5, 0.75], "texture": "#3", "tintindex": 0},
				"up": {"uv": [8.5, 4.75, 7.25, 3.75], "texture": "#3", "tintindex": 0},
				"down": {"uv": [8.5, 4.75, 7.25, 5.75], "texture": "#3", "tintindex": 0}
			}
		},
		{
			"from": [13.85355, 0, 4.86827],
			"to": [23.85355, 3, 12.86827],
			"rotation": {"angle": -22.5, "axis": "y", "origin": [18.5, 6, 17]},
			"faces": {
				"north": {"uv": [8.5, 5.75, 9.75, 6.125], "texture": "#3", "tintindex": 0},
				"east": {"uv": [4, 9.5, 5, 9.875], "texture": "#3", "tintindex": 0},
				"south": {"uv": [8.5, 6.125, 9.75, 6.5], "texture": "#3", "tintindex": 0},
				"west": {"uv": [5, 9.5, 6, 9.875], "texture": "#3", "tintindex": 0},
				"up": {"uv": [3.75, 8.75, 2.5, 7.75], "texture": "#3", "tintindex": 0},
				"down": {"uv": [5, 7.75, 3.75, 8.75], "texture": "#3", "tintindex": 0}
			}
		},
		{
			"from": [16.93852, 3, 5.62256],
			"to": [26.93852, 6, 13.62256],
			"rotation": {"angle": 0, "axis": "y", "origin": [18.5, 6, 17]},
			"faces": {
				"north": {"uv": [8.5, 5, 9.75, 5.375], "texture": "#3", "tintindex": 0},
				"east": {"uv": [9.5, 2.75, 10.5, 3.125], "texture": "#3", "tintindex": 0},
				"south": {"uv": [8.5, 5.375, 9.75, 5.75], "texture": "#3", "tintindex": 0},
				"west": {"uv": [9.5, 3.125, 10.5, 3.5], "texture": "#3", "tintindex": 0},
				"up": {"uv": [1.25, 8.75, 0, 7.75], "texture": "#3", "tintindex": 0},
				"down": {"uv": [2.5, 7.75, 1.25, 8.75], "texture": "#3", "tintindex": 0}
			}
		},
		{
			"from": [13.85355, 6, 4.86827],
			"to": [23.85355, 9, 12.86827],
			"rotation": {"angle": -22.5, "axis": "y", "origin": [18.5, 6, 17]},
			"faces": {
				"north": {"uv": [8.5, 4.25, 9.75, 4.625], "texture": "#3", "tintindex": 0},
				"east": {"uv": [9.5, 2, 10.5, 2.375], "texture": "#3", "tintindex": 0},
				"south": {"uv": [8.5, 4.625, 9.75, 5], "texture": "#3", "tintindex": 0},
				"west": {"uv": [9.5, 2.375, 10.5, 2.75], "texture": "#3", "tintindex": 0},
				"up": {"uv": [8.5, 6.75, 7.25, 5.75], "texture": "#3", "tintindex": 0},
				"down": {"uv": [8.625, 6.75, 7.375, 7.75], "texture": "#3", "tintindex": 0}
			}
		},
		{
			"from": [4.12256, 9, 14.43852],
			"to": [12.12256, 12, 24.43852],
			"rotation": {"angle": -45, "axis": "y", "origin": [15.5, 6, 16]},
			"faces": {
				"north": {"uv": [8, 9.125, 9, 9.5], "texture": "#3", "tintindex": 0},
				"east": {"uv": [8.375, 7.75, 9.625, 8.125], "texture": "#3", "tintindex": 0},
				"south": {"uv": [9, 9.125, 10, 9.5], "texture": "#3", "tintindex": 0},
				"west": {"uv": [8.375, 8.125, 9.625, 8.5], "texture": "#3", "tintindex": 0},
				"up": {"uv": [8.25, 2.5, 7.25, 1.25], "texture": "#3", "tintindex": 0},
				"down": {"uv": [8.25, 2.5, 7.25, 3.75], "texture": "#3", "tintindex": 0}
			}
		}
	],
	"display": {
		"thirdperson_righthand": {
			"rotation": [75, 45, 0],
			"translation": [0, 2.5, 0],
			"scale": [0.375, 0.375, 0.375]
		},
		"thirdperson_lefthand": {
			"rotation": [75, 45, 0],
			"translation": [0, 2.5, 0],
			"scale": [0.375, 0.375, 0.375]
		},
		"firstperson_righthand": {
			"rotation": [0, 45, 0],
			"scale": [0.4, 0.4, 0.4]
		},
		"firstperson_lefthand": {
			"rotation": [0, 225, 0],
			"scale": [0.4, 0.4, 0.4]
		},
		"ground": {
			"translation": [0, 3, 0],
			"scale": [0.25, 0.25, 0.25]
		},
		"gui": {
			"rotation": [30, 225, 0],
			"translation": [3.25, 0, 0],
			"scale": [0.3, 0.3, 0.3]
		},
		"fixed": {
			"rotation": [-90, 0, 0],
			"translation": [0, 0, -16],
			"scale": [2, 2, 2]
		}
	}
}