{
	"credit": "Made with Blockbench",
	"texture_size": [64, 64],
	"textures": {
		"0": "glorious:item/nightclubfurniture/nightclub_ball_discotect",
		"particle": "glorious:item/nightclubfurniture/nightclub_ball_discotect"
	},
	"elements": [
		{
			"from": [7, 16, 7],
			"to": [9, 32, 9],
			"faces": {
				"north": {"uv": [0, 4, 0.5, 8], "texture": "#0"},
				"east": {"uv": [0, 4, 0.5, 8], "texture": "#0"},
				"south": {"uv": [0, 4, 0.5, 8], "texture": "#0"},
				"west": {"uv": [0, 4, 0.5, 8], "texture": "#0"},
				"up": {"uv": [1, 4.5, 0.5, 4], "texture": "#0"}
			}
		},
		{
			"from": [0, 0, 0],
			"to": [16, 16, 16],
			"faces": {
				"north": {"uv": [0, 0, 4, 4], "texture": "#0"},
				"east": {"uv": [0, 0, 4, 4], "texture": "#0"},
				"south": {"uv": [0, 0, 4, 4], "texture": "#0"},
				"west": {"uv": [0, 0, 4, 4], "texture": "#0"},
				"up": {"uv": [8, 4, 4, 0], "texture": "#0"},
				"down": {"uv": [8, 4, 4, 0], "texture": "#0"}
			}
		}
	],
	"gui_light": "front",
	"display": {
		"thirdperson_righthand": {
			"translation": [0, 3, 1],
			"scale": [0.55, 0.55, 0.55]
		},
		"thirdperson_lefthand": {
			"translation": [0, 3, 1],
			"scale": [0.55, 0.55, 0.55]
		},
		"firstperson_righthand": {
			"translation": [0, 3, 1],
			"scale": [0.32, 0.32, 0.32]
		},
		"firstperson_lefthand": {
			"translation": [0, 3, 1],
			"scale": [0.32, 0.32, 0.32]
		},
		"ground": {
			"translation": [0, 2, 0],
			"scale": [0.5, 0.5, 0.5]
		},
		"gui": {
			"rotation": [30, 225, 0],
			"translation": [0, -1.5, 0],
			"scale": [0.3, 0.3, 0.3]
		},
		"head": {
			"rotation": [0, 180, 0],
			"translation": [0, -33, 0],
			"scale": [1.3, 1.3, 1.3]
		},
		"fixed": {
			"rotation": [90, 180, 0],
			"translation": [0, 0, -37],
			"scale": [1.6, 1.6, 1.6]
		}
	}
}