{"groups":[{"name":"Sides","origin":[0,0,0],"color":0,"children":[0,1,2,3,4,5,6,7,8,9,10,11,12,13,14,15,{"name":"carrots","origin":[8,0,8],"color":0,"children":[16,{"name":"carrots_g1","origin":[8,0,8],"color":0,"children":[{"name":"carrot_1","origin":[8.5,3.5,7.5],"color":0,"children":[17,18,19]},{"name":"carrot_2","origin":[8.5,3.5,7.5],"color":0,"children":[20,21,22]},{"name":"carrot_2","origin":[8.5,3.5,7.5],"color":0,"children":[23,24,25]},{"name":"carrot_3","origin":[8.5,3.5,7.5],"color":0,"children":[26]},{"name":"carrot_3","origin":[8.5,3.5,7.5],"color":0,"children":[27]}]},{"name":"carrots_g1","origin":[8,0,8],"color":0,"children":[{"name":"carrot_1","origin":[8.5,3.5,7.5],"color":0,"children":[28,29,30]},{"name":"carrot_2","origin":[8.5,3.5,7.5],"color":0,"children":[31,32,33]},{"name":"carrot_2","origin":[8.5,3.5,7.5],"color":0,"children":[34,35,36]},{"name":"carrot_3","origin":[8.5,3.5,7.5],"color":0,"children":[37]},{"name":"carrot_3","origin":[8.5,3.5,7.5],"color":0,"children":[38]}]},{"name":"carrots_g1","origin":[8,0,8],"color":0,"children":[{"name":"carrot_1","origin":[8.5,3.5,7.5],"color":0,"children":[39,40,41]},{"name":"carrot_2","origin":[8.5,3.5,7.5],"color":0,"children":[42,43,44]},{"name":"carrot_2","origin":[8.5,3.5,7.5],"color":0,"children":[45,46,47]},{"name":"carrot_3","origin":[8.5,3.5,7.5],"color":0,"children":[48]},{"name":"carrot_3","origin":[8.5,3.5,7.5],"color":0,"children":[49]}]},{"name":"carrots_g1","origin":[8,0,8],"color":0,"children":[{"name":"carrot_1","origin":[8.5,3.5,7.5],"color":0,"children":[50,51,52]},{"name":"carrot_2","origin":[8.5,3.5,7.5],"color":0,"children":[53,54,55]},{"name":"carrot_2","origin":[8.5,3.5,7.5],"color":0,"children":[56,57,58]},{"name":"carrot_3","origin":[8.5,3.5,7.5],"color":0,"children":[59]},{"name":"carrot_3","origin":[8.5,3.5,7.5],"color":0,"children":[60]}]}]},61,62,63,64,65]},{"name":"Bottom","origin":[0,0,0],"color":0,"children":[66,67]}],"texture_size":[64,64],"textures":{"1":"custom/blocks/rizaan/village/furniture_crate_default"},"elements":[{"from":[1,12,1],"to":[13,14,3],"rotation":{"angle":0,"axis":"y","origin":[8,0,8]},"faces":{"north":{"uv":[2.5,3.5,5.5,4],"texture":"#1"},"east":{"uv":[0.5,5,1,5.5],"texture":"#1"},"south":{"uv":[4,0,7,0.5],"texture":"#1"},"west":{"uv":[1,5,1.5,5.5],"texture":"#1"},"up":{"uv":[7,1,4,0.5],"texture":"#1"},"down":{"uv":[7,1,4,1.5],"texture":"#1"}}},{"from":[1,0,1],"to":[13,2,3],"rotation":{"angle":0,"axis":"y","origin":[8,0,8]},"faces":{"north":{"uv":[4,1.5,7,2],"texture":"#1"},"east":{"uv":[1.5,5,2,5.5],"texture":"#1"},"south":{"uv":[4,2,7,2.5],"texture":"#1"},"west":{"uv":[2,5,2.5,5.5],"texture":"#1"},"up":{"uv":[5.5,4.5,2.5,4],"texture":"#1"},"down":{"uv":[7,2.5,4,3],"texture":"#1"}}},{"from":[3,2,2],"to":[13,12,3],"rotation":{"angle":0,"axis":"y","origin":[7.5,0,8]},"faces":{"north":{"uv":[2.5,0,0,2.5],"texture":"#1"},"east":{"uv":[0,5,0.25,7.5],"texture":"#1"},"south":{"uv":[0,2.5,2.5,5],"texture":"#1"},"west":{"uv":[0.25,5,0.5,7.5],"texture":"#1"},"up":{"uv":[6.5,3.25,4,3],"texture":"#1"},"down":{"uv":[6.5,3.25,4,3.5],"texture":"#1"}}},{"from":[1,2,1],"to":[3,12,3],"rotation":{"angle":0,"axis":"y","origin":[-2.5,0,7.5]},"faces":{"north":{"uv":[4.5,4.5,4,7],"texture":"#1"},"east":{"uv":[3,4.5,3.5,7],"texture":"#1"},"south":{"uv":[3.5,4.5,4,7],"texture":"#1"},"west":{"uv":[4,4.5,4.5,7],"texture":"#1"},"up":{"uv":[5.5,5,5,4.5],"texture":"#1"},"down":{"uv":[5.5,5,5,5.5],"texture":"#1"}}},{"from":[1.5,2,1.01],"to":[4.5,16.125,2.01],"rotation":{"angle":-45,"axis":"z","origin":[3,2,2]},"faces":{"north":{"uv":[3.25,3.5,2.5,0],"texture":"#1"},"east":{"uv":[5,4.5,4.75,8],"texture":"#1"},"south":{"uv":[4,0,3.25,3.5],"texture":"#1"},"west":{"uv":[4.75,4.5,4.5,8],"texture":"#1"},"up":{"uv":[0.5,5.75,1.25,5.5],"texture":"#1"},"down":{"uv":[1.25,5.5,2,5.75],"texture":"#1"}}},{"from":[0.93144,5.49394,1.135],"to":[15.05644,8.49394,2.135],"rotation":{"angle":-45,"axis":"z","origin":[7.99394,6.99394,1.51]},"faces":{"north":{"uv":[2.5,3.5,3.25,0],"rotation":90,"texture":"#1"},"east":{"uv":[1.25,5.5,2,5.75],"rotation":270,"texture":"#1"},"south":{"uv":[4,0,3.25,3.5],"rotation":270,"texture":"#1"},"west":{"uv":[0.5,5.75,1.25,5.5],"rotation":270,"texture":"#1"},"up":{"uv":[5,4.5,4.75,8],"rotation":270,"texture":"#1"},"down":{"uv":[4.75,4.5,4.5,8],"rotation":270,"texture":"#1"}}},{"from":[13.99,2,11.5],"to":[14.99,16.125,14.5],"rotation":{"angle":-45,"axis":"x","origin":[14,2,13]},"faces":{"north":{"uv":[4.75,4.5,5,8],"texture":"#1"},"east":{"uv":[2.5,3.5,3.25,0],"texture":"#1"},"south":{"uv":[4.5,4.5,4.75,8],"texture":"#1"},"west":{"uv":[3.25,0,4,3.5],"texture":"#1"},"up":{"uv":[1.25,5.75,0.5,5.5],"rotation":90,"texture":"#1"},"down":{"uv":[2,5.5,1.25,5.75],"rotation":270,"texture":"#1"}}},{"from":[13,2,1],"to":[15,12,3],"rotation":{"angle":0,"axis":"y","origin":[8.5,0,-2.5]},"faces":{"north":{"uv":[4,4.5,4.5,7],"texture":"#1"},"east":{"uv":[4.5,4.5,4,7],"texture":"#1"},"south":{"uv":[3,4.5,3.5,7],"texture":"#1"},"west":{"uv":[3.5,4.5,4,7],"texture":"#1"},"up":{"uv":[5.5,5,5,4.5],"rotation":90,"texture":"#1"},"down":{"uv":[5.5,5,5,5.5],"rotation":270,"texture":"#1"}}},{"from":[13,2,3],"to":[14,12,13],"rotation":{"angle":0,"axis":"y","origin":[8,0,7.5]},"faces":{"north":{"uv":[0.25,5,0.5,7.5],"texture":"#1"},"east":{"uv":[0,0,2.5,2.5],"texture":"#1"},"south":{"uv":[0,5,0.25,7.5],"texture":"#1"},"west":{"uv":[0,2.5,2.5,5],"texture":"#1"},"up":{"uv":[6.5,3.25,4,3],"rotation":90,"texture":"#1"},"down":{"uv":[6.5,3.25,4,3.5],"rotation":270,"texture":"#1"}}},{"from":[13,0,1],"to":[15,2,13],"rotation":{"angle":0,"axis":"y","origin":[8,0,8]},"faces":{"north":{"uv":[2,5,2.5,5.5],"texture":"#1"},"east":{"uv":[4,1.5,7,2],"texture":"#1"},"south":{"uv":[1.5,5,2,5.5],"texture":"#1"},"west":{"uv":[4,2,7,2.5],"texture":"#1"},"up":{"uv":[5.5,4.5,2.5,4],"rotation":90,"texture":"#1"},"down":{"uv":[7,2.5,4,3],"rotation":270,"texture":"#1"}}},{"from":[13,12,1],"to":[15,14,13],"rotation":{"angle":0,"axis":"y","origin":[8,0,8]},"faces":{"north":{"uv":[1,5,1.5,5.5],"texture":"#1"},"east":{"uv":[2.5,3.5,5.5,4],"texture":"#1"},"south":{"uv":[0.5,5,1,5.5],"texture":"#1"},"west":{"uv":[4,0,7,0.5],"texture":"#1"},"up":{"uv":[7,1,4,0.5],"rotation":90,"texture":"#1"},"down":{"uv":[7,1,4,1.5],"rotation":270,"texture":"#1"}}},{"from":[6.49394,-0.06856,13.99],"to":[9.49394,14.05644,14.99],"rotation":{"angle":45,"axis":"z","origin":[7.99394,6.99394,14.49]},"faces":{"north":{"uv":[3.25,0,4,3.5],"texture":"#1"},"east":{"uv":[4.75,4.5,5,8],"texture":"#1"},"south":{"uv":[3.25,3.5,2.5,0],"texture":"#1"},"west":{"uv":[4.5,4.5,4.75,8],"texture":"#1"},"up":{"uv":[1.25,5.75,0.5,5.5],"rotation":180,"texture":"#1"},"down":{"uv":[2,5.5,1.25,5.75],"rotation":180,"texture":"#1"}}},{"from":[13,2,13],"to":[15,12,15],"rotation":{"angle":0,"axis":"y","origin":[18.5,0,8.5]},"faces":{"north":{"uv":[3.5,4.5,4,7],"texture":"#1"},"east":{"uv":[4,4.5,4.5,7],"texture":"#1"},"south":{"uv":[4.5,4.5,4,7],"texture":"#1"},"west":{"uv":[3,4.5,3.5,7],"texture":"#1"},"up":{"uv":[5.5,5,5,4.5],"rotation":180,"texture":"#1"},"down":{"uv":[5.5,5,5,5.5],"rotation":180,"texture":"#1"}}},{"from":[3,2,13],"to":[13,12,14],"rotation":{"angle":0,"axis":"y","origin":[8.5,0,8]},"faces":{"north":{"uv":[0,2.5,2.5,5],"texture":"#1"},"east":{"uv":[0.25,5,0.5,7.5],"texture":"#1"},"south":{"uv":[2.5,0,0,2.5],"texture":"#1"},"west":{"uv":[0,5,0.25,7.5],"texture":"#1"},"up":{"uv":[6.5,3.25,4,3],"rotation":180,"texture":"#1"},"down":{"uv":[6.5,3.25,4,3.5],"rotation":180,"texture":"#1"}}},{"from":[3,0,13],"to":[15,2,15],"rotation":{"angle":0,"axis":"y","origin":[8,0,8]},"faces":{"north":{"uv":[4,2,7,2.5],"texture":"#1"},"east":{"uv":[2,5,2.5,5.5],"texture":"#1"},"south":{"uv":[4,1.5,7,2],"texture":"#1"},"west":{"uv":[1.5,5,2,5.5],"texture":"#1"},"up":{"uv":[5.5,4.5,2.5,4],"rotation":180,"texture":"#1"},"down":{"uv":[7,2.5,4,3],"rotation":180,"texture":"#1"}}},{"from":[3,12,13],"to":[15,14,15],"rotation":{"angle":0,"axis":"y","origin":[8,0,8]},"faces":{"north":{"uv":[4,0,7,0.5],"texture":"#1"},"east":{"uv":[1,5,1.5,5.5],"texture":"#1"},"south":{"uv":[2.5,3.5,5.5,4],"texture":"#1"},"west":{"uv":[0.5,5,1,5.5],"texture":"#1"},"up":{"uv":[7,1,4,0.5],"rotation":180,"texture":"#1"},"down":{"uv":[7,1,4,1.5],"rotation":180,"texture":"#1"}}},{"from":[3,12,3],"to":[13,12,13],"rotation":{"angle":0,"axis":"y","origin":[8,0,8]},"faces":{"north":{"uv":[4,0,7,0.5],"texture":"#1"},"east":{"uv":[1,5,1.5,5.5],"texture":"#1"},"south":{"uv":[2.5,3.5,5.5,4],"texture":"#1"},"west":{"uv":[0.5,5,1,5.5],"texture":"#1"},"up":{"uv":[16,5.125,13.5,2.625],"rotation":180,"texture":"#1"},"down":{"uv":[7,1,4,1.5],"rotation":180,"texture":"#1"}}},{"from":[2.07623,10.06761,3],"to":[4.07623,15.06761,5],"rotation":{"angle":45,"axis":"z","origin":[3.07623,15.23428,1.5]},"faces":{"north":{"uv":[13.375,5,12.875,6.25],"texture":"#1"},"east":{"uv":[12.875,5,13.375,6.25],"texture":"#1"},"south":{"uv":[13.375,5,12.875,6.25],"texture":"#1"},"west":{"uv":[12.875,5,13.375,6.25],"texture":"#1"},"up":{"uv":[12.25,5,12.75,5.5],"texture":"#1"},"down":{"uv":[12.25,6.25,12.75,6.75],"texture":"#1"}}},{"from":[1.57623,15.06761,4],"to":[4.57623,18.06761,4],"rotation":{"angle":45,"axis":"z","origin":[3.07623,15.23428,1.5]},"faces":{"north":{"uv":[11.375,5,12.125,5.75],"texture":"#1"},"east":{"uv":[11.375,0.875,12.125,1.625],"texture":"#1"},"south":{"uv":[11.375,5,12.125,5.75],"texture":"#1"},"west":{"uv":[11.375,0.875,12.125,1.625],"texture":"#1"},"up":{"uv":[11.375,0.875,12.125,1.625],"texture":"#1"},"down":{"uv":[11.375,0.875,12.125,1.625],"texture":"#1"}}},{"from":[3.07623,15.06761,2.5],"to":[3.07623,18.06761,5.5],"rotation":{"angle":45,"axis":"z","origin":[3.07623,15.23428,1.5]},"faces":{"north":{"uv":[11.375,0.875,12.125,1.625],"texture":"#1"},"east":{"uv":[11.375,5,12.125,5.75],"texture":"#1"},"south":{"uv":[11.375,0.875,12.125,1.625],"texture":"#1"},"west":{"uv":[11.375,5,12.125,5.75],"texture":"#1"},"up":{"uv":[11.375,0.875,12.125,1.625],"texture":"#1"},"down":{"uv":[11.375,0.875,12.125,1.625],"texture":"#1"}}},{"from":[2.07623,10.06761,11],"to":[4.07623,15.06761,13],"rotation":{"angle":45,"axis":"z","origin":[3.07623,15.23428,12]},"faces":{"north":{"uv":[12.875,6.375,13.375,7.625],"texture":"#1"},"east":{"uv":[13.375,6.375,12.875,7.625],"texture":"#1"},"south":{"uv":[12.875,6.375,13.375,7.625],"texture":"#1"},"west":{"uv":[13.375,6.375,12.875,7.625],"texture":"#1"},"up":{"uv":[12.75,5,12.25,5.5],"texture":"#1"},"down":{"uv":[12.75,1.5,12.25,2],"texture":"#1"}}},{"from":[1.57623,15.06761,12],"to":[4.57623,18.06761,12],"rotation":{"angle":45,"axis":"z","origin":[3.07623,15.23428,12]},"faces":{"north":{"uv":[12.125,5.875,11.375,6.625],"texture":"#1"},"east":{"uv":[12.125,1.75,11.375,2.5],"texture":"#1"},"south":{"uv":[12.125,5.875,11.375,6.625],"texture":"#1"},"west":{"uv":[12.125,1.75,11.375,2.5],"texture":"#1"},"up":{"uv":[12.125,1.75,11.375,2.5],"texture":"#1"},"down":{"uv":[12.125,1.75,11.375,2.5],"texture":"#1"}}},{"from":[3.07623,15.06761,10.5],"to":[3.07623,18.06761,13.5],"rotation":{"angle":45,"axis":"z","origin":[3.07623,15.23428,12]},"faces":{"north":{"uv":[12.125,1.75,11.375,2.5],"texture":"#1"},"east":{"uv":[12.125,5.875,11.375,6.625],"texture":"#1"},"south":{"uv":[12.125,1.75,11.375,2.5],"texture":"#1"},"west":{"uv":[12.125,5.875,11.375,6.625],"texture":"#1"},"up":{"uv":[12.125,1.75,11.375,2.5],"texture":"#1"},"down":{"uv":[12.125,1.75,11.375,2.5],"texture":"#1"}}},{"from":[2.57623,10.06761,7],"to":[4.57623,15.06761,9],"rotation":{"angle":22.5,"axis":"z","origin":[3.57623,15.23428,8]},"faces":{"north":{"uv":[12.875,6.375,13.375,7.625],"texture":"#1"},"east":{"uv":[13.375,6.375,12.875,7.625],"texture":"#1"},"south":{"uv":[12.875,6.375,13.375,7.625],"texture":"#1"},"west":{"uv":[13.375,6.375,12.875,7.625],"texture":"#1"},"up":{"uv":[12.75,5.625,12.25,6.125],"texture":"#1"},"down":{"uv":[12.75,6.25,12.25,6.75],"texture":"#1"}}},{"from":[2.07623,15.06761,8],"to":[5.07623,18.06761,8],"rotation":{"angle":22.5,"axis":"z","origin":[3.57623,15.23428,8]},"faces":{"north":{"uv":[12.125,5.875,11.375,6.625],"texture":"#1"},"east":{"uv":[12.125,1.75,11.375,2.5],"texture":"#1"},"south":{"uv":[12.125,5.875,11.375,6.625],"texture":"#1"},"west":{"uv":[12.125,1.75,11.375,2.5],"texture":"#1"},"up":{"uv":[12.125,1.75,11.375,2.5],"texture":"#1"},"down":{"uv":[12.125,1.75,11.375,2.5],"texture":"#1"}}},{"from":[3.57623,15.06761,6.5],"to":[3.57623,18.06761,9.5],"rotation":{"angle":22.5,"axis":"z","origin":[3.57623,15.23428,8]},"faces":{"north":{"uv":[12.125,1.75,11.375,2.5],"texture":"#1"},"east":{"uv":[12.125,5.875,11.375,6.625],"texture":"#1"},"south":{"uv":[12.125,1.75,11.375,2.5],"texture":"#1"},"west":{"uv":[12.125,5.875,11.375,6.625],"texture":"#1"},"up":{"uv":[12.125,1.75,11.375,2.5],"texture":"#1"},"down":{"uv":[12.125,1.75,11.375,2.5],"texture":"#1"}}},{"from":[1.07623,11.06761,9],"to":[3.07623,16.06761,11],"rotation":{"angle":45,"axis":"z","origin":[2.07623,16.23428,9]},"faces":{"north":{"uv":[12.875,7.75,13.375,9],"texture":"#1"},"east":{"uv":[13.375,7.75,12.875,9],"texture":"#1"},"south":{"uv":[12.875,7.75,13.375,9],"texture":"#1"},"west":{"uv":[13.375,7.75,12.875,9],"texture":"#1"},"up":{"uv":[12.75,6.25,12.25,6.75],"texture":"#1"},"down":{"uv":[12.75,6.25,12.25,6.75],"texture":"#1"}}},{"from":[1.07623,11.06761,5],"to":[3.07623,16.06761,7],"rotation":{"angle":45,"axis":"z","origin":[2.07623,16.23428,5]},"faces":{"north":{"uv":[12.875,7.75,13.375,9],"texture":"#1"},"east":{"uv":[13.375,7.75,12.875,9],"texture":"#1"},"south":{"uv":[12.875,7.75,13.375,9],"texture":"#1"},"west":{"uv":[13.375,7.75,12.875,9],"texture":"#1"},"up":{"uv":[12.75,6.25,12.25,6.75],"texture":"#1"},"down":{"uv":[12.75,6.25,12.25,6.75],"texture":"#1"}}},{"from":[11.42377,10.06761,11],"to":[13.42377,15.06761,13],"rotation":{"angle":-22.5,"axis":"z","origin":[12.42377,15.23428,14.5]},"faces":{"north":{"uv":[13.375,5,12.875,6.25],"texture":"#1"},"east":{"uv":[12.875,5,13.375,6.25],"texture":"#1"},"south":{"uv":[13.375,5,12.875,6.25],"texture":"#1"},"west":{"uv":[12.875,5,13.375,6.25],"texture":"#1"},"up":{"uv":[12.75,5.5,12.25,5],"texture":"#1"},"down":{"uv":[12.75,6.75,12.25,6.25],"texture":"#1"}}},{"from":[10.92377,15.06761,12],"to":[13.92377,18.06761,12],"rotation":{"angle":-22.5,"axis":"z","origin":[12.42377,15.23428,14.5]},"faces":{"north":{"uv":[11.375,5,12.125,5.75],"texture":"#1"},"east":{"uv":[11.375,0.875,12.125,1.625],"texture":"#1"},"south":{"uv":[11.375,5,12.125,5.75],"texture":"#1"},"west":{"uv":[11.375,0.875,12.125,1.625],"texture":"#1"},"up":{"uv":[12.125,1.625,11.375,0.875],"texture":"#1"},"down":{"uv":[12.125,1.625,11.375,0.875],"texture":"#1"}}},{"from":[12.42377,15.06761,10.5],"to":[12.42377,18.06761,13.5],"rotation":{"angle":-22.5,"axis":"z","origin":[12.42377,15.23428,14.5]},"faces":{"north":{"uv":[11.375,0.875,12.125,1.625],"texture":"#1"},"east":{"uv":[11.375,5,12.125,5.75],"texture":"#1"},"south":{"uv":[11.375,0.875,12.125,1.625],"texture":"#1"},"west":{"uv":[11.375,5,12.125,5.75],"texture":"#1"},"up":{"uv":[12.125,1.625,11.375,0.875],"texture":"#1"},"down":{"uv":[12.125,1.625,11.375,0.875],"texture":"#1"}}},{"from":[11.92377,10.06761,3],"to":[13.92377,15.06761,5],"rotation":{"angle":-45,"axis":"z","origin":[12.92377,15.23428,4]},"faces":{"north":{"uv":[12.875,6.375,13.375,7.625],"texture":"#1"},"east":{"uv":[13.375,6.375,12.875,7.625],"texture":"#1"},"south":{"uv":[12.875,6.375,13.375,7.625],"texture":"#1"},"west":{"uv":[13.375,6.375,12.875,7.625],"texture":"#1"},"up":{"uv":[12.25,5.5,12.75,5],"texture":"#1"},"down":{"uv":[12.25,6.75,12.75,6.25],"texture":"#1"}}},{"from":[11.42377,15.06761,4],"to":[14.42377,18.06761,4],"rotation":{"angle":-45,"axis":"z","origin":[12.92377,15.23428,4]},"faces":{"north":{"uv":[12.125,5.875,11.375,6.625],"texture":"#1"},"east":{"uv":[12.125,1.75,11.375,2.5],"texture":"#1"},"south":{"uv":[12.125,5.875,11.375,6.625],"texture":"#1"},"west":{"uv":[12.125,1.75,11.375,2.5],"texture":"#1"},"up":{"uv":[11.375,2.5,12.125,1.75],"texture":"#1"},"down":{"uv":[11.375,2.5,12.125,1.75],"texture":"#1"}}},{"from":[12.92377,15.06761,2.5],"to":[12.92377,18.06761,5.5],"rotation":{"angle":-45,"axis":"z","origin":[12.92377,15.23428,4]},"faces":{"north":{"uv":[12.125,1.75,11.375,2.5],"texture":"#1"},"east":{"uv":[12.125,5.875,11.375,6.625],"texture":"#1"},"south":{"uv":[12.125,1.75,11.375,2.5],"texture":"#1"},"west":{"uv":[12.125,5.875,11.375,6.625],"texture":"#1"},"up":{"uv":[11.375,2.5,12.125,1.75],"texture":"#1"},"down":{"uv":[11.375,2.5,12.125,1.75],"texture":"#1"}}},{"from":[11.92377,10.06761,7],"to":[13.92377,15.06761,9],"rotation":{"angle":-45,"axis":"z","origin":[12.92377,15.23428,8]},"faces":{"north":{"uv":[12.875,6.375,13.375,7.625],"texture":"#1"},"east":{"uv":[13.375,6.375,12.875,7.625],"texture":"#1"},"south":{"uv":[12.875,6.375,13.375,7.625],"texture":"#1"},"west":{"uv":[13.375,6.375,12.875,7.625],"texture":"#1"},"up":{"uv":[12.25,5.5,12.75,5],"texture":"#1"},"down":{"uv":[12.25,6.75,12.75,6.25],"texture":"#1"}}},{"from":[11.42377,15.06761,8],"to":[14.42377,18.06761,8],"rotation":{"angle":-45,"axis":"z","origin":[12.92377,15.23428,8]},"faces":{"north":{"uv":[12.125,5.875,11.375,6.625],"texture":"#1"},"east":{"uv":[12.125,1.75,11.375,2.5],"texture":"#1"},"south":{"uv":[12.125,5.875,11.375,6.625],"texture":"#1"},"west":{"uv":[12.125,1.75,11.375,2.5],"texture":"#1"},"up":{"uv":[11.375,2.5,12.125,1.75],"texture":"#1"},"down":{"uv":[11.375,2.5,12.125,1.75],"texture":"#1"}}},{"from":[12.92377,15.06761,6.5],"to":[12.92377,18.06761,9.5],"rotation":{"angle":-45,"axis":"z","origin":[12.92377,15.23428,8]},"faces":{"north":{"uv":[12.125,1.75,11.375,2.5],"texture":"#1"},"east":{"uv":[12.125,5.875,11.375,6.625],"texture":"#1"},"south":{"uv":[12.125,1.75,11.375,2.5],"texture":"#1"},"west":{"uv":[12.125,5.875,11.375,6.625],"texture":"#1"},"up":{"uv":[11.375,2.5,12.125,1.75],"texture":"#1"},"down":{"uv":[11.375,2.5,12.125,1.75],"texture":"#1"}}},{"from":[12.92377,11.06761,5],"to":[14.92377,16.06761,7],"rotation":{"angle":-45,"axis":"z","origin":[13.92377,16.23428,7]},"faces":{"north":{"uv":[12.875,7.75,13.375,9],"texture":"#1"},"east":{"uv":[13.375,7.75,12.875,9],"texture":"#1"},"south":{"uv":[12.875,7.75,13.375,9],"texture":"#1"},"west":{"uv":[13.375,7.75,12.875,9],"texture":"#1"},"up":{"uv":[12.25,6.75,12.75,6.25],"texture":"#1"},"down":{"uv":[12.25,6.75,12.75,6.25],"texture":"#1"}}},{"from":[12.92377,11.06761,9],"to":[14.92377,16.06761,11],"rotation":{"angle":-45,"axis":"z","origin":[13.92377,16.23428,11]},"faces":{"north":{"uv":[12.875,7.75,13.375,9],"texture":"#1"},"east":{"uv":[13.375,7.75,12.875,9],"texture":"#1"},"south":{"uv":[12.875,7.75,13.375,9],"texture":"#1"},"west":{"uv":[13.375,7.75,12.875,9],"texture":"#1"},"up":{"uv":[12.25,6.75,12.75,6.25],"texture":"#1"},"down":{"uv":[12.25,6.75,12.75,6.25],"texture":"#1"}}},{"from":[8.92377,11.06761,3],"to":[10.92377,16.06761,5],"rotation":{"angle":-22.5,"axis":"z","origin":[9.92377,16.23428,1.5]},"faces":{"north":{"uv":[12.875,5,13.375,6.25],"texture":"#1"},"east":{"uv":[13.375,5,12.875,6.25],"texture":"#1"},"south":{"uv":[12.875,5,13.375,6.25],"texture":"#1"},"west":{"uv":[13.375,5,12.875,6.25],"texture":"#1"},"up":{"uv":[12.75,5,12.25,5.5],"texture":"#1"},"down":{"uv":[12.75,6.25,12.25,6.75],"texture":"#1"}}},{"from":[8.42377,16.06761,4],"to":[11.42377,19.06761,4],"rotation":{"angle":-22.5,"axis":"z","origin":[9.92377,16.23428,1.5]},"faces":{"north":{"uv":[12.125,5,11.375,5.75],"texture":"#1"},"east":{"uv":[12.125,0.875,11.375,1.625],"texture":"#1"},"south":{"uv":[12.125,5,11.375,5.75],"texture":"#1"},"west":{"uv":[12.125,0.875,11.375,1.625],"texture":"#1"},"up":{"uv":[12.125,0.875,11.375,1.625],"texture":"#1"},"down":{"uv":[12.125,0.875,11.375,1.625],"texture":"#1"}}},{"from":[9.92377,16.06761,2.5],"to":[9.92377,19.06761,5.5],"rotation":{"angle":-22.5,"axis":"z","origin":[9.92377,16.23428,1.5]},"faces":{"north":{"uv":[12.125,0.875,11.375,1.625],"texture":"#1"},"east":{"uv":[12.125,5,11.375,5.75],"texture":"#1"},"south":{"uv":[12.125,0.875,11.375,1.625],"texture":"#1"},"west":{"uv":[12.125,5,11.375,5.75],"texture":"#1"},"up":{"uv":[12.125,0.875,11.375,1.625],"texture":"#1"},"down":{"uv":[12.125,0.875,11.375,1.625],"texture":"#1"}}},{"from":[8.92377,11.06761,11],"to":[10.92377,16.06761,13],"rotation":{"angle":-22.5,"axis":"z","origin":[9.92377,16.23428,12]},"faces":{"north":{"uv":[13.375,6.375,12.875,7.625],"texture":"#1"},"east":{"uv":[12.875,6.375,13.375,7.625],"texture":"#1"},"south":{"uv":[13.375,6.375,12.875,7.625],"texture":"#1"},"west":{"uv":[12.875,6.375,13.375,7.625],"texture":"#1"},"up":{"uv":[12.25,5.625,12.75,6.125],"texture":"#1"},"down":{"uv":[12.25,6.25,12.75,6.75],"texture":"#1"}}},{"from":[8.42377,16.06761,12],"to":[11.42377,19.06761,12],"rotation":{"angle":-22.5,"axis":"z","origin":[9.92377,16.23428,12]},"faces":{"north":{"uv":[11.375,5.875,12.125,6.625],"texture":"#1"},"east":{"uv":[11.375,1.75,12.125,2.5],"texture":"#1"},"south":{"uv":[11.375,5.875,12.125,6.625],"texture":"#1"},"west":{"uv":[11.375,1.75,12.125,2.5],"texture":"#1"},"up":{"uv":[11.375,1.75,12.125,2.5],"texture":"#1"},"down":{"uv":[11.375,1.75,12.125,2.5],"texture":"#1"}}},{"from":[9.92377,16.06761,10.5],"to":[9.92377,19.06761,13.5],"rotation":{"angle":-22.5,"axis":"z","origin":[9.92377,16.23428,12]},"faces":{"north":{"uv":[11.375,1.75,12.125,2.5],"texture":"#1"},"east":{"uv":[11.375,5.875,12.125,6.625],"texture":"#1"},"south":{"uv":[11.375,1.75,12.125,2.5],"texture":"#1"},"west":{"uv":[11.375,5.875,12.125,6.625],"texture":"#1"},"up":{"uv":[11.375,1.75,12.125,2.5],"texture":"#1"},"down":{"uv":[11.375,1.75,12.125,2.5],"texture":"#1"}}},{"from":[8.42377,11.06761,7],"to":[10.42377,16.06761,9],"rotation":{"angle":0,"axis":"z","origin":[9.42377,16.23428,8]},"faces":{"north":{"uv":[13.375,6.375,12.875,7.625],"texture":"#1"},"east":{"uv":[12.875,6.375,13.375,7.625],"texture":"#1"},"south":{"uv":[13.375,6.375,12.875,7.625],"texture":"#1"},"west":{"uv":[12.875,6.375,13.375,7.625],"texture":"#1"},"up":{"uv":[12.25,5,12.75,5.5],"texture":"#1"},"down":{"uv":[12.25,6.25,12.75,6.75],"texture":"#1"}}},{"from":[7.92377,16.06761,8],"to":[10.92377,19.06761,8],"rotation":{"angle":0,"axis":"z","origin":[9.42377,16.23428,8]},"faces":{"north":{"uv":[11.375,5.875,12.125,6.625],"texture":"#1"},"east":{"uv":[11.375,1.75,12.125,2.5],"texture":"#1"},"south":{"uv":[11.375,5.875,12.125,6.625],"texture":"#1"},"west":{"uv":[11.375,1.75,12.125,2.5],"texture":"#1"},"up":{"uv":[11.375,1.75,12.125,2.5],"texture":"#1"},"down":{"uv":[11.375,1.75,12.125,2.5],"texture":"#1"}}},{"from":[9.42377,16.06761,6.5],"to":[9.42377,19.06761,9.5],"rotation":{"angle":0,"axis":"z","origin":[9.42377,16.23428,8]},"faces":{"north":{"uv":[11.375,1.75,12.125,2.5],"texture":"#1"},"east":{"uv":[11.375,5.875,12.125,6.625],"texture":"#1"},"south":{"uv":[11.375,1.75,12.125,2.5],"texture":"#1"},"west":{"uv":[11.375,5.875,12.125,6.625],"texture":"#1"},"up":{"uv":[11.375,1.75,12.125,2.5],"texture":"#1"},"down":{"uv":[11.375,1.75,12.125,2.5],"texture":"#1"}}},{"from":[8.90328,12.2706,9],"to":[10.90328,17.2706,11],"rotation":{"angle":-22.5,"axis":"z","origin":[9.90328,14.7706,10]},"faces":{"north":{"uv":[13.375,7.75,12.875,9],"rotation":180,"texture":"#1"},"east":{"uv":[12.875,7.75,13.375,9],"rotation":180,"texture":"#1"},"south":{"uv":[13.375,7.75,12.875,9],"rotation":180,"texture":"#1"},"west":{"uv":[12.875,7.75,13.375,9],"rotation":180,"texture":"#1"},"up":{"uv":[12.25,6.25,12.75,6.75],"rotation":180,"texture":"#1"},"down":{"uv":[12.25,6.25,12.75,6.75],"rotation":180,"texture":"#1"}}},{"from":[7.40328,13.7706,5],"to":[12.40328,15.7706,7],"rotation":{"angle":22.5,"axis":"z","origin":[9.90328,14.7706,6]},"faces":{"north":{"uv":[13.375,7.75,12.875,9],"rotation":90,"texture":"#1"},"east":{"uv":[12.25,6.25,12.75,6.75],"rotation":270,"texture":"#1"},"south":{"uv":[13.375,7.75,12.875,9],"rotation":270,"texture":"#1"},"west":{"uv":[12.25,6.25,12.75,6.75],"rotation":270,"texture":"#1"},"up":{"uv":[12.875,7.75,13.375,9],"rotation":270,"texture":"#1"},"down":{"uv":[12.875,7.75,13.375,9],"rotation":270,"texture":"#1"}}},{"from":[5.57623,10.06761,11],"to":[7.57623,15.06761,13],"rotation":{"angle":22.5,"axis":"z","origin":[6.57623,15.23428,14.5]},"faces":{"north":{"uv":[12.875,5,13.375,6.25],"texture":"#1"},"east":{"uv":[13.375,5,12.875,6.25],"texture":"#1"},"south":{"uv":[12.875,5,13.375,6.25],"texture":"#1"},"west":{"uv":[13.375,5,12.875,6.25],"texture":"#1"},"up":{"uv":[12.25,5.5,12.75,5],"texture":"#1"},"down":{"uv":[12.25,6.75,12.75,6.25],"texture":"#1"}}},{"from":[5.07623,15.06761,12],"to":[8.07623,18.06761,12],"rotation":{"angle":22.5,"axis":"z","origin":[6.57623,15.23428,14.5]},"faces":{"north":{"uv":[12.125,5,11.375,5.75],"texture":"#1"},"east":{"uv":[12.125,0.875,11.375,1.625],"texture":"#1"},"south":{"uv":[12.125,5,11.375,5.75],"texture":"#1"},"west":{"uv":[12.125,0.875,11.375,1.625],"texture":"#1"},"up":{"uv":[11.375,1.625,12.125,0.875],"texture":"#1"},"down":{"uv":[11.375,1.625,12.125,0.875],"texture":"#1"}}},{"from":[6.57623,15.06761,10.5],"to":[6.57623,18.06761,13.5],"rotation":{"angle":22.5,"axis":"z","origin":[6.57623,15.23428,14.5]},"faces":{"north":{"uv":[12.125,0.875,11.375,1.625],"texture":"#1"},"east":{"uv":[12.125,5,11.375,5.75],"texture":"#1"},"south":{"uv":[12.125,0.875,11.375,1.625],"texture":"#1"},"west":{"uv":[12.125,5,11.375,5.75],"texture":"#1"},"up":{"uv":[11.375,1.625,12.125,0.875],"texture":"#1"},"down":{"uv":[11.375,1.625,12.125,0.875],"texture":"#1"}}},{"from":[5.07623,11.06761,3],"to":[7.07623,16.06761,5],"rotation":{"angle":22.5,"axis":"z","origin":[6.07623,16.23428,4]},"faces":{"north":{"uv":[13.375,6.375,12.875,7.625],"texture":"#1"},"east":{"uv":[12.875,6.375,13.375,7.625],"texture":"#1"},"south":{"uv":[13.375,6.375,12.875,7.625],"texture":"#1"},"west":{"uv":[12.875,6.375,13.375,7.625],"texture":"#1"},"up":{"uv":[12.75,6.125,12.25,5.625],"texture":"#1"},"down":{"uv":[12.75,6.75,12.25,6.25],"texture":"#1"}}},{"from":[4.57623,16.06761,4],"to":[7.57623,19.06761,4],"rotation":{"angle":22.5,"axis":"z","origin":[6.07623,16.23428,4]},"faces":{"north":{"uv":[11.375,5.875,12.125,6.625],"texture":"#1"},"east":{"uv":[11.375,1.75,12.125,2.5],"texture":"#1"},"south":{"uv":[11.375,5.875,12.125,6.625],"texture":"#1"},"west":{"uv":[11.375,1.75,12.125,2.5],"texture":"#1"},"up":{"uv":[12.125,2.5,11.375,1.75],"texture":"#1"},"down":{"uv":[12.125,2.5,11.375,1.75],"texture":"#1"}}},{"from":[6.07623,16.06761,2.5],"to":[6.07623,19.06761,5.5],"rotation":{"angle":22.5,"axis":"z","origin":[6.07623,16.23428,4]},"faces":{"north":{"uv":[11.375,1.75,12.125,2.5],"texture":"#1"},"east":{"uv":[11.375,5.875,12.125,6.625],"texture":"#1"},"south":{"uv":[11.375,1.75,12.125,2.5],"texture":"#1"},"west":{"uv":[11.375,5.875,12.125,6.625],"texture":"#1"},"up":{"uv":[12.125,2.5,11.375,1.75],"texture":"#1"},"down":{"uv":[12.125,2.5,11.375,1.75],"texture":"#1"}}},{"from":[5.07623,11.06761,7],"to":[7.07623,16.06761,9],"rotation":{"angle":22.5,"axis":"z","origin":[6.07623,16.23428,8]},"faces":{"north":{"uv":[13.375,6.375,12.875,7.625],"texture":"#1"},"east":{"uv":[12.875,6.375,13.375,7.625],"texture":"#1"},"south":{"uv":[13.375,6.375,12.875,7.625],"texture":"#1"},"west":{"uv":[12.875,6.375,13.375,7.625],"texture":"#1"},"up":{"uv":[12.75,5.5,12.25,5],"texture":"#1"},"down":{"uv":[12.75,6.75,12.25,6.25],"texture":"#1"}}},{"from":[4.57623,16.06761,8],"to":[7.57623,19.06761,8],"rotation":{"angle":22.5,"axis":"z","origin":[6.07623,16.23428,8]},"faces":{"north":{"uv":[11.375,5.875,12.125,6.625],"texture":"#1"},"east":{"uv":[11.375,1.75,12.125,2.5],"texture":"#1"},"south":{"uv":[11.375,5.875,12.125,6.625],"texture":"#1"},"west":{"uv":[11.375,1.75,12.125,2.5],"texture":"#1"},"up":{"uv":[12.125,2.5,11.375,1.75],"texture":"#1"},"down":{"uv":[12.125,2.5,11.375,1.75],"texture":"#1"}}},{"from":[6.07623,16.06761,6.5],"to":[6.07623,19.06761,9.5],"rotation":{"angle":22.5,"axis":"z","origin":[6.07623,16.23428,8]},"faces":{"north":{"uv":[11.375,1.75,12.125,2.5],"texture":"#1"},"east":{"uv":[11.375,5.875,12.125,6.625],"texture":"#1"},"south":{"uv":[11.375,1.75,12.125,2.5],"texture":"#1"},"west":{"uv":[11.375,5.875,12.125,6.625],"texture":"#1"},"up":{"uv":[12.125,2.5,11.375,1.75],"texture":"#1"},"down":{"uv":[12.125,2.5,11.375,1.75],"texture":"#1"}}},{"from":[4.07623,12.06761,5],"to":[6.07623,17.06761,7],"rotation":{"angle":22.5,"axis":"z","origin":[5.07623,17.23428,7]},"faces":{"north":{"uv":[13.375,7.75,12.875,9],"texture":"#1"},"east":{"uv":[12.875,7.75,13.375,9],"texture":"#1"},"south":{"uv":[13.375,7.75,12.875,9],"texture":"#1"},"west":{"uv":[12.875,7.75,13.375,9],"texture":"#1"},"up":{"uv":[12.75,6.75,12.25,6.25],"texture":"#1"},"down":{"uv":[12.75,6.75,12.25,6.25],"texture":"#1"}}},{"from":[3.59672,13.7706,9],"to":[8.59672,15.7706,11],"rotation":{"angle":22.5,"axis":"z","origin":[6.09672,14.7706,10]},"faces":{"north":{"uv":[12.875,9,13.375,7.75],"rotation":90,"texture":"#1"},"east":{"uv":[12.75,6.75,12.25,6.25],"rotation":90,"texture":"#1"},"south":{"uv":[12.875,9,13.375,7.75],"rotation":270,"texture":"#1"},"west":{"uv":[12.75,6.75,12.25,6.25],"rotation":90,"texture":"#1"},"up":{"uv":[12.875,7.75,13.375,9],"rotation":90,"texture":"#1"},"down":{"uv":[12.875,7.75,13.375,9],"rotation":90,"texture":"#1"}}},{"from":[1.01,2,1.5],"to":[2.01,16.125,4.5],"rotation":{"angle":45,"axis":"x","origin":[2,2,3]},"faces":{"north":{"uv":[4.5,4.5,4.75,8],"texture":"#1"},"east":{"uv":[3.25,0,4,3.5],"texture":"#1"},"south":{"uv":[4.75,4.5,5,8],"texture":"#1"},"west":{"uv":[2.5,3.5,3.25,0],"texture":"#1"},"up":{"uv":[1.25,5.75,0.5,5.5],"rotation":270,"texture":"#1"},"down":{"uv":[2,5.5,1.25,5.75],"rotation":90,"texture":"#1"}}},{"from":[1,2,13],"to":[3,12,15],"rotation":{"angle":0,"axis":"y","origin":[7.5,0,18.5]},"faces":{"north":{"uv":[3,4.5,3.5,7],"texture":"#1"},"east":{"uv":[3.5,4.5,4,7],"texture":"#1"},"south":{"uv":[4,4.5,4.5,7],"texture":"#1"},"west":{"uv":[4.5,4.5,4,7],"texture":"#1"},"up":{"uv":[5.5,5,5,4.5],"rotation":270,"texture":"#1"},"down":{"uv":[5.5,5,5,5.5],"rotation":90,"texture":"#1"}}},{"from":[2,2,3],"to":[3,12,13],"rotation":{"angle":0,"axis":"y","origin":[8,0,8.5]},"faces":{"north":{"uv":[0,5,0.25,7.5],"texture":"#1"},"east":{"uv":[0,2.5,2.5,5],"texture":"#1"},"south":{"uv":[0.25,5,0.5,7.5],"texture":"#1"},"west":{"uv":[0,0,2.5,2.5],"texture":"#1"},"up":{"uv":[6.5,3.25,4,3],"rotation":270,"texture":"#1"},"down":{"uv":[6.5,3.25,4,3.5],"rotation":90,"texture":"#1"}}},{"from":[1,0,3],"to":[3,2,15],"rotation":{"angle":0,"axis":"y","origin":[8,0,8]},"faces":{"north":{"uv":[1.5,5,2,5.5],"texture":"#1"},"east":{"uv":[4,2,7,2.5],"texture":"#1"},"south":{"uv":[2,5,2.5,5.5],"texture":"#1"},"west":{"uv":[4,1.5,7,2],"texture":"#1"},"up":{"uv":[5.5,4.5,2.5,4],"rotation":270,"texture":"#1"},"down":{"uv":[7,2.5,4,3],"rotation":90,"texture":"#1"}}},{"from":[1,12,3],"to":[3,14,15],"rotation":{"angle":0,"axis":"y","origin":[8,0,8]},"faces":{"north":{"uv":[0.5,5,1,5.5],"texture":"#1"},"east":{"uv":[4,0,7,0.5],"texture":"#1"},"south":{"uv":[1,5,1.5,5.5],"texture":"#1"},"west":{"uv":[2.5,3.5,5.5,4],"texture":"#1"},"up":{"uv":[7,1,4,0.5],"rotation":270,"texture":"#1"},"down":{"uv":[7,1,4,1.5],"rotation":90,"texture":"#1"}}},{"from":[3,1,3],"to":[13,2,13],"rotation":{"angle":0,"axis":"y","origin":[15,7,8.5]},"faces":{"north":{"uv":[0,5,0.25,7.5],"rotation":90,"texture":"#1"},"east":{"uv":[6.5,3.25,4,3.5],"texture":"#1"},"south":{"uv":[0.25,5,0.5,7.5],"rotation":270,"texture":"#1"},"west":{"uv":[6.5,3.25,4,3],"rotation":180,"texture":"#1"},"up":{"uv":[0,2.5,2.5,5],"rotation":270,"texture":"#1"},"down":{"uv":[0,0,2.5,2.5],"rotation":270,"texture":"#1"}}},{"from":[-1.125,0.01,1.5],"to":[13,1.01,4.5],"rotation":{"angle":45,"axis":"y","origin":[13,1,3]},"faces":{"north":{"uv":[4.5,4.5,4.75,8],"rotation":90,"texture":"#1"},"east":{"uv":[2,5.5,1.25,5.75],"texture":"#1"},"south":{"uv":[4.75,4.5,5,8],"rotation":270,"texture":"#1"},"west":{"uv":[1.25,5.75,0.5,5.5],"rotation":180,"texture":"#1"},"up":{"uv":[3.25,0,4,3.5],"rotation":270,"texture":"#1"},"down":{"uv":[2.5,0,3.25,3.5],"rotation":270,"texture":"#1"}}}],"display":{"thirdperson_righthand":{"rotation":[75,45,0],"translation":[0,2.5,0],"scale":[0.375,0.375,0.375]},"thirdperson_lefthand":{"rotation":[75,45,0],"translation":[0,2.5,0],"scale":[0.375,0.375,0.375]},"firstperson_righthand":{"rotation":[0,45,0],"translation":[0,3,0],"scale":[0.4,0.4,0.4]},"firstperson_lefthand":{"rotation":[0,225,0],"translation":[0,3,0],"scale":[0.4,0.4,0.4]},"ground":{"translation":[0,0.75,0],"scale":[0.5,0.5,0.5]},"gui":{"rotation":[30,225,0],"scale":[0.625,0.625,0.625]},"fixed":{"rotation":[-90,0,0],"translation":[0,0,-15],"scale":[2,2,2]}}}