{"textures":{"0":"glorious:entity/nocsy_cat3"},"elements":[{"from":[7.142857,7.142857,7.428571],"to":[8.857143,8.857143,10.857143],"rotation":{"angle":0.0,"axis":"y","origin":[8.0,8.0,9.428572]},"faces":{"east":{"uv":[7.5,5.25,9.0,6.0],"rotation":0,"texture":"#0","tintindex":0},"south":{"uv":[0.0,10.5,0.75,11.25],"rotation":0,"texture":"#0","tintindex":0},"north":{"uv":[10.0,10.25,10.75,11.0],"rotation":0,"texture":"#0","tintindex":0},"west":{"uv":[7.75,0.0,9.25,0.75],"rotation":0,"texture":"#0","tintindex":0},"up":{"uv":[3.25,8.75,2.5,7.25],"rotation":0,"texture":"#0","tintindex":0},"down":{"uv":[8.5,1.0,7.75,2.5],"rotation":0,"texture":"#0","tintindex":0}}}],"display":{"head":{"translation":[0.0,-6.4,0.0],"scale":[4.0,4.0,4.0]}}}