{"credit":"MadewithBlockbench","texture_size":[32,32],"textures":{"1":"glorious:item/grapple/grapple_gun_hook","particle":"glorious:item/grapple/grapple_gun_hook"},"elements":[{"from":[7.19,0.81,10.16],"to":[8.81,4.32,12.32],"rotation":{"angle":0,"axis":"y","origin":[3.95,0,12.32]},"faces":{"north":{"uv":[0.75,9,0,10.75],"texture":"#1"},"east":{"uv":[5.625,3,4.5,4.75],"texture":"#1"},"south":{"uv":[9.25,7.5,8.5,9.25],"texture":"#1"},"west":{"uv":[5.625,5,4.5,6.75],"texture":"#1"},"up":{"uv":[7.75,9,7,10.125],"texture":"#1"},"down":{"uv":[10.25,2.125,9.5,1],"texture":"#1"}}},{"from":[7.055,0,10.025],"to":[8.945,0.81,12.455],"rotation":{"angle":0,"axis":"y","origin":[3.95,0,12.32]},"faces":{"north":{"uv":[2,11,1,11.375],"texture":"#1"},"east":{"uv":[11.75,7.5,10.5,7.875],"texture":"#1"},"south":{"uv":[11.5,8.5,10.5,8.875],"texture":"#1"},"west":{"uv":[11.75,8,10.5,8.375],"texture":"#1"},"up":{"uv":[9.5,4.5,8.5,5.75],"texture":"#1"},"down":{"uv":[4,10.25,3,9],"texture":"#1"}}},{"from":[6.88,3.85045,9.72998],"to":[9.12,6.94045,12.81998],"rotation":{"angle":0,"axis":"y","origin":[8,5.82795,10.19498]},"faces":{"north":{"uv":[7.125,4.5,6,6],"texture":"#1"},"east":{"uv":[6,0,4.5,1.5],"texture":"#1"},"south":{"uv":[7.125,3,6,4.5],"texture":"#1"},"west":{"uv":[6,1.5,4.5,3],"texture":"#1"},"up":{"uv":[7.125,6,6,7.5],"texture":"#1"},"down":{"uv":[5.625,8.5,4.5,7],"texture":"#1"}}},{"from":[7.015,4.39045,8.60998],"to":[8.985,7.21045,11.44998],"rotation":{"angle":0,"axis":"y","origin":[8,5.82795,10.19498]},"faces":{"north":{"uv":[9.5,1.5,8.5,2.875],"texture":"#1"},"east":{"uv":[7.375,0,6,1.375],"texture":"#1"},"south":{"uv":[9.5,0,8.5,1.375],"texture":"#1"},"west":{"uv":[7.375,1.5,6,2.875],"texture":"#1"},"up":{"uv":[9.5,3,8.5,4.375],"texture":"#1"},"down":{"uv":[5.5,9.875,4.5,8.5],"texture":"#1"}}},{"from":[7.365,4.79045,6.10998],"to":[8.635,6.96045,8.59998],"rotation":{"angle":0,"axis":"y","origin":[8,5.82795,10.19498]},"faces":{"north":{"uv":[10.625,9,10,10.125],"texture":"#1"},"east":{"uv":[8.75,6,7.5,7.125],"texture":"#1"},"south":{"uv":[5.125,10,4.5,11.125],"texture":"#1"},"west":{"uv":[8.25,7.5,7,8.625],"texture":"#1"},"up":{"uv":[10.125,3,9.5,4.25],"texture":"#1"},"down":{"uv":[10.125,5.75,9.5,4.5],"texture":"#1"}}},{"from":[7.615,5.39045,6.10998],"to":[8.885,6.31045,8.59998],"rotation":{"angle":0,"axis":"y","origin":[8,5.82795,10.19498]},"faces":{"north":{"uv":[11.625,6,11,6.5],"texture":"#1"},"east":{"uv":[11.75,2,10.5,2.5],"texture":"#1"},"south":{"uv":[6.625,11,6,11.5],"texture":"#1"},"west":{"uv":[11.75,3,10.5,3.5],"texture":"#1"},"up":{"uv":[6.625,9.5,6,10.75],"texture":"#1"},"down":{"uv":[10.125,8.75,9.5,7.5],"texture":"#1"}}},{"from":[7.115,5.39045,6.10998],"to":[8.385,6.31045,8.59998],"rotation":{"angle":0,"axis":"y","origin":[8,5.82795,10.19498]},"faces":{"north":{"uv":[7.625,11,7,11.5],"texture":"#1"},"east":{"uv":[11.75,3.5,10.5,4],"texture":"#1"},"south":{"uv":[11.625,6.5,11,7],"texture":"#1"},"west":{"uv":[11.75,4,10.5,4.5],"texture":"#1"},"up":{"uv":[8.625,9.5,8,10.75],"texture":"#1"},"down":{"uv":[9.625,10.75,9,9.5],"texture":"#1"}}},{"from":[7.015,6.29045,3.10998],"to":[8.985,7.36045,6.44998],"rotation":{"angle":0,"axis":"y","origin":[8,5.82795,10.19498]},"faces":{"north":{"uv":[8,10.5,7,11],"texture":"#1"},"east":{"uv":[10.625,7,9,7.5],"texture":"#1"},"south":{"uv":[8,10.5,7,11],"texture":"#1"},"west":{"uv":[11.125,2.5,9.5,3],"texture":"#1"},"up":{"uv":[8.5,0,7.5,1.625],"texture":"#1"},"down":{"uv":[8.5,3.625,7.5,2],"texture":"#1"}}},{"from":[7.165,5.29045,2.70998],"to":[8.885,6.46045,6.09998],"rotation":{"angle":0,"axis":"y","origin":[8,5.82795,10.19498]},"faces":{"north":{"uv":[11.375,4.5,10.5,5.125],"texture":"#1"},"east":{"uv":[10.75,6,9,6.625],"texture":"#1"},"south":{"uv":[3.875,10.5,3,11.125],"texture":"#1"},"west":{"uv":[11.25,0,9.5,0.625],"texture":"#1"},"up":{"uv":[8.375,4,7.5,5.75],"texture":"#1"},"down":{"uv":[6.875,9.25,6,7.5],"texture":"#1"}}},{"from":[7.415,5.29045,1.20998],"to":[8.635,6.46045,1.79998],"rotation":{"angle":0,"axis":"y","origin":[8,5.82795,10.19498]},"faces":{"north":{"uv":[0.625,11,0,11.625],"texture":"#1"},"east":{"uv":[3.25,11.5,3,12.125],"texture":"#1"},"south":{"uv":[10.625,10.5,10,11.125],"texture":"#1"},"west":{"uv":[3.75,11.5,3.5,12.125],"texture":"#1"},"up":{"uv":[12.125,4.5,11.5,4.75],"texture":"#1"},"down":{"uv":[12.125,5.25,11.5,5],"texture":"#1"}}},{"from":[7.665,5.54045,1.40998],"to":[8.385,6.21045,2.79998],"rotation":{"angle":0,"axis":"y","origin":[8,5.82795,10.19498]},"faces":{"north":{"uv":[6.875,11.5,6.5,11.875],"texture":"#1"},"east":{"uv":[9.75,11,9,11.375],"texture":"#1"},"south":{"uv":[11.875,5.5,11.5,5.875],"texture":"#1"},"west":{"uv":[11.75,9,11,9.375],"texture":"#1"},"up":{"uv":[11.375,9.5,11,10.25],"texture":"#1"},"down":{"uv":[11.375,11.25,11,10.5],"texture":"#1"}}},{"from":[7.765,5.64045,-0.69002],"to":[8.285,6.11045,1.39998],"rotation":{"angle":0,"axis":"y","origin":[8,5.82795,10.19498]},"faces":{"north":{"uv":[11.75,9.5,11.5,9.75],"texture":"#1"},"east":{"uv":[12.625,0,11.5,0.25],"texture":"#1"},"south":{"uv":[9.75,11.5,9.5,11.75],"texture":"#1"},"west":{"uv":[12.625,0.5,11.5,0.75],"texture":"#1"},"up":{"uv":[1.25,11.5,1,12.625],"texture":"#1"},"down":{"uv":[1.75,12.625,1.5,11.5],"texture":"#1"}}},{"from":[7.665,5.54045,-0.79002],"to":[8.385,6.21045,-0.60002],"rotation":{"angle":0,"axis":"y","origin":[8,5.82795,10.19498]},"faces":{"north":{"uv":[7.875,11.5,7.5,11.875],"texture":"#1"},"east":{"uv":[10.125,11.5,10,11.875],"texture":"#1"},"south":{"uv":[7.375,11.5,7,11.875],"texture":"#1"},"west":{"uv":[11.625,10,11.5,10.375],"texture":"#1"},"up":{"uv":[10.875,11.5,10.5,11.625],"texture":"#1"},"down":{"uv":[11.875,10.625,11.5,10.5],"texture":"#1"}}},{"from":[8,1.54045,-6.79002],"to":[8,10.21045,1.39998],"rotation":{"angle":0,"axis":"y","origin":[8.335,5.82795,10.19498]},"faces":{"north":{"uv":[0,0,0,4.375],"texture":"#1"},"east":{"uv":[4.125,0,0,4.375],"texture":"#1"},"south":{"uv":[0,0,0,4.375],"texture":"#1"},"west":{"uv":[0,0,4.125,4.375],"texture":"#1"},"up":{"uv":[0,0,0,4.125],"texture":"#1"},"down":{"uv":[0,4.125,0,0],"texture":"#1"}}},{"from":[8,1.53955,-6.79002],"to":[8,10.20955,1.39998],"rotation":{"angle":0,"axis":"y","origin":[8.335,10.17205,10.19498]},"faces":{"north":{"uv":[0,4.375,0,0],"texture":"#1"},"east":{"uv":[4.125,4.375,0,0],"texture":"#1"},"south":{"uv":[0,4.375,0,0],"texture":"#1"},"west":{"uv":[0,4.375,4.125,0],"texture":"#1"},"up":{"uv":[0,0,0,4.125],"texture":"#1"},"down":{"uv":[0,4.125,0,0],"texture":"#1"}}},{"from":[3.66455,5.875,-6.79002],"to":[12.33455,5.875,1.39998],"rotation":{"angle":0,"axis":"y","origin":[8,5.875,-2.69502]},"faces":{"north":{"uv":[0,4.375,0,0],"rotation":270,"texture":"#1"},"east":{"uv":[0,4.125,0,0],"rotation":270,"texture":"#1"},"south":{"uv":[0,4.375,0,0],"rotation":90,"texture":"#1"},"west":{"uv":[0,0,0,4.125],"rotation":270,"texture":"#1"},"up":{"uv":[4.125,0,0,4.375],"rotation":270,"texture":"#1"},"down":{"uv":[0,0,4.125,4.375],"rotation":270,"texture":"#1"}}},{"from":[3.66545,5.875,-6.79002],"to":[12.33545,5.875,1.39998],"rotation":{"angle":0,"axis":"y","origin":[8,5.875,-2.69502]},"faces":{"north":{"uv":[0,0,0,4.375],"rotation":270,"texture":"#1"},"east":{"uv":[0,4.125,0,0],"rotation":270,"texture":"#1"},"south":{"uv":[0,0,0,4.375],"rotation":90,"texture":"#1"},"west":{"uv":[0,0,0,4.125],"rotation":270,"texture":"#1"},"up":{"uv":[4.125,4.375,0,0],"rotation":270,"texture":"#1"},"down":{"uv":[0,4.375,4.125,0],"rotation":270,"texture":"#1"}}},{"from":[7.665,5.54045,-0.59002],"to":[8.385,6.21045,-0.40002],"rotation":{"angle":0,"axis":"y","origin":[8,5.82795,10.19498]},"faces":{"north":{"uv":[8.875,11.5,8.5,11.875],"texture":"#1"},"east":{"uv":[11.125,11.5,11,11.875],"texture":"#1"},"south":{"uv":[8.375,11.5,8,11.875],"texture":"#1"},"west":{"uv":[11.625,11,11.5,11.375],"texture":"#1"},"up":{"uv":[11.875,11.5,11.5,11.625],"texture":"#1"},"down":{"uv":[0.375,12.125,0,12],"texture":"#1"}}},{"from":[7.265,4.52045,2.70998],"to":[8.785,5.29045,6.09998],"rotation":{"angle":0,"axis":"y","origin":[8,5.75795,10.19498]},"faces":{"north":{"uv":[8.75,11,8,11.375],"texture":"#1"},"east":{"uv":[12.25,1,10.5,1.375],"texture":"#1"},"south":{"uv":[11.75,7,11,7.375],"texture":"#1"},"west":{"uv":[12.25,1.5,10.5,1.875],"texture":"#1"},"up":{"uv":[1.75,9,1,10.75],"texture":"#1"},"down":{"uv":[2.75,10.75,2,9],"texture":"#1"}}},{"from":[7.465,4.25045,2.70998],"to":[8.585,4.52045,6.09998],"rotation":{"angle":0,"axis":"y","origin":[8,5.78795,10.19498]},"faces":{"north":{"uv":[9.5,11.5,9,11.625],"texture":"#1"},"east":{"uv":[13.25,2.5,11.5,2.625],"texture":"#1"},"south":{"uv":[12,8.5,11.5,8.625],"texture":"#1"},"west":{"uv":[6.25,11.5,4.5,11.625],"texture":"#1"},"up":{"uv":[6,8.5,5.5,10.25],"texture":"#1"},"down":{"uv":[4.5,10.75,4,9],"texture":"#1"}}},{"from":[7.665,4.07923,9.06906],"to":[8.335,5.89923,9.75906],"rotation":{"angle":22.5,"axis":"x","origin":[8,3.98923,6.66406]},"faces":{"north":{"uv":[2.875,11,2.5,11.875],"texture":"#1"},"east":{"uv":[2.375,11,2,11.875],"texture":"#1"},"south":{"uv":[5.875,10.5,5.5,11.375],"texture":"#1"},"west":{"uv":[4.375,11,4,11.875],"texture":"#1"},"up":{"uv":[8.375,9,8,9.375],"texture":"#1"},"down":{"uv":[9.875,9.375,9.5,9],"texture":"#1"}}}],"gui_light":"front","display":{"thirdperson_righthand":{"translation":[0,3,0.25]},"thirdperson_lefthand":{"translation":[0,3,0.25]},"firstperson_righthand":{"translation":[-0.25,7.5,0]},"firstperson_lefthand":{"translation":[-0.25,7.5,0]},"ground":{"translation":[0,6.5,0]},"gui":{"rotation":[28,140,0],"translation":[3,3.75,0],"scale":[1.08984,1.08984,1.08984]},"fixed":{"rotation":[0,-90,0],"translation":[-7.5,6.5,-3.25],"scale":[2.44922,2.44922,2.44922]}},"groups":[0,1,2,3,4,5,6,7,8,9,10,11,12,13,14,15,16,17,18,19,20,{"name":"hexadecagon","origin":[8,8,8],"color":0,"boneType":"","children":[]},{"name":"hexadecagon","origin":[8,8,8],"color":0,"boneType":"","children":[]},{"name":"hexadecagon","origin":[16,16,16],"color":0,"boneType":"","children":[]}]}