{"textures":{"0":"glorious:entity/nocsy_cat4"},"elements":[{"from":[7.0571427,5.7726254,7.3454614],"to":[8.6,8.45834,8.888319],"rotation":{"angle":0.0,"axis":"y","origin":[7.8285713,6.342857,8.285714]},"faces":{"east":{"uv":[4.75,9.75,4.0,11.0],"rotation":0,"texture":"#0","tintindex":0},"south":{"uv":[3.75,9.75,3.0,11.0],"rotation":0,"texture":"#0","tintindex":0},"north":{"uv":[1.75,9.75,1.0,11.0],"rotation":0,"texture":"#0","tintindex":0},"west":{"uv":[2.75,9.75,2.0,11.0],"rotation":0,"texture":"#0","tintindex":0},"up":{"uv":[11.5,8.25,12.25,7.5],"rotation":0,"texture":"#0","tintindex":0},"down":{"uv":[11.5,8.5,12.25,9.25],"rotation":0,"texture":"#0","tintindex":0}}}],"display":{"head":{"translation":[0.0,-6.4,0.0],"scale":[4.0,4.0,4.0]}}}