{
	"credit": "Made with Blockbench",
	"textures": {
		"0": "block/stripped_oak_log",
		"1": "block/oak_planks",
		"particle": "block/stripped_oak_log"
	},
	"elements": [
		{
			"from": [6.20391, 1, -1],
			"to": [20.20391, 15, 13],
			"rotation": {"angle": -22.5, "axis": "y", "origin": [3.20391, 0, 19]},
			"faces": {
				"north": {"uv": [2, 0, 16, 14], "texture": "#1"},
				"east": {"uv": [2, 0, 16, 14], "texture": "#1"},
				"south": {"uv": [2, 0, 16, 14], "texture": "#1"},
				"west": {"uv": [2, 0, 16, 14], "texture": "#1"},
				"up": {"uv": [0, 2, 14, 16], "rotation": 270, "texture": "#1"},
				"down": {"uv": [0, 2, 14, 16], "rotation": 90, "texture": "#1"}
			}
		},
		{
			"from": [19.20391, 0, -2],
			"to": [21.20391, 16, 0],
			"rotation": {"angle": -22.5, "axis": "y", "origin": [3.20391, 0, 19]},
			"faces": {
				"north": {"uv": [2, 0, 4, 16], "texture": "#0"},
				"east": {"uv": [2, 0, 4, 16], "texture": "#0"},
				"south": {"uv": [2, 0, 4, 16], "texture": "#0"},
				"west": {"uv": [2, 0, 4, 16], "texture": "#0"},
				"up": {"uv": [0, 2, 2, 4], "rotation": 270, "texture": "#0"},
				"down": {"uv": [0, 2, 2, 4], "rotation": 90, "texture": "#0"}
			}
		},
		{
			"from": [7.20391, 0, -2],
			"to": [19.20391, 2, 0],
			"rotation": {"angle": -22.5, "axis": "y", "origin": [3.20391, 0, 19]},
			"faces": {
				"north": {"uv": [0, 12, 2, 0], "rotation": 90, "texture": "#0"},
				"east": {"uv": [2, 0, 0, 2], "texture": "#missing"},
				"south": {"uv": [0, 12, 2, 0], "rotation": 90, "texture": "#0"},
				"west": {"uv": [2, 0, 0, 2], "texture": "#missing"},
				"up": {"uv": [0, 12, 2, 0], "rotation": 270, "texture": "#0"},
				"down": {"uv": [0, 12, 2, 0], "rotation": 90, "texture": "#0"}
			}
		},
		{
			"from": [7.20391, 14, -2],
			"to": [19.20391, 16, 0],
			"rotation": {"angle": -22.5, "axis": "y", "origin": [3.20391, 0, 19]},
			"faces": {
				"north": {"uv": [1, 12, 3, 0], "rotation": 90, "texture": "#0"},
				"east": {"uv": [2, 0, 0, 2], "texture": "#missing"},
				"south": {"uv": [3, 12, 5, 0], "rotation": 90, "texture": "#0"},
				"west": {"uv": [2, 0, 0, 2], "texture": "#missing"},
				"up": {"uv": [0, 12, 2, 0], "rotation": 270, "texture": "#0"},
				"down": {"uv": [0, 12, 2, 0], "rotation": 90, "texture": "#0"}
			}
		},
		{
			"from": [7.20391, 14, 12],
			"to": [19.20391, 16, 14],
			"rotation": {"angle": -22.5, "axis": "y", "origin": [3.20391, 0, 19]},
			"faces": {
				"north": {"uv": [2, 12, 4, 0], "rotation": 90, "texture": "#0"},
				"east": {"uv": [2, 0, 0, 2], "texture": "#missing"},
				"south": {"uv": [1, 12, 3, 0], "rotation": 90, "texture": "#0"},
				"west": {"uv": [2, 0, 0, 2], "texture": "#missing"},
				"up": {"uv": [0, 12, 2, 0], "rotation": 270, "texture": "#0"},
				"down": {"uv": [0, 12, 2, 0], "rotation": 90, "texture": "#0"}
			}
		},
		{
			"from": [7.20391, 0, 12],
			"to": [19.20391, 2, 14],
			"rotation": {"angle": -22.5, "axis": "y", "origin": [3.20391, 0, 19]},
			"faces": {
				"north": {"uv": [2, 12, 4, 0], "rotation": 90, "texture": "#0"},
				"east": {"uv": [2, 0, 0, 2], "texture": "#missing"},
				"south": {"uv": [1, 12, 3, 0], "rotation": 90, "texture": "#0"},
				"west": {"uv": [2, 0, 0, 2], "texture": "#missing"},
				"up": {"uv": [0, 12, 2, 0], "rotation": 270, "texture": "#0"},
				"down": {"uv": [0, 12, 2, 0], "rotation": 90, "texture": "#0"}
			}
		},
		{
			"from": [5.20391, 0, 12],
			"to": [7.20391, 16, 14],
			"rotation": {"angle": -22.5, "axis": "y", "origin": [3.20391, 0, 19]},
			"faces": {
				"north": {"uv": [2, 0, 0, 16], "texture": "#0"},
				"east": {"uv": [2, 0, 0, 16], "texture": "#0"},
				"south": {"uv": [2, 0, 0, 16], "texture": "#0"},
				"west": {"uv": [2, 0, 0, 16], "texture": "#0"},
				"up": {"uv": [1, 2, 3, 0], "rotation": 270, "texture": "#0"},
				"down": {"uv": [3, 2, 5, 0], "rotation": 90, "texture": "#0"}
			}
		},
		{
			"from": [5.20391, 0, 0],
			"to": [7.20391, 2, 12],
			"rotation": {"angle": -22.5, "axis": "y", "origin": [3.20391, 0, 19]},
			"faces": {
				"north": {"uv": [2, 0, 0, 2], "texture": "#0"},
				"east": {"uv": [2, 12, 4, 0], "rotation": 90, "texture": "#0"},
				"south": {"uv": [2, 0, 0, 2], "texture": "#missing"},
				"west": {"uv": [0, 12, 2, 0], "rotation": 90, "texture": "#0"},
				"up": {"uv": [3, 0, 1, 12], "texture": "#0"},
				"down": {"uv": [5, 0, 3, 12], "rotation": 180, "texture": "#0"}
			}
		},
		{
			"from": [5.20391, 14, 0],
			"to": [7.20391, 16, 12],
			"rotation": {"angle": -22.5, "axis": "y", "origin": [3.20391, 0, 19]},
			"faces": {
				"north": {"uv": [2, 0, 0, 2], "texture": "#0"},
				"east": {"uv": [0, 12, 2, 0], "rotation": 90, "texture": "#0"},
				"south": {"uv": [2, 0, 0, 2], "texture": "#missing"},
				"west": {"uv": [3, 12, 5, 0], "rotation": 90, "texture": "#0"},
				"up": {"uv": [3, 0, 1, 12], "texture": "#0"},
				"down": {"uv": [4, 0, 2, 12], "rotation": 180, "texture": "#0"}
			}
		},
		{
			"from": [19.20391, 0, 0],
			"to": [21.20391, 2, 12],
			"rotation": {"angle": -22.5, "axis": "y", "origin": [3.20391, 0, 19]},
			"faces": {
				"north": {"uv": [2, 0, 0, 2], "texture": "#0"},
				"east": {"uv": [0, 12, 2, 0], "rotation": 90, "texture": "#0"},
				"south": {"uv": [2, 0, 0, 2], "texture": "#missing"},
				"west": {"uv": [3, 12, 5, 0], "rotation": 90, "texture": "#0"},
				"up": {"uv": [2, 0, 0, 12], "texture": "#0"},
				"down": {"uv": [2, 0, 0, 12], "rotation": 180, "texture": "#0"}
			}
		},
		{
			"from": [19.20391, 14, 0],
			"to": [21.20391, 16, 12],
			"rotation": {"angle": -22.5, "axis": "y", "origin": [3.20391, 0, 19]},
			"faces": {
				"north": {"uv": [2, 0, 0, 2], "texture": "#0"},
				"east": {"uv": [3, 12, 5, 0], "rotation": 90, "texture": "#0"},
				"south": {"uv": [2, 0, 0, 2], "texture": "#missing"},
				"west": {"uv": [4, 12, 6, 0], "rotation": 90, "texture": "#0"},
				"up": {"uv": [4, 0, 2, 12], "texture": "#0"},
				"down": {"uv": [3, 0, 1, 12], "rotation": 180, "texture": "#0"}
			}
		},
		{
			"from": [5.20391, 0, -2],
			"to": [7.20391, 16, 0],
			"rotation": {"angle": -22.5, "axis": "y", "origin": [3.20391, 0, 19]},
			"faces": {
				"north": {"uv": [2, 0, 0, 16], "texture": "#0"},
				"east": {"uv": [2, 0, 0, 16], "texture": "#0"},
				"south": {"uv": [3, 0, 1, 16], "texture": "#0"},
				"west": {"uv": [2, 0, 0, 16], "texture": "#0"},
				"up": {"uv": [0, 2, 2, 0], "rotation": 270, "texture": "#0"},
				"down": {"uv": [2, 2, 4, 0], "rotation": 90, "texture": "#0"}
			}
		},
		{
			"from": [19.20391, 0, 12],
			"to": [21.20391, 16, 14],
			"rotation": {"angle": -22.5, "axis": "y", "origin": [3.20391, 0, 19]},
			"faces": {
				"north": {"uv": [2, 0, 0, 16], "texture": "#0"},
				"east": {"uv": [2, 0, 0, 16], "texture": "#0"},
				"south": {"uv": [3, 0, 1, 16], "texture": "#0"},
				"west": {"uv": [2, 0, 0, 16], "texture": "#0"},
				"up": {"uv": [2, 3, 4, 1], "rotation": 270, "texture": "#0"},
				"down": {"uv": [4, 2, 6, 0], "rotation": 90, "texture": "#0"}
			}
		},
		{
			"from": [-8.79609, 1, -1],
			"to": [5.20391, 15, 13],
			"rotation": {"angle": 0, "axis": "y", "origin": [3.20391, 0, 19]},
			"faces": {
				"north": {"uv": [2, 0, 16, 14], "texture": "#1"},
				"east": {"uv": [2, 0, 16, 14], "texture": "#1"},
				"south": {"uv": [2, 0, 16, 14], "texture": "#1"},
				"west": {"uv": [2, 0, 16, 14], "texture": "#1"},
				"up": {"uv": [0, 2, 14, 16], "texture": "#1"},
				"down": {"uv": [0, 2, 14, 16], "texture": "#1"}
			}
		},
		{
			"from": [4.20391, 0, 12],
			"to": [6.20391, 16, 14],
			"rotation": {"angle": 0, "axis": "y", "origin": [3.20391, 0, 19]},
			"faces": {
				"north": {"uv": [2, 0, 4, 16], "texture": "#0"},
				"east": {"uv": [2, 0, 4, 16], "texture": "#0"},
				"south": {"uv": [2, 0, 4, 16], "texture": "#0"},
				"west": {"uv": [2, 0, 4, 16], "texture": "#0"},
				"up": {"uv": [0, 2, 2, 4], "texture": "#0"},
				"down": {"uv": [0, 2, 2, 4], "texture": "#0"}
			}
		},
		{
			"from": [4.20391, 0, 0],
			"to": [6.20391, 2, 12],
			"rotation": {"angle": 0, "axis": "y", "origin": [3.20391, 0, 19]},
			"faces": {
				"north": {"uv": [2, 0, 0, 2], "texture": "#missing"},
				"east": {"uv": [0, 12, 2, 0], "rotation": 90, "texture": "#0"},
				"south": {"uv": [2, 0, 0, 2], "texture": "#missing"},
				"west": {"uv": [0, 12, 2, 0], "rotation": 90, "texture": "#0"},
				"up": {"uv": [0, 12, 2, 0], "texture": "#0"},
				"down": {"uv": [0, 12, 2, 0], "texture": "#0"}
			}
		},
		{
			"from": [4.20391, 14, 0],
			"to": [6.20391, 16, 12],
			"rotation": {"angle": 0, "axis": "y", "origin": [3.20391, 0, 19]},
			"faces": {
				"north": {"uv": [2, 0, 0, 2], "texture": "#missing"},
				"east": {"uv": [1, 12, 3, 0], "rotation": 90, "texture": "#0"},
				"south": {"uv": [2, 0, 0, 2], "texture": "#missing"},
				"west": {"uv": [3, 12, 5, 0], "rotation": 90, "texture": "#0"},
				"up": {"uv": [0, 12, 2, 0], "texture": "#0"},
				"down": {"uv": [0, 12, 2, 0], "texture": "#0"}
			}
		},
		{
			"from": [-9.79609, 14, 0],
			"to": [-7.79609, 16, 12],
			"rotation": {"angle": 0, "axis": "y", "origin": [3.20391, 0, 19]},
			"faces": {
				"north": {"uv": [2, 0, 0, 2], "texture": "#missing"},
				"east": {"uv": [2, 12, 4, 0], "rotation": 90, "texture": "#0"},
				"south": {"uv": [2, 0, 0, 2], "texture": "#missing"},
				"west": {"uv": [1, 12, 3, 0], "rotation": 90, "texture": "#0"},
				"up": {"uv": [0, 12, 2, 0], "texture": "#0"},
				"down": {"uv": [0, 12, 2, 0], "texture": "#0"}
			}
		},
		{
			"from": [-9.79609, 0, 0],
			"to": [-7.79609, 2, 12],
			"rotation": {"angle": 0, "axis": "y", "origin": [3.20391, 0, 19]},
			"faces": {
				"north": {"uv": [2, 0, 0, 2], "texture": "#missing"},
				"east": {"uv": [2, 12, 4, 0], "rotation": 90, "texture": "#0"},
				"south": {"uv": [2, 0, 0, 2], "texture": "#missing"},
				"west": {"uv": [1, 12, 3, 0], "rotation": 90, "texture": "#0"},
				"up": {"uv": [0, 12, 2, 0], "texture": "#0"},
				"down": {"uv": [0, 12, 2, 0], "texture": "#0"}
			}
		},
		{
			"from": [-9.79609, 0, -2],
			"to": [-7.79609, 16, 0],
			"rotation": {"angle": 0, "axis": "y", "origin": [3.20391, 0, 19]},
			"faces": {
				"north": {"uv": [2, 0, 0, 16], "texture": "#0"},
				"east": {"uv": [2, 0, 0, 16], "texture": "#0"},
				"south": {"uv": [2, 0, 0, 16], "texture": "#0"},
				"west": {"uv": [2, 0, 0, 16], "texture": "#0"},
				"up": {"uv": [1, 2, 3, 0], "texture": "#0"},
				"down": {"uv": [3, 2, 5, 0], "texture": "#0"}
			}
		},
		{
			"from": [-7.79609, 0, -2],
			"to": [4.20391, 2, 0],
			"rotation": {"angle": 0, "axis": "y", "origin": [3.20391, 0, 19]},
			"faces": {
				"north": {"uv": [0, 12, 2, 0], "rotation": 90, "texture": "#0"},
				"east": {"uv": [2, 0, 0, 2], "texture": "#0"},
				"south": {"uv": [2, 12, 4, 0], "rotation": 90, "texture": "#0"},
				"west": {"uv": [2, 0, 0, 2], "texture": "#missing"},
				"up": {"uv": [3, 0, 1, 12], "rotation": 90, "texture": "#0"},
				"down": {"uv": [5, 0, 3, 12], "rotation": 90, "texture": "#0"}
			}
		},
		{
			"from": [-7.79609, 14, -2],
			"to": [4.20391, 16, 0],
			"rotation": {"angle": 0, "axis": "y", "origin": [3.20391, 0, 19]},
			"faces": {
				"north": {"uv": [3, 12, 5, 0], "rotation": 90, "texture": "#0"},
				"east": {"uv": [2, 0, 0, 2], "texture": "#0"},
				"south": {"uv": [0, 12, 2, 0], "rotation": 90, "texture": "#0"},
				"west": {"uv": [2, 0, 0, 2], "texture": "#missing"},
				"up": {"uv": [3, 0, 1, 12], "rotation": 90, "texture": "#0"},
				"down": {"uv": [4, 0, 2, 12], "rotation": 90, "texture": "#0"}
			}
		},
		{
			"from": [-7.79609, 0, 12],
			"to": [4.20391, 2, 14],
			"rotation": {"angle": 0, "axis": "y", "origin": [3.20391, 0, 19]},
			"faces": {
				"north": {"uv": [3, 12, 5, 0], "rotation": 90, "texture": "#0"},
				"east": {"uv": [2, 0, 0, 2], "texture": "#0"},
				"south": {"uv": [0, 12, 2, 0], "rotation": 90, "texture": "#0"},
				"west": {"uv": [2, 0, 0, 2], "texture": "#missing"},
				"up": {"uv": [2, 0, 0, 12], "rotation": 90, "texture": "#0"},
				"down": {"uv": [2, 0, 0, 12], "rotation": 90, "texture": "#0"}
			}
		},
		{
			"from": [-7.79609, 14, 12],
			"to": [4.20391, 16, 14],
			"rotation": {"angle": 0, "axis": "y", "origin": [3.20391, 0, 19]},
			"faces": {
				"north": {"uv": [4, 12, 6, 0], "rotation": 90, "texture": "#0"},
				"east": {"uv": [2, 0, 0, 2], "texture": "#0"},
				"south": {"uv": [3, 12, 5, 0], "rotation": 90, "texture": "#0"},
				"west": {"uv": [2, 0, 0, 2], "texture": "#missing"},
				"up": {"uv": [4, 0, 2, 12], "rotation": 90, "texture": "#0"},
				"down": {"uv": [3, 0, 1, 12], "rotation": 90, "texture": "#0"}
			}
		},
		{
			"from": [4.20391, 0, -2],
			"to": [6.20391, 16, 0],
			"rotation": {"angle": 0, "axis": "y", "origin": [3.20391, 0, 19]},
			"faces": {
				"north": {"uv": [2, 0, 0, 16], "texture": "#0"},
				"east": {"uv": [2, 0, 0, 16], "texture": "#0"},
				"south": {"uv": [2, 0, 0, 16], "texture": "#0"},
				"west": {"uv": [3, 0, 1, 16], "texture": "#0"},
				"up": {"uv": [0, 2, 2, 0], "texture": "#0"},
				"down": {"uv": [2, 2, 4, 0], "texture": "#0"}
			}
		},
		{
			"from": [-9.79609, 0, 12],
			"to": [-7.79609, 16, 14],
			"rotation": {"angle": 0, "axis": "y", "origin": [3.20391, 0, 19]},
			"faces": {
				"north": {"uv": [2, 0, 0, 16], "texture": "#0"},
				"east": {"uv": [2, 0, 0, 16], "texture": "#0"},
				"south": {"uv": [2, 0, 0, 16], "texture": "#0"},
				"west": {"uv": [3, 0, 1, 16], "texture": "#0"},
				"up": {"uv": [2, 3, 4, 1], "texture": "#0"},
				"down": {"uv": [4, 2, 6, 0], "texture": "#0"}
			}
		},
		{
			"from": [3.20391, 17, 6],
			"to": [17.20391, 31, 20],
			"rotation": {"angle": 22.5, "axis": "y", "origin": [3.20391, 0, 19]},
			"faces": {
				"north": {"uv": [2, 0, 16, 14], "texture": "#1"},
				"east": {"uv": [2, 0, 16, 14], "texture": "#1"},
				"south": {"uv": [2, 0, 16, 14], "texture": "#1"},
				"west": {"uv": [2, 0, 16, 14], "texture": "#1"},
				"up": {"uv": [0, 2, 14, 16], "rotation": 270, "texture": "#1"},
				"down": {"uv": [0, 2, 14, 16], "rotation": 90, "texture": "#1"}
			}
		},
		{
			"from": [16.20391, 16, 5],
			"to": [18.20391, 32, 7],
			"rotation": {"angle": 22.5, "axis": "y", "origin": [3.20391, 0, 19]},
			"faces": {
				"north": {"uv": [2, 0, 4, 16], "texture": "#0"},
				"east": {"uv": [2, 0, 4, 16], "texture": "#0"},
				"south": {"uv": [2, 0, 4, 16], "texture": "#0"},
				"west": {"uv": [2, 0, 4, 16], "texture": "#0"},
				"up": {"uv": [0, 2, 2, 4], "rotation": 270, "texture": "#0"},
				"down": {"uv": [0, 2, 2, 4], "rotation": 90, "texture": "#0"}
			}
		},
		{
			"from": [4.20391, 16, 5],
			"to": [16.20391, 18, 7],
			"rotation": {"angle": 22.5, "axis": "y", "origin": [3.20391, 0, 19]},
			"faces": {
				"north": {"uv": [0, 12, 2, 0], "rotation": 90, "texture": "#0"},
				"east": {"uv": [2, 0, 0, 2], "texture": "#missing"},
				"south": {"uv": [0, 12, 2, 0], "rotation": 90, "texture": "#0"},
				"west": {"uv": [2, 0, 0, 2], "texture": "#missing"},
				"up": {"uv": [0, 12, 2, 0], "rotation": 270, "texture": "#0"},
				"down": {"uv": [0, 12, 2, 0], "rotation": 90, "texture": "#0"}
			}
		},
		{
			"from": [4.20391, 30, 5],
			"to": [16.20391, 32, 7],
			"rotation": {"angle": 22.5, "axis": "y", "origin": [3.20391, 0, 19]},
			"faces": {
				"north": {"uv": [1, 12, 3, 0], "rotation": 90, "texture": "#0"},
				"east": {"uv": [2, 0, 0, 2], "texture": "#missing"},
				"south": {"uv": [3, 12, 5, 0], "rotation": 90, "texture": "#0"},
				"west": {"uv": [2, 0, 0, 2], "texture": "#missing"},
				"up": {"uv": [0, 12, 2, 0], "rotation": 270, "texture": "#0"},
				"down": {"uv": [0, 12, 2, 0], "rotation": 90, "texture": "#0"}
			}
		},
		{
			"from": [4.20391, 30, 19],
			"to": [16.20391, 32, 21],
			"rotation": {"angle": 22.5, "axis": "y", "origin": [3.20391, 0, 19]},
			"faces": {
				"north": {"uv": [2, 12, 4, 0], "rotation": 90, "texture": "#0"},
				"east": {"uv": [2, 0, 0, 2], "texture": "#missing"},
				"south": {"uv": [1, 12, 3, 0], "rotation": 90, "texture": "#0"},
				"west": {"uv": [2, 0, 0, 2], "texture": "#missing"},
				"up": {"uv": [0, 12, 2, 0], "rotation": 270, "texture": "#0"},
				"down": {"uv": [0, 12, 2, 0], "rotation": 90, "texture": "#0"}
			}
		},
		{
			"from": [4.20391, 16, 19],
			"to": [16.20391, 18, 21],
			"rotation": {"angle": 22.5, "axis": "y", "origin": [3.20391, 0, 19]},
			"faces": {
				"north": {"uv": [2, 12, 4, 0], "rotation": 90, "texture": "#0"},
				"east": {"uv": [2, 0, 0, 2], "texture": "#missing"},
				"south": {"uv": [1, 12, 3, 0], "rotation": 90, "texture": "#0"},
				"west": {"uv": [2, 0, 0, 2], "texture": "#missing"},
				"up": {"uv": [0, 12, 2, 0], "rotation": 270, "texture": "#0"},
				"down": {"uv": [0, 12, 2, 0], "rotation": 90, "texture": "#0"}
			}
		},
		{
			"from": [2.20391, 16, 19],
			"to": [4.20391, 32, 21],
			"rotation": {"angle": 22.5, "axis": "y", "origin": [3.20391, 0, 19]},
			"faces": {
				"north": {"uv": [2, 0, 0, 16], "texture": "#0"},
				"east": {"uv": [2, 0, 0, 16], "texture": "#0"},
				"south": {"uv": [2, 0, 0, 16], "texture": "#0"},
				"west": {"uv": [2, 0, 0, 16], "texture": "#0"},
				"up": {"uv": [1, 2, 3, 0], "rotation": 270, "texture": "#0"},
				"down": {"uv": [3, 2, 5, 0], "rotation": 90, "texture": "#0"}
			}
		},
		{
			"from": [2.20391, 16, 7],
			"to": [4.20391, 18, 19],
			"rotation": {"angle": 22.5, "axis": "y", "origin": [3.20391, 0, 19]},
			"faces": {
				"north": {"uv": [2, 0, 0, 2], "texture": "#0"},
				"east": {"uv": [2, 12, 4, 0], "rotation": 90, "texture": "#0"},
				"south": {"uv": [2, 0, 0, 2], "texture": "#missing"},
				"west": {"uv": [0, 12, 2, 0], "rotation": 90, "texture": "#0"},
				"up": {"uv": [3, 0, 1, 12], "texture": "#0"},
				"down": {"uv": [5, 0, 3, 12], "rotation": 180, "texture": "#0"}
			}
		},
		{
			"from": [2.20391, 30, 7],
			"to": [4.20391, 32, 19],
			"rotation": {"angle": 22.5, "axis": "y", "origin": [3.20391, 0, 19]},
			"faces": {
				"north": {"uv": [2, 0, 0, 2], "texture": "#0"},
				"east": {"uv": [0, 12, 2, 0], "rotation": 90, "texture": "#0"},
				"south": {"uv": [2, 0, 0, 2], "texture": "#missing"},
				"west": {"uv": [3, 12, 5, 0], "rotation": 90, "texture": "#0"},
				"up": {"uv": [3, 0, 1, 12], "texture": "#0"},
				"down": {"uv": [4, 0, 2, 12], "rotation": 180, "texture": "#0"}
			}
		},
		{
			"from": [16.20391, 16, 7],
			"to": [18.20391, 18, 19],
			"rotation": {"angle": 22.5, "axis": "y", "origin": [3.20391, 0, 19]},
			"faces": {
				"north": {"uv": [2, 0, 0, 2], "texture": "#0"},
				"east": {"uv": [0, 12, 2, 0], "rotation": 90, "texture": "#0"},
				"south": {"uv": [2, 0, 0, 2], "texture": "#missing"},
				"west": {"uv": [3, 12, 5, 0], "rotation": 90, "texture": "#0"},
				"up": {"uv": [2, 0, 0, 12], "texture": "#0"},
				"down": {"uv": [2, 0, 0, 12], "rotation": 180, "texture": "#0"}
			}
		},
		{
			"from": [16.20391, 30, 7],
			"to": [18.20391, 32, 19],
			"rotation": {"angle": 22.5, "axis": "y", "origin": [3.20391, 0, 19]},
			"faces": {
				"north": {"uv": [2, 0, 0, 2], "texture": "#0"},
				"east": {"uv": [3, 12, 5, 0], "rotation": 90, "texture": "#0"},
				"south": {"uv": [2, 0, 0, 2], "texture": "#missing"},
				"west": {"uv": [4, 12, 6, 0], "rotation": 90, "texture": "#0"},
				"up": {"uv": [4, 0, 2, 12], "texture": "#0"},
				"down": {"uv": [3, 0, 1, 12], "rotation": 180, "texture": "#0"}
			}
		},
		{
			"from": [2.20391, 16, 5],
			"to": [4.20391, 32, 7],
			"rotation": {"angle": 22.5, "axis": "y", "origin": [3.20391, 0, 19]},
			"faces": {
				"north": {"uv": [2, 0, 0, 16], "texture": "#0"},
				"east": {"uv": [2, 0, 0, 16], "texture": "#0"},
				"south": {"uv": [3, 0, 1, 16], "texture": "#0"},
				"west": {"uv": [2, 0, 0, 16], "texture": "#0"},
				"up": {"uv": [0, 2, 2, 0], "rotation": 270, "texture": "#0"},
				"down": {"uv": [2, 2, 4, 0], "rotation": 90, "texture": "#0"}
			}
		},
		{
			"from": [16.20391, 16, 19],
			"to": [18.20391, 32, 21],
			"rotation": {"angle": 22.5, "axis": "y", "origin": [3.20391, 0, 19]},
			"faces": {
				"north": {"uv": [2, 0, 0, 16], "texture": "#0"},
				"east": {"uv": [2, 0, 0, 16], "texture": "#0"},
				"south": {"uv": [3, 0, 1, 16], "texture": "#0"},
				"west": {"uv": [2, 0, 0, 16], "texture": "#0"},
				"up": {"uv": [2, 3, 4, 1], "rotation": 270, "texture": "#0"},
				"down": {"uv": [4, 2, 6, 0], "rotation": 90, "texture": "#0"}
			}
		}
	],
	"display": {
		"thirdperson_righthand": {
			"scale": [0.5, 0.5, 0.5]
		},
		"thirdperson_lefthand": {
			"scale": [0.5, 0.5, 0.5]
		},
		"firstperson_righthand": {
			"scale": [0.5, 0.5, 0.5]
		},
		"firstperson_lefthand": {
			"scale": [0.5, 0.5, 0.5]
		},
		"ground": {
			"translation": [0, 2.25, 0],
			"scale": [0.5, 0.5, 0.5]
		},
		"gui": {
			"rotation": [0, 145, 15],
			"scale": [0.5, 0.5, 0.5]
		},
		"fixed": {
			"rotation": [-90, 0, 0],
			"translation": [0, 0, -16],
			"scale": [2, 2, 2]
		}
	},
	"groups": [
		{
			"name": "crate2",
			"origin": [0, 0, 0],
			"color": 0,
			"children": [0, 1, 2, 3, 4, 5, 6, 7, 8, 9, 10, 11, 12]
		},
		{
			"name": "crate3",
			"origin": [0, 0, 0],
			"color": 0,
			"children": [13, 14, 15, 16, 17, 18, 19, 20, 21, 22, 23, 24, 25]
		},
		{
			"name": "crate4",
			"origin": [0, 0, 0],
			"color": 0,
			"children": [26, 27, 28, 29, 30, 31, 32, 33, 34, 35, 36, 37, 38]
		}
	]
}