{
	"credit": "Made with Blockbench",
	"texture_size": [64, 64],
	"textures": {
		"0": "glorious:item/nightclubfurniture/nightclub_sign",
		"particle": "glorious:item/nightclubfurniture/nightclub_sign"
	},
	"elements": [
		{
			"from": [-7, 0.5, 15.5],
			"to": [23, 15.5, 16.5],
			"faces": {
				"north": {"uv": [0, 0, 7.5, 3.75], "texture": "#0"},
				"east": {"uv": [8.25, 0.5, 8.5, 4.25], "texture": "#0"},
				"south": {"uv": [0, 0, 7.5, 3.75], "texture": "#0"},
				"west": {"uv": [8.25, 0.5, 8.5, 4.25], "texture": "#0"},
				"up": {"uv": [7.5, 4, 0, 3.75], "texture": "#0"},
				"down": {"uv": [7.5, 3.75, 0, 4], "texture": "#0"}
			}
		},
		{
			"from": [23, 0, 15],
			"to": [24, 16, 17],
			"faces": {
				"north": {"uv": [8, 0.5, 8.25, 4.5], "texture": "#0"},
				"east": {"uv": [7.5, 0, 8, 4], "texture": "#0"},
				"south": {"uv": [8, 0.5, 8.25, 4.5], "texture": "#0"},
				"west": {"uv": [7.5, 0, 8, 4], "texture": "#0"},
				"up": {"uv": [8.25, 0.5, 8, 0], "texture": "#0"},
				"down": {"uv": [8.25, 0, 8, 0.5], "texture": "#0"}
			}
		},
		{
			"from": [-8, 0, 15],
			"to": [-7, 16, 17],
			"faces": {
				"north": {"uv": [8, 0.5, 8.25, 4.5], "texture": "#0"},
				"east": {"uv": [7.5, 0, 8, 4], "texture": "#0"},
				"south": {"uv": [8, 0.5, 8.25, 4.5], "texture": "#0"},
				"west": {"uv": [7.5, 0, 8, 4], "texture": "#0"},
				"up": {"uv": [8.25, 0.5, 8, 0], "texture": "#0"},
				"down": {"uv": [8.25, 0, 8, 0.5], "texture": "#0"}
			}
		}
	],
	"gui_light": "front",
	"display": {
		"thirdperson_righthand": {
			"rotation": [75, 45, 0],
			"translation": [0, 2.5, 0],
			"scale": [0.375, 0.375, 0.375]
		},
		"thirdperson_lefthand": {
			"rotation": [75, 45, 0],
			"translation": [0, 2.5, 0],
			"scale": [0.375, 0.375, 0.375]
		},
		"firstperson_righthand": {
			"rotation": [0, 225, 0],
			"translation": [-13.75, 0, 0],
			"scale": [0.75, 0.75, 0.75]
		},
		"firstperson_lefthand": {
			"rotation": [0, 225, 0],
			"translation": [-13.75, 0, 0],
			"scale": [0.75, 0.75, 0.75]
		},
		"ground": {
			"translation": [0, 3, -1.75],
			"scale": [0.25, 0.25, 0.25]
		},
		"gui": {
			"rotation": [30, 225, 0],
			"translation": [2, -1, 0],
			"scale": [0.39, 0.39, 0.39]
		},
		"head": {
			"translation": [0, 13.5, -8.25]
		},
		"fixed": {
			"rotation": [0, 180, 0],
			"translation": [0, 0, 16.5],
			"scale": [2.5, 2.5, 2.5]
		}
	}
}