{"textures":{"0":"glorious:entity/nocsy_cat_fallen"},"elements":[{"from":[4.7403827,7.363572,7.9717064],"to":[8.168954,10.792144,8.014564],"rotation":{"angle":22.5,"axis":"z","origin":[5.997525,9.077858,7.9717064]},"faces":{"east":{"uv":[3.875,7.125,4.0,7.875],"rotation":0,"texture":"#0","tintindex":0},"south":{"uv":[4.5,0.0,5.25,0.75],"rotation":0,"texture":"#0","tintindex":0},"north":{"uv":[3.875,4.25,4.625,5.0],"rotation":0,"texture":"#0","tintindex":0},"west":{"uv":[2.25,7.375,2.375,8.125],"rotation":0,"texture":"#0","tintindex":0},"up":{"uv":[3.25,7.5,2.5,7.375],"rotation":0,"texture":"#0","tintindex":0},"down":{"uv":[0.75,7.5,0.0,7.625],"rotation":0,"texture":"#0","tintindex":0}}},{"from":[7.863016,7.363572,7.9717064],"to":[11.291588,10.792144,8.014564],"rotation":{"angle":-22.5,"axis":"z","origin":[10.034445,9.077858,7.9717064]},"faces":{"east":{"uv":[7.5,3.0,7.625,3.75],"rotation":0,"texture":"#0","tintindex":0},"south":{"uv":[0.0,4.75,0.75,5.5],"rotation":0,"texture":"#0","tintindex":0},"north":{"uv":[1.75,4.625,2.5,5.375],"rotation":0,"texture":"#0","tintindex":0},"west":{"uv":[7.5,3.875,7.625,4.625],"rotation":0,"texture":"#0","tintindex":0},"up":{"uv":[8.25,2.125,7.5,2.0],"rotation":0,"texture":"#0","tintindex":0},"down":{"uv":[8.25,2.25,7.5,2.375],"rotation":0,"texture":"#0","tintindex":0}}}],"display":{"head":{"translation":[0.0,-6.4,0.0],"scale":[4.0,4.0,4.0]}}}