{
	"credit": "Made with Blockbench",
	"textures": {
		"1": "custom/blocks/rizaan/village/security_tape"
	},
	"elements": [
		{
			"from": [-1, 12, 7.6],
			"to": [17, 15, 8.6],
			"faces": {
				"north": {"uv": [0, 0, 16, 3], "texture": "#1"},
				"east": {"uv": [0, 8, 1, 11], "texture": "#1"},
				"south": {"uv": [0, 3, 16, 6], "texture": "#1"},
				"west": {"uv": [1, 8, 2, 11], "texture": "#1"},
				"up": {"uv": [16, 7, 0, 6], "texture": "#1"},
				"down": {"uv": [16, 7, 0, 8], "texture": "#1"}
			}
		}
	],
	"gui_light": "front",
	"display": {
		"thirdperson_righthand": {
			"rotation": [75, 45, 0],
			"translation": [0, 2.5, 0],
			"scale": [0.375, 0.375, 0.375]
		},
		"thirdperson_lefthand": {
			"rotation": [75, 45, 0],
			"translation": [0, 2.5, 0],
			"scale": [0.375, 0.375, 0.375]
		},
		"firstperson_righthand": {
			"rotation": [0, 45, 0],
			"scale": [0.4, 0.4, 0.4]
		},
		"firstperson_lefthand": {
			"rotation": [0, 225, 0],
			"scale": [0.4, 0.4, 0.4]
		},
		"ground": {
			"translation": [0, 3, 0],
			"scale": [0.25, 0.25, 0.25]
		},
		"gui": {
			"rotation": [30, 225, 0],
			"scale": [0.625, 0.625, 0.625]
		},
		"fixed": {
			"rotation": [-90, 0, 0],
			"translation": [0, 0, -16],
			"scale": [2, 2, 2]
		}
	}
}