{"credit":"MadewithBlockbench","texture_size":[48,48],"textures":{"0":"ec_hills_journey:climbing_pick/climbing_pick","particle":"ec_hills_journey:climbing_pick/climbing_pick"},"elements":[{"from":[7.23232,0.15388,7.91721],"to":[8.63232,5.75388,9.49221],"rotation":{"angle":0,"axis":"y","origin":[7.93232,0,8.21983]},"faces":{"north":{"uv":[3.5,5.5,5.5,6],"rotation":90,"texture":"#0"},"east":{"uv":[1.5,5.5,0.75,7.5],"rotation":180,"texture":"#0"},"south":{"uv":[1.5,5.5,3.5,6],"rotation":270,"texture":"#0"},"west":{"uv":[0.75,7.5,0,5.5],"texture":"#0"},"up":{"uv":[4.5,6,5.25,6.5],"rotation":270,"texture":"#0"},"down":{"uv":[5.25,6,6,6.5],"rotation":270,"texture":"#0"}}},{"from":[7.65732,4.86554,10.18176],"to":[8.20732,6.16054,11.40676],"rotation":{"angle":-22.5,"axis":"x","origin":[7.93232,0,8.21983]},"faces":{"north":{"uv":[2.75,6.5,3.5,6.875],"rotation":90,"texture":"#0"},"east":{"uv":[2,6.5,1.5,7.25],"rotation":180,"texture":"#0"},"south":{"uv":[2,6.5,2.75,6.875],"rotation":270,"texture":"#0"},"west":{"uv":[6.5,6.75,6,6],"texture":"#0"},"up":{"uv":[4.5,6.5,5,6.875],"rotation":270,"texture":"#0"},"down":{"uv":[5,6.5,5.5,6.875],"rotation":270,"texture":"#0"}}},{"from":[7.48232,5.98554,9.30676],"to":[8.38232,7.03554,11.47676],"rotation":{"angle":-22.5,"axis":"x","origin":[7.93232,0,8.21983]},"faces":{"north":{"uv":[2.5,6.5,3.375,6],"texture":"#0"},"east":{"uv":[3.375,6,2.5,6.5],"texture":"#0"},"south":{"uv":[3.5,6.5,4,7],"rotation":270,"texture":"#0"},"west":{"uv":[3.375,6.5,2.5,6],"texture":"#0"},"up":{"uv":[5.5,5.5,6.375,6],"rotation":270,"texture":"#0"},"down":{"uv":[1.5,6,2.375,6.5],"rotation":270,"texture":"#0"}}},{"from":[8.0362,5.3,3.66721],"to":[8.0362,18.7,13.56721],"rotation":{"angle":0,"axis":"x","origin":[1.0862,12,8.61721]},"faces":{"north":{"uv":[0,0,5.5,0],"rotation":270,"texture":"#0"},"east":{"uv":[4.09167,5.25833,0.125,0.125],"rotation":180,"texture":"#0"},"south":{"uv":[0,0,5.5,0],"rotation":90,"texture":"#0"},"west":{"uv":[0.125,5.25833,4.09167,0.125],"rotation":180,"texture":"#0"},"up":{"uv":[0,0,4.25,0],"rotation":90,"texture":"#0"},"down":{"uv":[0,0,4.25,0],"rotation":90,"texture":"#0"}}}],"gui_light":"front","display":{"thirdperson_righthand":{"rotation":[17.25,0,0],"translation":[-0.25,3.25,1.75],"scale":[1.12695,1.12695,1.12695]},"thirdperson_lefthand":{"rotation":[17.25,0,0],"translation":[-0.25,3.25,1.75],"scale":[1.12695,1.12695,1.12695]},"firstperson_righthand":{"rotation":[-16.25,0,0],"translation":[1.5,3.75,0],"scale":[1.20508,1.20508,1.20508]},"firstperson_lefthand":{"rotation":[-16.25,0,0],"translation":[1.5,3.75,0],"scale":[1.20508,1.20508,1.20508]},"ground":{"rotation":[0,0,-71]},"gui":{"rotation":[-90,53,90],"translation":[0,-1.75,-1.5],"scale":[1.06445,1.06445,1.06445]},"head":{"translation":[0,14.75,0]},"fixed":{"rotation":[0,90,0],"translation":[0,0.75,-1.5],"scale":[2.15625,2.15625,2.15625]}},"groups":[{"name":"bone","origin":[0,0,0],"color":0,"boneType":"","children":[0,1,2,3]}]}