{"textures":{"1":"custom:entity/project/texture"},"elements":[{"faces":{"north":{"uv":[5.5,3.5,6.75,3.75],"texture":"#1","tintindex":0},"east":{"uv":[4.25,3.5,5.5,3.75],"texture":"#1","tintindex":0},"south":{"uv":[8,3.5,9.25,3.75],"texture":"#1","tintindex":0},"west":{"uv":[6.75,3.5,8,3.75],"texture":"#1","tintindex":0},"up":{"uv":[6.75,3.5,5.5,2.25],"texture":"#1","tintindex":0},"down":{"uv":[8,2.25,6.75,3.5],"texture":"#1","tintindex":0}},"to":[10.00697,7.0797,10],"from":[6.00697,6.2797,6],"rotation":{"angle":0,"axis":"y","origin":[10.00697,5.0797,10]}},{"faces":{"north":{"uv":[1.375,4.875,2.625,5.125],"texture":"#1","tintindex":0},"east":{"uv":[0,4.875,1.375,5.125],"texture":"#1","tintindex":0},"south":{"uv":[4,4.875,5.25,5.125],"texture":"#1","tintindex":0},"west":{"uv":[2.625,4.875,4,5.125],"texture":"#1","tintindex":0},"up":{"uv":[2.625,4.875,1.375,3.5],"texture":"#1","tintindex":0},"down":{"uv":[3.875,3.5,2.625,4.875],"texture":"#1","tintindex":0}},"to":[9.60697,7.8797,10],"from":[5.60697,7.0797,5.6],"rotation":{"angle":0,"axis":"y","origin":[10.00697,5.0797,10]}},{"faces":{"north":{"uv":[1.375,6.875,2.625,7],"texture":"#1","tintindex":0},"east":{"uv":[0,6.875,1.375,7],"texture":"#1","tintindex":0},"south":{"uv":[4,6.875,5.25,7],"texture":"#1","tintindex":0},"west":{"uv":[2.625,6.875,4,7],"texture":"#1","tintindex":0},"up":{"uv":[2.625,6.875,1.375,5.5],"texture":"#1","tintindex":0},"down":{"uv":[3.875,5.5,2.625,6.875],"texture":"#1","tintindex":0}},"to":[10.00697,8.2797,10.4],"from":[6.00697,7.8797,6],"rotation":{"angle":0,"axis":"y","origin":[10.00697,5.0797,10]}}],"display":{"head":{"translation":[0,5.6,0],"scale":[4,4,4],"rotation":[0,0,0]}}}