{"credit":"MadewithBlockbench","texture_size":[32,32],"textures":{"0":"glorious:item/bakery/bread_obj","particle":"glorious:item/bakery/bread_obj"},"elements":[{"from":[-6.5,1,6],"to":[-0.5,2,8],"rotation":{"angle":0,"axis":"y","origin":[2,0,0]},"faces":{"north":{"uv":[9.5,3.5,12.5,4],"texture":"#0"},"east":{"uv":[9.5,6,10.5,6.5],"texture":"#0"},"south":{"uv":[9.5,3.5,12.5,4],"texture":"#0"},"west":{"uv":[9.5,6,10.5,6.5],"texture":"#0"},"up":{"uv":[12.5,6,9.5,5],"texture":"#0"},"down":{"uv":[12.5,4,9.5,5],"texture":"#0"}}},{"from":[13,1,1],"to":[16,2,4],"faces":{"north":{"uv":[6.5,0,8,0.5],"texture":"#0"},"east":{"uv":[6.5,0,8,0.5],"texture":"#0"},"south":{"uv":[6.5,0,8,0.5],"texture":"#0"},"west":{"uv":[6.5,0,8,0.5],"texture":"#0"},"up":{"uv":[8,3.5,6.5,2],"texture":"#0"},"down":{"uv":[8,0.5,6.5,2],"texture":"#0"}}},{"from":[13,1,5],"to":[16,2,8],"faces":{"north":{"uv":[9.5,0,11,0.5],"texture":"#0"},"east":{"uv":[9.5,0,11,0.5],"texture":"#0"},"south":{"uv":[9.5,0,11,0.5],"texture":"#0"},"west":{"uv":[9.5,0,11,0.5],"texture":"#0"},"up":{"uv":[11,3.5,9.5,2],"texture":"#0"},"down":{"uv":[11,0.5,9.5,2],"texture":"#0"}}},{"from":[9,1,1],"to":[12,2,4],"faces":{"north":{"uv":[5,0,6.5,0.5],"texture":"#0"},"east":{"uv":[5,0,6.5,0.5],"texture":"#0"},"south":{"uv":[5,0,6.5,0.5],"texture":"#0"},"west":{"uv":[5,0,6.5,0.5],"texture":"#0"},"up":{"uv":[6.5,3.5,5,2],"texture":"#0"},"down":{"uv":[6.5,0.5,5,2],"texture":"#0"}}},{"from":[9,1,5],"to":[12,2,8],"faces":{"north":{"uv":[8,0,9.5,0.5],"texture":"#0"},"east":{"uv":[8,0,9.5,0.5],"texture":"#0"},"south":{"uv":[8,0,9.5,0.5],"texture":"#0"},"west":{"uv":[8,0,9.5,0.5],"texture":"#0"},"up":{"uv":[9.5,3.5,8,2],"texture":"#0"},"down":{"uv":[9.5,0.5,8,2],"texture":"#0"}}},{"from":[3,1,6],"to":[6,3,9],"rotation":{"angle":0,"axis":"y","origin":[2,0,5]},"faces":{"north":{"uv":[12.5,3.5,14,4.5],"texture":"#0"},"east":{"uv":[12.5,6,14,7],"texture":"#0"},"south":{"uv":[12.5,3.5,14,4.5],"texture":"#0"},"west":{"uv":[12.5,6,14,7],"texture":"#0"},"up":{"uv":[14,6,12.5,4.5],"texture":"#0"},"down":{"uv":[14,4.5,12.5,6],"texture":"#0"}}},{"from":[17,1,4],"to":[20,3,7],"rotation":{"angle":0,"axis":"y","origin":[2,0,5]},"faces":{"north":{"uv":[8.5,10,10,11],"texture":"#0"},"east":{"uv":[8.5,12.5,10,13.5],"texture":"#0"},"south":{"uv":[8.5,11,10,12],"texture":"#0"},"west":{"uv":[8.5,12.5,10,13.5],"texture":"#0"},"up":{"uv":[10,12.5,8.5,11],"texture":"#0"},"down":{"uv":[10,11,8.5,12.5],"texture":"#0"}}},{"from":[21,1,4],"to":[24,3,7],"rotation":{"angle":0,"axis":"y","origin":[2,0,5]},"faces":{"north":{"uv":[10,13,11.5,14],"texture":"#0"},"east":{"uv":[8.5,12.5,10,13.5],"texture":"#0"},"south":{"uv":[8.5,11,10,12],"texture":"#0"},"west":{"uv":[8.5,12.5,10,13.5],"texture":"#0"},"up":{"uv":[10,12.5,8.5,11],"texture":"#0"},"down":{"uv":[10,11,8.5,12.5],"texture":"#0"}}},{"from":[5.25,1.1,6.25],"to":[7.25,2.6,8.25],"rotation":{"angle":22.5,"axis":"y","origin":[6,1.85,7.5]},"faces":{"north":{"uv":[0,7.5,1,8.25],"texture":"#0"},"east":{"uv":[1,7.5,2,8.25],"texture":"#0"},"south":{"uv":[1,7.5,0,8.25],"texture":"#0"},"west":{"uv":[0,7.5,1,8.25],"texture":"#0"},"up":{"uv":[1,9.25,0,8.25],"texture":"#0"},"down":{"uv":[1,8.25,0,9.25],"texture":"#0"}}},{"from":[1.75,1.1,6.25],"to":[3.75,2.6,8.25],"rotation":{"angle":-22.5,"axis":"y","origin":[3,1.85,7.5]},"faces":{"north":{"uv":[2.5,5.5,3.5,6.25],"texture":"#0"},"east":{"uv":[2.5,5.5,3.5,6.25],"texture":"#0"},"south":{"uv":[3.5,5.5,2.5,6.25],"texture":"#0"},"west":{"uv":[2.5,7.25,3.5,8],"texture":"#0"},"up":{"uv":[3.5,7.25,2.5,6.25],"texture":"#0"},"down":{"uv":[3.5,6.25,2.5,7.25],"texture":"#0"}}},{"from":[3,1,11],"to":[7,3,15],"rotation":{"angle":0,"axis":"y","origin":[2,0,6]},"faces":{"north":{"uv":[14,0,16,1],"texture":"#0"},"east":{"uv":[14,0,16,1],"texture":"#0"},"south":{"uv":[14,0,16,1],"texture":"#0"},"west":{"uv":[14,0,16,1],"texture":"#0"},"up":{"uv":[16,3,14,1],"texture":"#0"},"down":{"uv":[16,3,14,5],"texture":"#0"}}},{"from":[10,1,9],"to":[15,5,16],"faces":{"north":{"uv":[0,5.5,2.5,7.5],"texture":"#0"},"east":{"uv":[0,3.5,3.5,5.5],"texture":"#0"},"south":{"uv":[0,5.5,2.5,7.5],"texture":"#0"},"west":{"uv":[0,3.5,3.5,5.5],"texture":"#0"},"up":{"uv":[2.5,3.5,0,0],"texture":"#0"},"down":{"uv":[5,0,2.5,3.5],"texture":"#0"}}},{"from":[4,1,1],"to":[7,2,4],"rotation":{"angle":0,"axis":"y","origin":[2,0,0]},"faces":{"north":{"uv":[12.5,0,14,0.5],"texture":"#0"},"east":{"uv":[12.5,0,14,0.5],"texture":"#0"},"south":{"uv":[12.5,0,14,0.5],"texture":"#0"},"west":{"uv":[12.5,0,14,0.5],"texture":"#0"},"up":{"uv":[14,3.5,12.5,2],"texture":"#0"},"down":{"uv":[14,0.5,12.5,2],"texture":"#0"}}},{"from":[0,1,1],"to":[3,2,4],"rotation":{"angle":0,"axis":"y","origin":[2,0,0]},"faces":{"north":{"uv":[11,0,12.5,0.5],"texture":"#0"},"east":{"uv":[11,0,12.5,0.5],"texture":"#0"},"south":{"uv":[11,0,12.5,0.5],"texture":"#0"},"west":{"uv":[11,0,12.5,0.5],"texture":"#0"},"up":{"uv":[12.5,3.5,11,2],"texture":"#0"},"down":{"uv":[12.5,0.5,11,2],"texture":"#0"}}},{"from":[-14,1,5],"to":[-11,2,8],"rotation":{"angle":0,"axis":"y","origin":[2,0,0]},"faces":{"north":{"uv":[8.5,8,10,8.5],"texture":"#0"},"east":{"uv":[8.5,8,10,8.5],"texture":"#0"},"south":{"uv":[8.5,8,10,8.5],"texture":"#0"},"west":{"uv":[8.5,8,10,8.5],"texture":"#0"},"up":{"uv":[10,10,8.5,8.5],"texture":"#0"},"down":{"uv":[10,8.5,8.5,10],"texture":"#0"}}},{"from":[-14,1,1],"to":[-11,2,4],"rotation":{"angle":0,"axis":"y","origin":[2,0,0]},"faces":{"north":{"uv":[5,6.5,6.5,7],"texture":"#0"},"east":{"uv":[5,6.5,6.5,7],"texture":"#0"},"south":{"uv":[5,6.5,6.5,7],"texture":"#0"},"west":{"uv":[5,6.5,6.5,7],"texture":"#0"},"up":{"uv":[6.5,8.5,5,7],"texture":"#0"},"down":{"uv":[6.5,7,5,8.5],"texture":"#0"}}},{"from":[-10,1,5],"to":[-7,2,8],"rotation":{"angle":0,"axis":"y","origin":[2,0,0]},"faces":{"north":{"uv":[5,8.5,6.5,9],"texture":"#0"},"east":{"uv":[5,8.5,6.5,9],"texture":"#0"},"south":{"uv":[5,8.5,6.5,9],"texture":"#0"},"west":{"uv":[5,8.5,6.5,9],"texture":"#0"},"up":{"uv":[6.5,12,5,10.5],"texture":"#0"},"down":{"uv":[6.5,9,5,10.5],"texture":"#0"}}},{"from":[-13.5,1.5,5.5],"to":[-11.5,2.5,7.5],"rotation":{"angle":0,"axis":"y","origin":[2,0,0]},"faces":{"north":{"uv":[9.5,6.5,10.5,7],"texture":"#0"},"east":{"uv":[9.5,6.5,10.5,7],"texture":"#0"},"south":{"uv":[9.5,6.5,10.5,7],"texture":"#0"},"west":{"uv":[9.5,6.5,10.5,7],"texture":"#0"},"up":{"uv":[11.5,7,10.5,6],"texture":"#0"},"down":{"uv":[12.5,6,11.5,7],"texture":"#0"}}},{"from":[-3,1,1],"to":[-1,3,3],"rotation":{"angle":0,"axis":"y","origin":[2,0,0]},"faces":{"north":{"uv":[15,6,16,7],"texture":"#0"},"east":{"uv":[15,6,16,7],"texture":"#0"},"south":{"uv":[15,6,16,7],"texture":"#0"},"west":{"uv":[15,6,16,7],"texture":"#0"},"up":{"uv":[16,6,15,5],"texture":"#0"},"down":{"uv":[16,7,15,8],"texture":"#0"}}},{"from":[-6,1,1],"to":[-4,3,3],"rotation":{"angle":0,"axis":"y","origin":[2,0,0]},"faces":{"north":{"uv":[14,6,15,7],"texture":"#0"},"east":{"uv":[14,6,15,7],"texture":"#0"},"south":{"uv":[14,6,15,7],"texture":"#0"},"west":{"uv":[14,6,15,7],"texture":"#0"},"up":{"uv":[15,6,14,5],"texture":"#0"},"down":{"uv":[15,7,14,8],"texture":"#0"}}},{"from":[-6.5,1,9],"to":[-0.5,3,11],"rotation":{"angle":0,"axis":"y","origin":[2,0,0]},"faces":{"north":{"uv":[6.5,5.5,9.5,6.5],"texture":"#0"},"east":{"uv":[6.5,6.5,7.5,7.5],"texture":"#0"},"south":{"uv":[6.5,5.5,9.5,6.5],"texture":"#0"},"west":{"uv":[6.5,6.5,7.5,7.5],"texture":"#0"},"up":{"uv":[9.5,4.5,6.5,3.5],"texture":"#0"},"down":{"uv":[9.5,4.5,6.5,5.5],"texture":"#0"}}},{"from":[-9.5,1,9],"to":[-7.5,3,11],"rotation":{"angle":0,"axis":"y","origin":[2,0,0]},"faces":{"north":{"uv":[6.5,11,7.5,12],"texture":"#0"},"east":{"uv":[6.5,11,7.5,12],"texture":"#0"},"south":{"uv":[6.5,11,7.5,12],"texture":"#0"},"west":{"uv":[6.5,11,7.5,12],"texture":"#0"},"up":{"uv":[7.5,10,6.5,9],"texture":"#0"},"down":{"uv":[7.5,10,6.5,11],"texture":"#0"}}},{"from":[-9.5,1,12],"to":[-7.5,3,14],"rotation":{"angle":0,"axis":"y","origin":[2,0,0]},"faces":{"north":{"uv":[7.5,12,8.5,13],"texture":"#0"},"east":{"uv":[7.5,12,8.5,13],"texture":"#0"},"south":{"uv":[7.5,12,8.5,13],"texture":"#0"},"west":{"uv":[7.5,12,8.5,13],"texture":"#0"},"up":{"uv":[8.5,11,7.5,10],"texture":"#0"},"down":{"uv":[8.5,11,7.5,12],"texture":"#0"}}},{"from":[-6.5,1,12],"to":[-0.5,3,14],"rotation":{"angle":0,"axis":"y","origin":[2,0,0]},"faces":{"north":{"uv":[3.5,5.5,6.5,6.5],"texture":"#0"},"east":{"uv":[3.5,6.5,4.5,7.5],"texture":"#0"},"south":{"uv":[3.5,5.5,6.5,6.5],"texture":"#0"},"west":{"uv":[3.5,6.5,4.5,7.5],"texture":"#0"},"up":{"uv":[6.5,4.5,3.5,3.5],"texture":"#0"},"down":{"uv":[6.5,4.5,3.5,5.5],"texture":"#0"}}},{"from":[-6.5,1,16],"to":[5.5,3,18],"rotation":{"angle":0,"axis":"y","origin":[-9.5,1,-6]},"faces":{"north":{"uv":[10,8,16,9],"texture":"#0"},"east":{"uv":[13,7,14,8],"texture":"#0"},"south":{"uv":[10,8,16,9],"texture":"#0"},"west":{"uv":[13,7,14,8],"texture":"#0"},"up":{"uv":[10,9,16,10],"texture":"#0"},"down":{"uv":[10,10,16,11],"texture":"#0"}}},{"from":[-13,1,14],"to":[-11,4,18],"faces":{"north":{"uv":[6.5,7.5,7.5,9],"texture":"#0"},"east":{"uv":[7.5,6.5,9.5,8],"texture":"#0"},"south":{"uv":[7.5,7.5,6.5,9],"texture":"#0"},"west":{"uv":[7.5,6.5,9.5,8],"texture":"#0"},"up":{"uv":[7.5,8,8.5,10],"texture":"#0"},"down":{"uv":[7.5,8,8.5,10],"texture":"#0"}}},{"from":[-6,1,-3],"to":[-4,3,-1],"rotation":{"angle":0,"axis":"y","origin":[2,0,0]},"faces":{"north":{"uv":[15,12,16,13],"texture":"#0"},"east":{"uv":[15,12,16,13],"texture":"#0"},"south":{"uv":[15,12,16,13],"texture":"#0"},"west":{"uv":[15,12,16,13],"texture":"#0"},"up":{"uv":[16,12,15,11],"texture":"#0"},"down":{"uv":[16,13,15,14],"texture":"#0"}}},{"from":[-3,1,-3],"to":[-1,3,-1],"rotation":{"angle":0,"axis":"y","origin":[2,0,0]},"faces":{"north":{"uv":[14,12,15,13],"texture":"#0"},"east":{"uv":[14,12,15,13],"texture":"#0"},"south":{"uv":[14,12,15,13],"texture":"#0"},"west":{"uv":[14,12,15,13],"texture":"#0"},"up":{"uv":[15,12,14,11],"texture":"#0"},"down":{"uv":[15,13,14,14],"texture":"#0"}}},{"from":[-10,1,15],"to":[-7,4,16],"rotation":{"angle":0,"axis":"y","origin":[2,0,0]},"faces":{"north":{"uv":[12.5,11,14,12.5],"texture":"#0"},"east":{"uv":[13,13,13.5,14.5],"texture":"#0"},"south":{"uv":[14,11,12.5,12.5],"texture":"#0"},"west":{"uv":[13.5,13,14,14.5],"texture":"#0"},"up":{"uv":[14,13,12.5,12.5],"texture":"#0"},"down":{"uv":[14,12.5,12.5,13],"texture":"#0"}}},{"from":[-10,1,17],"to":[-7,4,18],"rotation":{"angle":0,"axis":"y","origin":[2,0,0]},"faces":{"north":{"uv":[11,11,12.5,12.5],"texture":"#0"},"east":{"uv":[11.5,13,12,14.5],"texture":"#0"},"south":{"uv":[12.5,11,11,12.5],"texture":"#0"},"west":{"uv":[12,13,12.5,14.5],"texture":"#0"},"up":{"uv":[12.5,13,11,12.5],"texture":"#0"},"down":{"uv":[12.5,12.5,11,13],"texture":"#0"}}}],"gui_light":"front","display":{"thirdperson_righthand":{"rotation":[67.5,0,0],"translation":[1.75,2.5,2],"scale":[0.29883,0.29883,0.29883]},"thirdperson_lefthand":{"rotation":[67.5,0,0],"translation":[-2.25,2.5,2],"scale":[0.29883,0.29883,0.29883]},"firstperson_righthand":{"translation":[1.75,4.75,0],"scale":[0.4,0.4,0.4]},"firstperson_lefthand":{"translation":[-1.5,4.75,0],"scale":[0.4,0.4,0.4]},"ground":{"translation":[0,3,0],"scale":[0.5,0.5,0.5]},"gui":{"rotation":[30,225,0],"translation":[-1.5,0.5,0],"scale":[0.42,0.42,0.42]},"head":{"translation":[0,-32,0],"scale":[0,0,0]},"fixed":{"rotation":[-90,0,0],"translation":[0,0,-16],"scale":[2,2,2]}},"groups":[{"name":"group","origin":[2,0,0],"color":0,"children":[0,1,2,3,4,5,6,7,8,9,10,11,12,13,14,15,16,17,18,19,20,21,22,23,24,25,26,27,28,29]}]}