{"groups":[{"name":"Sides","origin":[0,0,0],"color":0,"children":[0,1,2,3,4,5,6,7,8,9,10,11,12,13,14,15,16,17,18,19,20]},{"name":"Bottom","origin":[0,0,0],"color":0,"children":[21,22]},{"name":"Bottom","origin":[0,0,0],"color":0,"children":[23,24]}],"texture_size":[64,64],"textures":{"0":"custom/blocks/rizaan/village/furniture_crate_default","particle":"custom/blocks/rizaan/village/furniture_crate_default"},"elements":[{"from":[1,12,1],"to":[13,14,3],"rotation":{"angle":0,"axis":"y","origin":[8,0,8]},"faces":{"north":{"uv":[2.5,3.5,5.5,4],"texture":"#0"},"east":{"uv":[0.5,5,1,5.5],"texture":"#0"},"south":{"uv":[6.375,3.875,9.375,4.375],"texture":"#0"},"west":{"uv":[1,5,1.5,5.5],"texture":"#0"},"up":{"uv":[7,1,4,0.5],"texture":"#0"},"down":{"uv":[7,1,4,1.5],"texture":"#0"}}},{"from":[1,0,1],"to":[13,2,3],"rotation":{"angle":0,"axis":"y","origin":[8,0,8]},"faces":{"north":{"uv":[4,1.5,7,2],"texture":"#0"},"east":{"uv":[1.5,5,2,5.5],"texture":"#0"},"south":{"uv":[4,2,7,2.5],"texture":"#0"},"west":{"uv":[2,5,2.5,5.5],"texture":"#0"},"up":{"uv":[5.5,4.5,2.5,4],"texture":"#0"},"down":{"uv":[7,2.5,4,3],"texture":"#0"}}},{"from":[3,2,2],"to":[13,12,3],"rotation":{"angle":0,"axis":"y","origin":[7.5,0,8]},"faces":{"north":{"uv":[2.5,0,0,2.5],"texture":"#0"},"east":{"uv":[0,5,0.25,7.5],"texture":"#0"},"south":{"uv":[0,2.5,2.5,5],"texture":"#0"},"west":{"uv":[0.25,5,0.5,7.5],"texture":"#0"},"up":{"uv":[6.5,3.25,4,3],"texture":"#0"},"down":{"uv":[6.5,3.25,4,3.5],"texture":"#0"}}},{"from":[1,2,1],"to":[3,12,3],"rotation":{"angle":0,"axis":"y","origin":[-2.5,0,7.5]},"faces":{"north":{"uv":[4.5,4.5,4,7],"texture":"#0"},"east":{"uv":[3,4.5,3.5,7],"texture":"#0"},"south":{"uv":[3.5,4.5,4,7],"texture":"#0"},"west":{"uv":[4,4.5,4.5,7],"texture":"#0"},"up":{"uv":[5.5,5,5,4.5],"texture":"#0"},"down":{"uv":[5.5,5,5,5.5],"texture":"#0"}}},{"from":[1.5,2,1.01],"to":[4.5,16.125,2.01],"rotation":{"angle":-45,"axis":"z","origin":[3,2,2]},"faces":{"north":{"uv":[3.25,3.5,2.5,0],"texture":"#0"},"east":{"uv":[5,4.5,4.75,8],"texture":"#0"},"south":{"uv":[4,0,3.25,3.5],"texture":"#0"},"west":{"uv":[4.75,4.5,4.5,8],"texture":"#0"},"up":{"uv":[0.5,5.75,1.25,5.5],"texture":"#0"},"down":{"uv":[1.25,5.5,2,5.75],"texture":"#0"}}},{"from":[6.49394,-0.06856,1.135],"to":[9.49394,14.05644,2.135],"rotation":{"angle":45,"axis":"z","origin":[7.99394,6.99394,1.51]},"faces":{"north":{"uv":[2.5,3.5,3.25,0],"texture":"#0"},"east":{"uv":[5,4.5,4.75,8],"texture":"#0"},"south":{"uv":[4,0,3.25,3.5],"texture":"#0"},"west":{"uv":[4.75,4.5,4.5,8],"texture":"#0"},"up":{"uv":[0.5,5.75,1.25,5.5],"texture":"#0"},"down":{"uv":[1.25,5.5,2,5.75],"texture":"#0"}}},{"from":[13.99,2,11.5],"to":[14.99,16.125,14.5],"rotation":{"angle":-45,"axis":"x","origin":[14,2,13]},"faces":{"north":{"uv":[4.75,4.5,5,8],"texture":"#0"},"east":{"uv":[2.5,3.5,3.25,0],"texture":"#0"},"south":{"uv":[4.5,4.5,4.75,8],"texture":"#0"},"west":{"uv":[3.25,0,4,3.5],"texture":"#0"},"up":{"uv":[1.25,5.75,0.5,5.5],"rotation":90,"texture":"#0"},"down":{"uv":[2,5.5,1.25,5.75],"rotation":270,"texture":"#0"}}},{"from":[13,2,1],"to":[15,12,3],"rotation":{"angle":0,"axis":"y","origin":[8.5,0,-2.5]},"faces":{"north":{"uv":[4,4.5,4.5,7],"texture":"#0"},"east":{"uv":[4.5,4.5,4,7],"texture":"#0"},"south":{"uv":[3,4.5,3.5,7],"texture":"#0"},"west":{"uv":[3.5,4.5,4,7],"texture":"#0"},"up":{"uv":[5.5,5,5,4.5],"rotation":90,"texture":"#0"},"down":{"uv":[5.5,5,5,5.5],"rotation":270,"texture":"#0"}}},{"from":[13,2,3],"to":[14,12,13],"rotation":{"angle":0,"axis":"y","origin":[8,0,7.5]},"faces":{"north":{"uv":[0.25,5,0.5,7.5],"texture":"#0"},"east":{"uv":[0,0,2.5,2.5],"texture":"#0"},"south":{"uv":[0,5,0.25,7.5],"texture":"#0"},"west":{"uv":[0,2.5,2.5,5],"texture":"#0"},"up":{"uv":[6.5,3.25,4,3],"rotation":90,"texture":"#0"},"down":{"uv":[6.5,3.25,4,3.5],"rotation":270,"texture":"#0"}}},{"from":[13,0,1],"to":[15,2,13],"rotation":{"angle":0,"axis":"y","origin":[8,0,8]},"faces":{"north":{"uv":[2,5,2.5,5.5],"texture":"#0"},"east":{"uv":[4,1.5,7,2],"texture":"#0"},"south":{"uv":[1.5,5,2,5.5],"texture":"#0"},"west":{"uv":[4,2,7,2.5],"texture":"#0"},"up":{"uv":[5.5,4.5,2.5,4],"rotation":90,"texture":"#0"},"down":{"uv":[7,2.5,4,3],"rotation":270,"texture":"#0"}}},{"from":[13,12,1],"to":[15,14,13],"rotation":{"angle":0,"axis":"y","origin":[8,0,8]},"faces":{"north":{"uv":[1,5,1.5,5.5],"texture":"#0"},"east":{"uv":[2.5,3.5,5.5,4],"texture":"#0"},"south":{"uv":[0.5,5,1,5.5],"texture":"#0"},"west":{"uv":[6.375,3.875,9.375,4.375],"texture":"#0"},"up":{"uv":[7,1,4,0.5],"rotation":90,"texture":"#0"},"down":{"uv":[7,1,4,1.5],"rotation":270,"texture":"#0"}}},{"from":[6.49394,-0.06856,13.99],"to":[9.49394,14.05644,14.99],"rotation":{"angle":45,"axis":"z","origin":[7.99394,6.99394,14.49]},"faces":{"north":{"uv":[3.25,0,4,3.5],"texture":"#0"},"east":{"uv":[4.75,4.5,5,8],"texture":"#0"},"south":{"uv":[3.25,3.5,2.5,0],"texture":"#0"},"west":{"uv":[4.5,4.5,4.75,8],"texture":"#0"},"up":{"uv":[1.25,5.75,0.5,5.5],"rotation":180,"texture":"#0"},"down":{"uv":[2,5.5,1.25,5.75],"rotation":180,"texture":"#0"}}},{"from":[13,2,13],"to":[15,12,15],"rotation":{"angle":0,"axis":"y","origin":[18.5,0,8.5]},"faces":{"north":{"uv":[3.5,4.5,4,7],"texture":"#0"},"east":{"uv":[4,4.5,4.5,7],"texture":"#0"},"south":{"uv":[4.5,4.5,4,7],"texture":"#0"},"west":{"uv":[3,4.5,3.5,7],"texture":"#0"},"up":{"uv":[5.5,5,5,4.5],"rotation":180,"texture":"#0"},"down":{"uv":[5.5,5,5,5.5],"rotation":180,"texture":"#0"}}},{"from":[3,2,13],"to":[13,12,14],"rotation":{"angle":0,"axis":"y","origin":[8.5,0,8]},"faces":{"north":{"uv":[0,2.5,2.5,5],"texture":"#0"},"east":{"uv":[0.25,5,0.5,7.5],"texture":"#0"},"south":{"uv":[2.5,0,0,2.5],"texture":"#0"},"west":{"uv":[0,5,0.25,7.5],"texture":"#0"},"up":{"uv":[6.5,3.25,4,3],"rotation":180,"texture":"#0"},"down":{"uv":[6.5,3.25,4,3.5],"rotation":180,"texture":"#0"}}},{"from":[3,0,13],"to":[15,2,15],"rotation":{"angle":0,"axis":"y","origin":[8,0,8]},"faces":{"north":{"uv":[4,2,7,2.5],"texture":"#0"},"east":{"uv":[2,5,2.5,5.5],"texture":"#0"},"south":{"uv":[4,1.5,7,2],"texture":"#0"},"west":{"uv":[1.5,5,2,5.5],"texture":"#0"},"up":{"uv":[5.5,4.5,2.5,4],"rotation":180,"texture":"#0"},"down":{"uv":[7,2.5,4,3],"rotation":180,"texture":"#0"}}},{"from":[3,12,13],"to":[15,14,15],"rotation":{"angle":0,"axis":"y","origin":[8,0,8]},"faces":{"north":{"uv":[6.375,3.875,9.375,4.375],"texture":"#0"},"east":{"uv":[1,5,1.5,5.5],"texture":"#0"},"south":{"uv":[2.5,3.5,5.5,4],"texture":"#0"},"west":{"uv":[0.5,5,1,5.5],"texture":"#0"},"up":{"uv":[7,1,4,0.5],"rotation":180,"texture":"#0"},"down":{"uv":[7,1,4,1.5],"rotation":180,"texture":"#0"}}},{"from":[1.01,2,1.5],"to":[2.01,16.125,4.5],"rotation":{"angle":45,"axis":"x","origin":[2,2,3]},"faces":{"north":{"uv":[4.5,4.5,4.75,8],"texture":"#0"},"east":{"uv":[3.25,0,4,3.5],"texture":"#0"},"south":{"uv":[4.75,4.5,5,8],"texture":"#0"},"west":{"uv":[2.5,3.5,3.25,0],"texture":"#0"},"up":{"uv":[1.25,5.75,0.5,5.5],"rotation":270,"texture":"#0"},"down":{"uv":[2,5.5,1.25,5.75],"rotation":90,"texture":"#0"}}},{"from":[1,2,13],"to":[3,12,15],"rotation":{"angle":0,"axis":"y","origin":[7.5,0,18.5]},"faces":{"north":{"uv":[3,4.5,3.5,7],"texture":"#0"},"east":{"uv":[3.5,4.5,4,7],"texture":"#0"},"south":{"uv":[4,4.5,4.5,7],"texture":"#0"},"west":{"uv":[4.5,4.5,4,7],"texture":"#0"},"up":{"uv":[5.5,5,5,4.5],"rotation":270,"texture":"#0"},"down":{"uv":[5.5,5,5,5.5],"rotation":90,"texture":"#0"}}},{"from":[2,2,3],"to":[3,12,13],"rotation":{"angle":0,"axis":"y","origin":[8,0,8.5]},"faces":{"north":{"uv":[0,5,0.25,7.5],"texture":"#0"},"east":{"uv":[0,2.5,2.5,5],"texture":"#0"},"south":{"uv":[0.25,5,0.5,7.5],"texture":"#0"},"west":{"uv":[0,0,2.5,2.5],"texture":"#0"},"up":{"uv":[6.5,3.25,4,3],"rotation":270,"texture":"#0"},"down":{"uv":[6.5,3.25,4,3.5],"rotation":90,"texture":"#0"}}},{"from":[1,0,3],"to":[3,2,15],"rotation":{"angle":0,"axis":"y","origin":[8,0,8]},"faces":{"north":{"uv":[1.5,5,2,5.5],"texture":"#0"},"east":{"uv":[4,2,7,2.5],"texture":"#0"},"south":{"uv":[2,5,2.5,5.5],"texture":"#0"},"west":{"uv":[4,1.5,7,2],"texture":"#0"},"up":{"uv":[5.5,4.5,2.5,4],"rotation":270,"texture":"#0"},"down":{"uv":[7,2.5,4,3],"rotation":90,"texture":"#0"}}},{"from":[1,12,3],"to":[3,14,15],"rotation":{"angle":0,"axis":"y","origin":[8,0,8]},"faces":{"north":{"uv":[0.5,5,1,5.5],"texture":"#0"},"east":{"uv":[6.375,3.875,9.375,4.375],"texture":"#0"},"south":{"uv":[1,5,1.5,5.5],"texture":"#0"},"west":{"uv":[2.5,3.5,5.5,4],"texture":"#0"},"up":{"uv":[7,1,4,0.5],"rotation":270,"texture":"#0"},"down":{"uv":[7,1,4,1.5],"rotation":90,"texture":"#0"}}},{"from":[3,1,3],"to":[13,2,13],"rotation":{"angle":0,"axis":"y","origin":[15,7,8.5]},"faces":{"north":{"uv":[0,5,0.25,7.5],"rotation":90,"texture":"#0"},"east":{"uv":[6.5,3.25,4,3.5],"texture":"#0"},"south":{"uv":[0.25,5,0.5,7.5],"rotation":270,"texture":"#0"},"west":{"uv":[6.5,3.25,4,3],"rotation":180,"texture":"#0"},"up":{"uv":[0,2.5,2.5,5],"rotation":270,"texture":"#0"},"down":{"uv":[0,0,2.5,2.5],"rotation":270,"texture":"#0"}}},{"from":[-1.125,0.01,1.5],"to":[13,1.01,4.5],"rotation":{"angle":45,"axis":"y","origin":[13,1,3]},"faces":{"north":{"uv":[4.5,4.5,4.75,8],"rotation":90,"texture":"#0"},"east":{"uv":[2,5.5,1.25,5.75],"texture":"#0"},"south":{"uv":[4.75,4.5,5,8],"rotation":270,"texture":"#0"},"west":{"uv":[1.25,5.75,0.5,5.5],"rotation":180,"texture":"#0"},"up":{"uv":[3.25,0,4,3.5],"rotation":270,"texture":"#0"},"down":{"uv":[2.5,0,3.25,3.5],"rotation":270,"texture":"#0"}}},{"from":[3,12,3],"to":[13,13,13],"rotation":{"angle":0,"axis":"y","origin":[15,7,8.5]},"faces":{"north":{"uv":[0.25,5,0,7.5],"rotation":90,"texture":"#0"},"east":{"uv":[6.5,3.5,4,3.25],"texture":"#0"},"south":{"uv":[0.5,5,0.25,7.5],"rotation":270,"texture":"#0"},"west":{"uv":[6.5,3,4,3.25],"rotation":180,"texture":"#0"},"up":{"uv":[2.5,0,0,2.5],"rotation":270,"texture":"#0"},"down":{"uv":[2.5,2.5,0,5],"rotation":270,"texture":"#0"}}},{"from":[-1.125,12.99,1.5],"to":[13,13.99,4.5],"rotation":{"angle":45,"axis":"y","origin":[13,13,3]},"faces":{"north":{"uv":[4.75,4.5,4.5,8],"rotation":90,"texture":"#0"},"east":{"uv":[2,5.75,1.25,5.5],"texture":"#0"},"south":{"uv":[5,4.5,4.75,8],"rotation":270,"texture":"#0"},"west":{"uv":[1.25,5.5,0.5,5.75],"rotation":180,"texture":"#0"},"up":{"uv":[3.25,0,2.5,3.5],"rotation":270,"texture":"#0"},"down":{"uv":[4,0,3.25,3.5],"rotation":270,"texture":"#0"}}}],"gui_light":"front","display":{"thirdperson_righthand":{"rotation":[75,45,0],"translation":[0,2.5,0],"scale":[0.375,0.375,0.375]},"thirdperson_lefthand":{"rotation":[75,45,0],"translation":[0,2.5,0],"scale":[0.375,0.375,0.375]},"firstperson_righthand":{"rotation":[0,45,0],"translation":[0,3,0],"scale":[0.4,0.4,0.4]},"firstperson_lefthand":{"rotation":[0,225,0],"translation":[0,3,0],"scale":[0.4,0.4,0.4]},"ground":{"translation":[0,0.75,0],"scale":[0.5,0.5,0.5]},"gui":{"rotation":[30,225,0],"scale":[0.625,0.625,0.625]},"fixed":{"rotation":[-90,0,0],"translation":[0,0,-15],"scale":[2,2,2]}}}