{
	"credit": "Made with Blockbench",
	"texture_size": [64, 64],
	"textures": {
		"0": "glorious:item/hats/moyaihat",
		"particle": "glorious:item/hats/moyaihat"
	},
	"elements": [
		{
			"name": "head mouth",
			"from": [3, 3, 4],
			"to": [13, 8, 13],
			"faces": {
				"north": {"uv": [7, 8.25, 9.5, 9.5], "texture": "#0"},
				"east": {"uv": [5.5, 9.5, 7.75, 10.75], "texture": "#0"},
				"south": {"uv": [9, 1.5, 11.5, 2.75], "texture": "#0"},
				"west": {"uv": [7.75, 9.5, 10, 10.75], "texture": "#0"},
				"up": {"uv": [7.5, 2.25, 5, 0], "texture": "#0"},
				"down": {"uv": [7.5, 2.25, 5, 4.5], "texture": "#0"}
			}
		},
		{
			"name": "head eye",
			"from": [3, 8, 4],
			"to": [13, 13, 13],
			"faces": {
				"north": {"uv": [9, 2.75, 11.5, 4], "texture": "#0"},
				"east": {"uv": [9.5, 8.25, 11.75, 9.5], "texture": "#0"},
				"south": {"uv": [3, 9, 5.5, 10.25], "texture": "#0"},
				"west": {"uv": [0, 10, 2.25, 11.25], "texture": "#0"},
				"up": {"uv": [7.5, 6.75, 5, 4.5], "texture": "#0"},
				"down": {"uv": [2.5, 5.5, 0, 7.75], "texture": "#0"}
			}
		},
		{
			"name": "head top",
			"from": [3.5, 16, 3.5],
			"to": [12.5, 19, 12.5],
			"faces": {
				"north": {"uv": [11.5, 2.25, 13.75, 3], "texture": "#0"},
				"east": {"uv": [11.5, 3, 13.75, 3.75], "texture": "#0"},
				"south": {"uv": [5.75, 11.5, 8, 12.25], "texture": "#0"},
				"west": {"uv": [11.75, 8, 14, 8.75], "texture": "#0"},
				"up": {"uv": [4.75, 7.75, 2.5, 5.5], "texture": "#0"},
				"down": {"uv": [7, 6.75, 4.75, 9], "texture": "#0"}
			}
		},
		{
			"name": "jaw",
			"from": [3, -1, 2],
			"to": [13, 3, 13],
			"faces": {
				"north": {"uv": [10, 9.5, 12.5, 10.5], "texture": "#0"},
				"east": {"uv": [10, 6, 12.75, 7], "texture": "#0"},
				"south": {"uv": [2.25, 10.25, 4.75, 11.25], "texture": "#0"},
				"west": {"uv": [10, 7, 12.75, 8], "texture": "#0"},
				"up": {"uv": [2.5, 2.75, 0, 0], "texture": "#0"},
				"down": {"uv": [5, 0, 2.5, 2.75], "texture": "#0"}
			}
		},
		{
			"name": "forehead",
			"from": [3, 13, 2],
			"to": [13, 16, 13],
			"faces": {
				"north": {"uv": [0, 11.25, 2.5, 12], "texture": "#0"},
				"east": {"uv": [10.5, 0, 13.25, 0.75], "texture": "#0"},
				"south": {"uv": [11, 11.25, 13.5, 12], "texture": "#0"},
				"west": {"uv": [10.5, 0.75, 13.25, 1.5], "texture": "#0"},
				"up": {"uv": [2.5, 5.5, 0, 2.75], "texture": "#0"},
				"down": {"uv": [5, 2.75, 2.5, 5.5], "texture": "#0"}
			}
		},
		{
			"name": "nose top",
			"from": [6, 10, 3],
			"to": [10, 13, 11],
			"faces": {
				"north": {"uv": [9, 6, 10, 6.75], "texture": "#0"},
				"east": {"uv": [8, 11.5, 10, 12.25], "texture": "#0"},
				"south": {"uv": [3.5, 12, 4.5, 12.75], "texture": "#0"},
				"west": {"uv": [11.75, 8.75, 13.75, 9.5], "texture": "#0"},
				"up": {"uv": [11, 12.5, 10, 10.5], "texture": "#0"},
				"down": {"uv": [5.75, 10.75, 4.75, 12.75], "texture": "#0"}
			}
		},
		{
			"name": "nose middle",
			"from": [5, 7, 2],
			"to": [11, 10, 11],
			"faces": {
				"north": {"uv": [2, 12, 3.5, 12.75], "texture": "#0"},
				"east": {"uv": [2.5, 11.25, 4.75, 12], "texture": "#0"},
				"south": {"uv": [12, 3.75, 13.5, 4.5], "texture": "#0"},
				"west": {"uv": [11.5, 1.5, 13.75, 2.25], "texture": "#0"},
				"up": {"uv": [1.5, 10, 0, 7.75], "texture": "#0"},
				"down": {"uv": [3, 7.75, 1.5, 10], "texture": "#0"}
			}
		},
		{
			"name": "nose bottom",
			"from": [5, 4, 1],
			"to": [11, 7, 11],
			"faces": {
				"north": {"uv": [3, 7.75, 4.5, 8.5], "texture": "#0"},
				"east": {"uv": [5.75, 10.75, 8.25, 11.5], "texture": "#0"},
				"south": {"uv": [8.25, 10.75, 9.75, 11.5], "texture": "#0"},
				"west": {"uv": [11, 10.5, 13.5, 11.25], "texture": "#0"},
				"up": {"uv": [9, 4, 7.5, 1.5], "texture": "#0"},
				"down": {"uv": [9, 4, 7.5, 6.5], "texture": "#0"}
			}
		},
		{
			"name": "ears",
			"from": [2, 6, 7],
			"to": [14, 12, 11],
			"faces": {
				"north": {"uv": [7, 6.75, 10, 8.25], "texture": "#0"},
				"east": {"uv": [0, 12, 1, 13.5], "texture": "#0"},
				"south": {"uv": [7.5, 0, 10.5, 1.5], "texture": "#0"},
				"west": {"uv": [1, 12, 2, 13.5], "texture": "#0"},
				"up": {"uv": [12, 5, 9, 4], "texture": "#0"},
				"down": {"uv": [12, 5, 9, 6], "texture": "#0"}
			}
		}
	],
	"display": {
		"thirdperson_righthand": {
			"scale": [0.5, 0.5, 0.5]
		},
		"thirdperson_lefthand": {
			"scale": [0.5, 0.5, 0.5]
		},
		"firstperson_righthand": {
			"scale": [0.5, 0.5, 0.5]
		},
		"firstperson_lefthand": {
			"scale": [0.5, 0.5, 0.5]
		},
		"ground": {
			"scale": [0.5, 0.5, 0.5]
		},
		"gui": {
			"rotation": [22, 145, 0],
			"translation": [0, -0.5, 0],
			"scale": [0.62, 0.62, 0.62]
		},
		"head": {
			"translation": [0, 5.75, -0.5],
			"scale": [1.68, 1.68, 1.68]
		},
		"fixed": {
			"translation": [0, -1, 0]
		}
	},
	"groups": [
		{
			"name": "base",
			"origin": [0, 0, 0],
			"color": 0,
			"children": [0, 1, 2, 3, 4]
		},
		{
			"name": "extrusions",
			"origin": [0, 0, 0],
			"color": 0,
			"children": [5, 6, 7, 8]
		}
	]
}