{"groups":[{"name":"bone","origin":[0,0,0],"color":0,"children":[0,1,2,3,4,5,6,7,8,9,10,11,12]},13,14,{"name":"apples","origin":[5.5,7,4],"color":0,"children":[15,16,17,18,19,20,21]}],"texture_size":[64,64],"textures":{"1":"custom/blocks/rizaan/village/food_crate_1_default","3":"custom/blocks/rizaan/village/enchanted_apples_animation"},"elements":[{"from":[12.5,0,1.5],"to":[14.5,9,3.5],"faces":{"north":{"uv":[4.5,6.25,5,8.5],"texture":"#1"},"east":{"uv":[4,6.25,4.5,8.5],"texture":"#1"},"south":{"uv":[5.5,6.25,6,8.5],"texture":"#1"},"west":{"uv":[5,6.25,5.5,8.5],"texture":"#1"},"up":{"uv":[5,6.25,4.5,5.75],"texture":"#1"},"down":{"uv":[5.5,5.75,5,6.25],"texture":"#1"}}},{"from":[14,5.76118,1.85403],"to":[15,9.76118,13.85403],"rotation":{"angle":-22.5,"axis":"x","origin":[8,7.76118,11.85403]},"faces":{"north":{"uv":[1.25,3,1,2],"rotation":180,"texture":"#1"},"east":{"uv":[0,3,1,6],"rotation":90,"texture":"#1"},"south":{"uv":[1.5,2,1.25,3],"texture":"#1"},"west":{"uv":[1.25,3,2.25,6],"rotation":270,"texture":"#1"},"up":{"uv":[2.25,3,2.5,6],"texture":"#1"},"down":{"uv":[1,3,1.25,6],"rotation":180,"texture":"#1"}}},{"from":[14.5,1,1.5],"to":[15.5,4,14.5],"rotation":{"angle":0,"axis":"x","origin":[8,2.5,13]},"faces":{"north":{"uv":[3.5,2.75,3.25,2],"rotation":180,"texture":"#1"},"east":{"uv":[2.5,2.75,3.25,6],"rotation":90,"texture":"#1"},"south":{"uv":[3.75,2,3.5,2.75],"texture":"#1"},"west":{"uv":[3.5,2.75,4.25,6],"rotation":270,"texture":"#1"},"up":{"uv":[4.25,2.75,4.5,6],"texture":"#1"},"down":{"uv":[3.25,2.75,3.5,6],"rotation":180,"texture":"#1"}}},{"from":[0.5,1,1.5],"to":[1.5,4,14.5],"shade":false,"rotation":{"angle":0,"axis":"x","origin":[8,2.5,13]},"faces":{"north":{"uv":[3.25,2.75,3.5,2],"rotation":180,"texture":"#1"},"east":{"uv":[4.25,2.75,3.5,6],"rotation":90,"texture":"#1"},"south":{"uv":[3.5,2,3.75,2.75],"texture":"#1"},"west":{"uv":[3.25,2.75,2.5,6],"rotation":270,"texture":"#1"},"up":{"uv":[4.5,2.75,4.25,6],"texture":"#1"},"down":{"uv":[3.5,2.75,3.25,6],"rotation":180,"texture":"#1"}}},{"from":[1,5.76118,1.85403],"to":[2,9.76118,13.85403],"shade":false,"rotation":{"angle":-22.5,"axis":"x","origin":[8,7.76118,11.85403]},"faces":{"north":{"uv":[1,3,1.25,2],"rotation":180,"texture":"#1"},"east":{"uv":[2.25,3,1.25,6],"rotation":90,"texture":"#1"},"south":{"uv":[1.25,2,1.5,3],"texture":"#1"},"west":{"uv":[1,3,0,6],"rotation":270,"texture":"#1"},"up":{"uv":[2.5,3,2.25,6],"texture":"#1"},"down":{"uv":[1.25,3,1,6],"rotation":180,"texture":"#1"}}},{"from":[1.5,0,1.5],"to":[3.5,9,3.5],"shade":false,"faces":{"north":{"uv":[5,6.25,4.5,8.5],"texture":"#1"},"east":{"uv":[5.5,6.25,5,8.5],"texture":"#1"},"south":{"uv":[6,6.25,5.5,8.5],"texture":"#1"},"west":{"uv":[4.5,6.25,4,8.5],"texture":"#1"},"up":{"uv":[4.5,6.25,5,5.75],"texture":"#1"},"down":{"uv":[5,5.75,5.5,6.25],"texture":"#1"}}},{"from":[1.5,0,12.5],"to":[3.5,13,14.5],"shade":false,"faces":{"north":{"uv":[5.5,2.5,5,5.75],"texture":"#1"},"east":{"uv":[6,2.5,5.5,5.75],"texture":"#1"},"south":{"uv":[6.5,2.5,6,5.75],"texture":"#1"},"west":{"uv":[5,2.5,4.5,5.75],"texture":"#1"},"up":{"uv":[5,2.5,5.5,2],"texture":"#1"},"down":{"uv":[5.5,2,6,2.5],"texture":"#1"}}},{"from":[12.5,0,12.5],"to":[14.5,13,14.5],"faces":{"north":{"uv":[5,2.5,5.5,5.75],"texture":"#1"},"east":{"uv":[4.5,2.5,5,5.75],"texture":"#1"},"south":{"uv":[6,2.5,6.5,5.75],"texture":"#1"},"west":{"uv":[5.5,2.5,6,5.75],"texture":"#1"},"up":{"uv":[5.5,2.5,5,2],"texture":"#1"},"down":{"uv":[6,2,5.5,2.5],"texture":"#1"}}},{"from":[1.5,4,14.5],"to":[14.5,7,15.5],"shade":false,"rotation":{"angle":0,"axis":"y","origin":[8,5.5,15]},"faces":{"north":{"uv":[7,1.25,3.75,2],"texture":"#1"},"east":{"uv":[0.25,1.25,0,2],"texture":"#1"},"south":{"uv":[3.5,1.25,0.25,2],"texture":"#1"},"west":{"uv":[3.75,1.25,3.5,2],"texture":"#1"},"up":{"uv":[0.25,1.25,3.5,1],"rotation":180,"texture":"#1"},"down":{"uv":[3.5,1,6.75,1.25],"rotation":180,"texture":"#1"}}},{"from":[1.5,8,14.5],"to":[14.5,11,15.5],"rotation":{"angle":0,"axis":"y","origin":[8,5.5,15]},"faces":{"north":{"uv":[3.75,0.25,7,1],"texture":"#1"},"east":{"uv":[3.5,0.25,3.75,1],"texture":"#1"},"south":{"uv":[0.25,0.25,3.5,1],"texture":"#1"},"west":{"uv":[0,0.25,0.25,1],"texture":"#1"},"up":{"uv":[3.5,0.25,0.25,0],"rotation":180,"texture":"#1"},"down":{"uv":[6.75,0,3.5,0.25],"rotation":180,"texture":"#1"}}},{"from":[1.5,0,14.5],"to":[14.5,3,15.5],"rotation":{"angle":0,"axis":"y","origin":[8,5.5,15]},"faces":{"north":{"uv":[3.75,1.25,7,2],"texture":"#1"},"east":{"uv":[3.5,1.25,3.75,2],"texture":"#1"},"south":{"uv":[0.25,1.25,3.5,2],"texture":"#1"},"west":{"uv":[0,1.25,0.25,2],"texture":"#1"},"up":{"uv":[3.5,1.25,0.25,1],"rotation":180,"texture":"#1"},"down":{"uv":[6.75,1,3.5,1.25],"rotation":180,"texture":"#1"}}},{"from":[1.5,4,0.5],"to":[14.5,7,1.5],"faces":{"north":{"uv":[0.25,0.25,3.5,1],"texture":"#1"},"east":{"uv":[0,0.25,0.25,1],"texture":"#1"},"south":{"uv":[3.75,0.25,7,1],"texture":"#1"},"west":{"uv":[3.5,0.25,3.75,1],"texture":"#1"},"up":{"uv":[3.5,0.25,0.25,0],"texture":"#1"},"down":{"uv":[6.75,0,3.5,0.25],"texture":"#1"}}},{"from":[1.5,0,0.5],"to":[14.5,3,1.5],"faces":{"north":{"uv":[0.25,1.25,3.5,2],"texture":"#1"},"east":{"uv":[0,1.25,0.25,2],"texture":"#1"},"south":{"uv":[3.75,1.25,7,2],"texture":"#1"},"west":{"uv":[3.5,1.25,3.75,2],"texture":"#1"},"up":{"uv":[3.5,1.25,0.25,1],"texture":"#1"},"down":{"uv":[6.75,1,3.5,1.25],"texture":"#1"}}},{"from":[2,0,2],"to":[14,9,14],"faces":{"north":{"uv":[13,0,16,2.25],"texture":"#1"},"east":{"uv":[16,2.25,13,4.5],"texture":"#1"},"south":{"uv":[13,4.5,16,6.75],"texture":"#1"},"west":{"uv":[13,2.25,16,4.5],"texture":"#1"},"up":{"uv":[15.375,0,16,0.625],"texture":"#1"},"down":{"uv":[15.5,0,16,0.5],"texture":"#1"}}},{"from":[2,9,1],"to":[14,9,14],"rotation":{"angle":-22.5,"axis":"x","origin":[8,9,14]},"faces":{"north":{"uv":[13,0,16,2.25],"texture":"#1"},"east":{"uv":[16,2.25,13,4.5],"texture":"#1"},"south":{"uv":[13,4.5,16,6.75],"texture":"#1"},"west":{"uv":[13,2.25,16,4.5],"texture":"#1"},"up":{"uv":[13,6.75,16,9.75],"texture":"#1"},"down":{"uv":[10,0,13,3],"texture":"#1"}}},{"from":[8.5,8,10],"to":[12.5,12,14],"rotation":{"angle":22.5,"axis":"y","origin":[10.5,10,12]},"faces":{"north":{"uv":[8.5,0,4.5,4],"texture":"#3"},"east":{"uv":[4.5,4.5,8.5,8.5],"texture":"#3"},"south":{"uv":[4.5,0,8.5,4],"texture":"#3"},"west":{"uv":[4.5,9,8.5,13],"texture":"#3"},"up":{"uv":[4.5,0,8.5,4],"texture":"#3"},"down":{"uv":[4.5,0,8.5,4],"texture":"#3"}}},{"from":[3.5,8,10],"to":[7.5,12,14],"rotation":{"angle":45,"axis":"x","origin":[5.5,10,12]},"faces":{"north":{"uv":[0,0,4,4],"rotation":270,"texture":"#3"},"east":{"uv":[0,0,4,4],"rotation":270,"texture":"#3"},"south":{"uv":[4.5,0,8.5,4],"rotation":270,"texture":"#3"},"west":{"uv":[0,0,4,4],"rotation":270,"texture":"#3"},"up":{"uv":[4.5,4.5,8.5,8.5],"rotation":270,"texture":"#3"},"down":{"uv":[4.5,9,8.5,13],"rotation":270,"texture":"#3"}}},{"from":[10,6,6],"to":[14,10,10],"rotation":{"angle":22.5,"axis":"x","origin":[12,8,8]},"faces":{"north":{"uv":[0,0,4,4],"rotation":270,"texture":"#3"},"east":{"uv":[0,0,4,4],"rotation":270,"texture":"#3"},"south":{"uv":[0,0,4,4],"rotation":270,"texture":"#3"},"west":{"uv":[0,0,4,4],"rotation":270,"texture":"#3"},"up":{"uv":[0,4.5,4,8.5],"rotation":270,"texture":"#3"},"down":{"uv":[0,9,4,13],"rotation":270,"texture":"#3"}}},{"from":[6,7,5.625],"to":[10,11,9.625],"rotation":{"angle":22.5,"axis":"y","origin":[8,9,7.625]},"faces":{"north":{"uv":[0,0,4,4],"rotation":270,"texture":"#3"},"east":{"uv":[0,0,4,4],"rotation":270,"texture":"#3"},"south":{"uv":[0,0,4,4],"rotation":270,"texture":"#3"},"west":{"uv":[0,0,4,4],"rotation":270,"texture":"#3"},"up":{"uv":[0,4.5,4,8.5],"rotation":270,"texture":"#3"},"down":{"uv":[0,9,4,13],"rotation":270,"texture":"#3"}}},{"from":[2,6,6],"to":[6,10,10],"rotation":{"angle":-22.5,"axis":"x","origin":[4,8,8]},"faces":{"north":{"uv":[4.5,9,8.5,13],"rotation":90,"texture":"#3"},"east":{"uv":[4.5,0,8.5,4],"rotation":180,"texture":"#3"},"south":{"uv":[4.5,4.5,8.5,8.5],"rotation":90,"texture":"#3"},"west":{"uv":[4.5,0,8.5,4],"texture":"#3"},"up":{"uv":[4.5,0,8.5,4],"rotation":90,"texture":"#3"},"down":{"uv":[4.5,0,8.5,4],"rotation":270,"texture":"#3"}}},{"from":[8.5,5,2],"to":[12.5,9,6],"rotation":{"angle":22.5,"axis":"x","origin":[10.5,7,4]},"faces":{"north":{"uv":[4.5,0,8.5,4],"rotation":270,"texture":"#3"},"east":{"uv":[4.5,0,8.5,4],"rotation":270,"texture":"#3"},"south":{"uv":[4.5,0,8.5,4],"rotation":270,"texture":"#3"},"west":{"uv":[4.5,0,8.5,4],"rotation":270,"texture":"#3"},"up":{"uv":[4.5,4.5,8.5,8.5],"rotation":270,"texture":"#3"},"down":{"uv":[4.5,9,8.5,13],"rotation":270,"texture":"#3"}}},{"from":[3.5,5,2],"to":[7.5,9,6],"rotation":{"angle":-22.5,"axis":"x","origin":[5.5,7,4]},"faces":{"north":{"uv":[0,9,4,13],"rotation":90,"texture":"#3"},"east":{"uv":[0,0,4,4],"rotation":180,"texture":"#3"},"south":{"uv":[0,4.5,4,8.5],"rotation":90,"texture":"#3"},"west":{"uv":[0,0,4,4],"texture":"#3"},"up":{"uv":[0,0,4,4],"rotation":90,"texture":"#3"},"down":{"uv":[0,0,4,4],"rotation":270,"texture":"#3"}}}],"display":{"thirdperson_righthand":{"rotation":[75,45,0],"translation":[0,2.5,0],"scale":[0.375,0.375,0.375]},"thirdperson_lefthand":{"rotation":[75,45,0],"translation":[0,2.5,0],"scale":[0.375,0.375,0.375]},"firstperson_righthand":{"rotation":[0,45,0],"translation":[0,3,0],"scale":[0.4,0.4,0.4]},"firstperson_lefthand":{"rotation":[0,225,0],"translation":[0,3,0],"scale":[0.4,0.4,0.4]},"ground":{"translation":[0,0.75,0],"scale":[0.5,0.5,0.5]},"gui":{"rotation":[30,225,0],"scale":[0.625,0.625,0.625]},"fixed":{"rotation":[-90,0,0],"translation":[0,0,-15],"scale":[2,2,2]}}}