{"textures":{"0":"glorious:entity/nocsy_otter_v2"},"elements":[{"from":[7.2,5.771428,7.2],"to":[8.8,8.514286,8.8],"rotation":{"angle":0.0,"axis":"y","origin":[5.428571,3.885714,10.0]},"faces":{"east":{"uv":[6.25,8.25,7.0,9.5],"rotation":0,"texture":"#0","tintindex":0},"south":{"uv":[7.25,8.25,8.0,9.5],"rotation":0,"texture":"#0","tintindex":0},"north":{"uv":[3.0,8.25,3.75,9.5],"rotation":0,"texture":"#0","tintindex":0},"west":{"uv":[8.25,8.25,9.0,9.5],"rotation":0,"texture":"#0","tintindex":0},"up":{"uv":[11.0,8.5,10.25,7.75],"rotation":0,"texture":"#0","tintindex":0},"down":{"uv":[11.0,8.75,10.25,9.5],"rotation":0,"texture":"#0","tintindex":0}}}],"display":{"head":{"translation":[0.0,-6.4,0.0],"scale":[4.0,4.0,4.0]}}}