{"textures":{"0":"glorious:entity/nocsy_cat_fallen"},"elements":[{"from":[6.285714,6.714286,5.5714283],"to":[9.714286,10.142858,9.0],"rotation":{"angle":0.0,"axis":"y","origin":[8.0,1.5142851,10.714286]},"faces":{"east":{"uv":[0.0,3.0,0.75,3.75],"rotation":0,"texture":"#0","tintindex":0},"south":{"uv":[3.0,2.125,3.75,2.875],"rotation":0,"texture":"#0","tintindex":0},"north":{"uv":[2.125,2.875,2.875,3.625],"rotation":0,"texture":"#0","tintindex":0},"west":{"uv":[3.0,3.0,3.75,3.75],"rotation":0,"texture":"#0","tintindex":0},"up":{"uv":[4.375,1.5,3.625,0.75],"rotation":0,"texture":"#0","tintindex":0},"down":{"uv":[2.875,3.75,2.125,4.5],"rotation":0,"texture":"#0","tintindex":0}}},{"from":[6.2285714,6.6571426,5.5142856],"to":[9.771429,10.2,9.057143],"rotation":{"angle":0.0,"axis":"y","origin":[8.0,1.5142851,10.714286]},"faces":{"east":{"uv":[3.875,1.625,4.625,2.375],"rotation":0,"texture":"#0","tintindex":0},"south":{"uv":[3.875,2.5,4.625,3.25],"rotation":0,"texture":"#0","tintindex":0},"north":{"uv":[0.0,3.875,0.75,4.625],"rotation":0,"texture":"#0","tintindex":0},"west":{"uv":[3.0,3.875,3.75,4.625],"rotation":0,"texture":"#0","tintindex":0},"up":{"uv":[4.625,4.125,3.875,3.375],"rotation":0,"texture":"#0","tintindex":0},"down":{"uv":[1.625,4.25,0.875,5.0],"rotation":0,"texture":"#0","tintindex":0}}},{"from":[5.714286,7.857143,5.5714283],"to":[6.285714,9.0,6.714286],"rotation":{"angle":0.0,"axis":"y","origin":[6.0,7.857143,7.285714]},"faces":{"east":{"uv":[7.625,6.25,7.875,6.5],"rotation":0,"texture":"#0","tintindex":0},"south":{"uv":[8.125,0.625,8.25,0.875],"rotation":0,"texture":"#0","tintindex":0},"north":{"uv":[8.125,0.25,8.25,0.5],"rotation":0,"texture":"#0","tintindex":0},"west":{"uv":[0.0,7.75,0.25,8.0],"rotation":0,"texture":"#0","tintindex":0},"up":{"uv":[0.875,8.375,0.75,8.125],"rotation":0,"texture":"#0","tintindex":0},"down":{"uv":[8.25,1.0,8.125,1.25],"rotation":0,"texture":"#0","tintindex":0}}},{"from":[6.342857,6.942857,5.685714],"to":[6.9142857,8.085714,6.257143],"rotation":{"angle":-22.5,"axis":"z","origin":[6.0,8.428572,6.142857]},"faces":{"east":{"uv":[8.125,2.5,8.25,2.75],"rotation":0,"texture":"#0","tintindex":0},"south":{"uv":[8.125,5.375,8.25,5.625],"rotation":0,"texture":"#0","tintindex":0},"north":{"uv":[8.125,1.375,8.25,1.625],"rotation":0,"texture":"#0","tintindex":0},"west":{"uv":[6.875,8.125,7.0,8.375],"rotation":0,"texture":"#0","tintindex":0},"up":{"uv":[5.375,1.5,5.25,1.375],"rotation":0,"texture":"#0","tintindex":0},"down":{"uv":[3.5,6.875,3.375,7.0],"rotation":0,"texture":"#0","tintindex":0}}},{"from":[5.72,8.038036,6.457826],"to":[6.2799997,9.169464,8.160684],"rotation":{"angle":-22.5,"axis":"x","origin":[6.0,8.60375,7.0235405]},"faces":{"east":{"uv":[0.875,3.875,1.25,4.125],"rotation":0,"texture":"#0","tintindex":0},"south":{"uv":[7.375,8.125,7.5,8.375],"rotation":0,"texture":"#0","tintindex":0},"north":{"uv":[7.125,8.125,7.25,8.375],"rotation":0,"texture":"#0","tintindex":0},"west":{"uv":[7.125,6.0,7.5,6.25],"rotation":0,"texture":"#0","tintindex":0},"up":{"uv":[8.125,3.25,8.0,2.875],"rotation":0,"texture":"#0","tintindex":0},"down":{"uv":[3.125,8.0,3.0,8.375],"rotation":0,"texture":"#0","tintindex":0}}},{"from":[9.72,8.038036,6.457826],"to":[10.280001,9.169464,8.160684],"rotation":{"angle":-22.5,"axis":"x","origin":[10.0,8.60375,7.0235405]},"faces":{"east":{"uv":[7.125,6.375,7.5,6.625],"rotation":0,"texture":"#0","tintindex":0},"south":{"uv":[8.125,7.875,8.25,8.125],"rotation":0,"texture":"#0","tintindex":0},"north":{"uv":[7.625,8.125,7.75,8.375],"rotation":0,"texture":"#0","tintindex":0},"west":{"uv":[6.625,7.125,7.0,7.375],"rotation":0,"texture":"#0","tintindex":0},"up":{"uv":[3.375,8.375,3.25,8.0],"rotation":0,"texture":"#0","tintindex":0},"down":{"uv":[8.125,3.375,8.0,3.75],"rotation":0,"texture":"#0","tintindex":0}}},{"from":[9.714286,7.857143,5.5714283],"to":[10.285714,9.0,6.714286],"rotation":{"angle":0.0,"axis":"y","origin":[10.0,7.857143,7.285714]},"faces":{"east":{"uv":[0.375,7.75,0.625,8.0],"rotation":0,"texture":"#0","tintindex":0},"south":{"uv":[1.875,8.25,2.0,8.5],"rotation":0,"texture":"#0","tintindex":0},"north":{"uv":[1.625,8.25,1.75,8.5],"rotation":0,"texture":"#0","tintindex":0},"west":{"uv":[0.75,7.75,1.0,8.0],"rotation":0,"texture":"#0","tintindex":0},"up":{"uv":[2.25,8.5,2.125,8.25],"rotation":0,"texture":"#0","tintindex":0},"down":{"uv":[2.5,8.25,2.375,8.5],"rotation":0,"texture":"#0","tintindex":0}}},{"from":[9.085714,6.942857,5.685714],"to":[9.657143,8.085714,6.257143],"rotation":{"angle":22.5,"axis":"z","origin":[10.0,8.428572,6.142857]},"faces":{"east":{"uv":[8.25,2.875,8.375,3.125],"rotation":0,"texture":"#0","tintindex":0},"south":{"uv":[8.25,3.25,8.375,3.5],"rotation":0,"texture":"#0","tintindex":0},"north":{"uv":[2.625,8.25,2.75,8.5],"rotation":0,"texture":"#0","tintindex":0},"west":{"uv":[8.25,3.625,8.375,3.875],"rotation":0,"texture":"#0","tintindex":0},"up":{"uv":[8.5,0.375,8.375,0.25],"rotation":0,"texture":"#0","tintindex":0},"down":{"uv":[0.625,8.375,0.5,8.5],"rotation":0,"texture":"#0","tintindex":0}}},{"from":[7.428571,10.142858,5.5714283],"to":[8.571428,10.714286,9.0],"rotation":{"angle":0.0,"axis":"y","origin":[9.142858,1.5142851,10.714286]},"faces":{"east":{"uv":[7.125,6.75,7.875,6.875],"rotation":0,"texture":"#0","tintindex":0},"south":{"uv":[6.75,1.0,7.0,1.125],"rotation":0,"texture":"#0","tintindex":0},"north":{"uv":[6.125,3.125,6.375,3.25],"rotation":0,"texture":"#0","tintindex":0},"west":{"uv":[7.125,7.0,7.875,7.125],"rotation":0,"texture":"#0","tintindex":0},"up":{"uv":[5.875,5.0,5.625,4.25],"rotation":0,"texture":"#0","tintindex":0},"down":{"uv":[4.75,5.625,4.5,6.375],"rotation":0,"texture":"#0","tintindex":0}}},{"from":[8.0,8.885715,7.1714287],"to":[8.0,13.457144,12.885715],"rotation":{"angle":22.5,"axis":"x","origin":[8.0,11.171429,9.8]},"faces":{"east":{"uv":[0.0,0.0,1.25,1.0],"rotation":0,"texture":"#0","tintindex":0},"south":{"uv":[1.5,8.5,1.5,9.5],"rotation":0,"texture":"#0","tintindex":0},"north":{"uv":[4.0,8.0,4.0,9.0],"rotation":0,"texture":"#0","tintindex":0},"west":{"uv":[0.0,1.125,1.25,2.125],"rotation":0,"texture":"#0","tintindex":0},"up":{"uv":[3.875,9.75,3.875,8.5],"rotation":0,"texture":"#0","tintindex":0},"down":{"uv":[4.125,8.5,4.125,9.75],"rotation":0,"texture":"#0","tintindex":0}}},{"from":[7.428571,8.714286,5.1714287],"to":[8.571428,10.428572,5.742857],"rotation":{"angle":0.0,"axis":"y","origin":[9.142858,1.5142851,10.714286]},"faces":{"east":{"uv":[3.5,8.0,3.625,8.375],"rotation":0,"texture":"#0","tintindex":0},"south":{"uv":[7.25,0.5,7.5,0.875],"rotation":0,"texture":"#0","tintindex":0},"north":{"uv":[7.25,0.0,7.5,0.375],"rotation":0,"texture":"#0","tintindex":0},"west":{"uv":[3.75,8.0,3.875,8.375],"rotation":0,"texture":"#0","tintindex":0},"up":{"uv":[8.375,1.875,8.125,1.75],"rotation":0,"texture":"#0","tintindex":0},"down":{"uv":[8.5,4.0,8.25,4.125],"rotation":0,"texture":"#0","tintindex":0}}},{"from":[7.0036836,8.72,5.326092],"to":[7.5636835,10.422857,5.886091],"rotation":{"angle":45.0,"axis":"y","origin":[7.226541,9.571429,5.6060915]},"faces":{"east":{"uv":[8.0,4.375,8.125,4.75],"rotation":0,"texture":"#0","tintindex":0},"south":{"uv":[8.0,4.875,8.125,5.25],"rotation":0,"texture":"#0","tintindex":0},"north":{"uv":[8.0,3.875,8.125,4.25],"rotation":0,"texture":"#0","tintindex":0},"west":{"uv":[8.0,5.875,8.125,6.25],"rotation":0,"texture":"#0","tintindex":0},"up":{"uv":[8.5,0.625,8.375,0.5],"rotation":0,"texture":"#0","tintindex":0},"down":{"uv":[8.5,0.75,8.375,0.875],"rotation":0,"texture":"#0","tintindex":0}}},{"from":[8.4363165,8.72,5.326092],"to":[8.996316,10.422857,5.886091],"rotation":{"angle":-45.0,"axis":"y","origin":[8.773459,9.571429,5.6060915]},"faces":{"east":{"uv":[8.0,6.875,8.125,7.25],"rotation":0,"texture":"#0","tintindex":0},"south":{"uv":[8.0,7.375,8.125,7.75],"rotation":0,"texture":"#0","tintindex":0},"north":{"uv":[8.0,6.375,8.125,6.75],"rotation":0,"texture":"#0","tintindex":0},"west":{"uv":[0.0,8.125,0.125,8.5],"rotation":0,"texture":"#0","tintindex":0},"up":{"uv":[1.125,8.5,1.0,8.375],"rotation":0,"texture":"#0","tintindex":0},"down":{"uv":[8.5,1.0,8.375,1.125],"rotation":0,"texture":"#0","tintindex":0}}},{"from":[7.0036836,7.8628573,8.685337],"to":[7.5636835,10.137143,9.2453375],"rotation":{"angle":-45.0,"axis":"y","origin":[7.226541,8.714286,8.965337]},"faces":{"east":{"uv":[3.0,6.25,3.125,6.75],"rotation":0,"texture":"#0","tintindex":0},"south":{"uv":[1.125,7.75,1.25,8.25],"rotation":0,"texture":"#0","tintindex":0},"north":{"uv":[1.5,5.625,1.625,6.125],"rotation":0,"texture":"#0","tintindex":0},"west":{"uv":[7.75,2.875,7.875,3.375],"rotation":0,"texture":"#0","tintindex":0},"up":{"uv":[8.5,1.375,8.375,1.25],"rotation":0,"texture":"#0","tintindex":0},"down":{"uv":[8.5,1.5,8.375,1.625],"rotation":0,"texture":"#0","tintindex":0}}},{"from":[7.428571,7.857143,8.828571],"to":[8.571428,10.142858,9.4],"rotation":{"angle":0.0,"axis":"y","origin":[9.142858,0.65714216,3.8571424]},"faces":{"east":{"uv":[7.75,3.5,7.875,4.0],"rotation":0,"texture":"#0","tintindex":0},"south":{"uv":[5.625,7.125,5.875,7.625],"rotation":0,"texture":"#0","tintindex":0},"north":{"uv":[1.0,7.125,1.25,7.625],"rotation":0,"texture":"#0","tintindex":0},"west":{"uv":[7.75,4.125,7.875,4.625],"rotation":0,"texture":"#0","tintindex":0},"up":{"uv":[8.5,4.375,8.25,4.25],"rotation":0,"texture":"#0","tintindex":0},"down":{"uv":[8.5,4.5,8.25,4.625],"rotation":0,"texture":"#0","tintindex":0}}},{"from":[8.4363165,7.8628573,8.685337],"to":[8.996316,10.137143,9.2453375],"rotation":{"angle":45.0,"axis":"y","origin":[8.773459,8.714286,8.965337]},"faces":{"east":{"uv":[4.125,7.875,4.25,8.375],"rotation":0,"texture":"#0","tintindex":0},"south":{"uv":[4.375,7.875,4.5,8.375],"rotation":0,"texture":"#0","tintindex":0},"north":{"uv":[5.625,7.75,5.75,8.25],"rotation":0,"texture":"#0","tintindex":0},"west":{"uv":[4.625,7.875,4.75,8.375],"rotation":0,"texture":"#0","tintindex":0},"up":{"uv":[8.5,2.125,8.375,2.0],"rotation":0,"texture":"#0","tintindex":0},"down":{"uv":[8.5,2.25,8.375,2.375],"rotation":0,"texture":"#0","tintindex":0}}},{"from":[6.3751125,9.94248,5.5771427],"to":[7.506541,10.5024805,8.994286],"rotation":{"angle":45.0,"axis":"z","origin":[7.226541,10.108194,7.285714]},"faces":{"east":{"uv":[7.25,1.5,8.0,1.625],"rotation":0,"texture":"#0","tintindex":0},"south":{"uv":[4.875,8.25,5.125,8.375],"rotation":0,"texture":"#0","tintindex":0},"north":{"uv":[8.25,4.75,8.5,4.875],"rotation":0,"texture":"#0","tintindex":0},"west":{"uv":[7.25,1.75,8.0,1.875],"rotation":0,"texture":"#0","tintindex":0},"up":{"uv":[5.125,6.375,4.875,5.625],"rotation":0,"texture":"#0","tintindex":0},"down":{"uv":[5.875,5.125,5.625,5.875],"rotation":0,"texture":"#0","tintindex":0}}},{"from":[8.493459,9.94248,5.5771427],"to":[9.624887,10.5024805,8.994286],"rotation":{"angle":-45.0,"axis":"z","origin":[8.773459,10.108194,7.285714]},"faces":{"east":{"uv":[7.125,7.25,7.875,7.375],"rotation":0,"texture":"#0","tintindex":0},"south":{"uv":[5.25,8.25,5.5,8.375],"rotation":0,"texture":"#0","tintindex":0},"north":{"uv":[8.25,5.0,8.5,5.125],"rotation":0,"texture":"#0","tintindex":0},"west":{"uv":[1.375,7.375,2.125,7.5],"rotation":0,"texture":"#0","tintindex":0},"up":{"uv":[5.5,6.375,5.25,5.625],"rotation":0,"texture":"#0","tintindex":0},"down":{"uv":[3.5,6.0,3.25,6.75],"rotation":0,"texture":"#0","tintindex":0}}},{"from":[6.257143,7.939603,5.4356294],"to":[7.357143,8.511032,5.4356294],"rotation":{"angle":0.0,"axis":"y","origin":[6.8282857,8.911032,5.692772]},"faces":{"east":{"uv":[5.5,2.875,5.5,3.0],"rotation":0,"texture":"#0","tintindex":0},"south":{"uv":[5.875,8.25,6.125,8.375],"rotation":0,"texture":"#0","tintindex":0},"north":{"uv":[8.25,5.75,8.5,5.875],"rotation":0,"texture":"#0","tintindex":0},"west":{"uv":[6.125,0.875,6.125,1.0],"rotation":0,"texture":"#0","tintindex":0},"up":{"uv":[4.5,8.5,4.25,8.5],"rotation":0,"texture":"#0","tintindex":0},"down":{"uv":[4.875,8.5,4.625,8.5],"rotation":0,"texture":"#0","tintindex":0}}},{"from":[6.257143,7.939603,5.4350576],"to":[6.257143,8.511032,6.0064864],"rotation":{"angle":0.0,"axis":"y","origin":[6.8282857,8.911032,5.692772]},"faces":{"east":{"uv":[6.625,8.375,6.75,8.5],"rotation":0,"texture":"#0","tintindex":0},"south":{"uv":[6.375,1.625,6.375,1.75],"rotation":0,"texture":"#0","tintindex":0},"north":{"uv":[1.375,6.375,1.375,6.5],"rotation":0,"texture":"#0","tintindex":0},"west":{"uv":[8.375,7.75,8.5,7.875],"rotation":0,"texture":"#0","tintindex":0},"up":{"uv":[6.5,5.75,6.5,5.625],"rotation":0,"texture":"#0","tintindex":0},"down":{"uv":[1.375,6.625,1.375,6.75],"rotation":0,"texture":"#0","tintindex":0}}},{"from":[7.356571,7.939603,5.4356294],"to":[7.356571,8.511032,6.0070577],"rotation":{"angle":0.0,"axis":"y","origin":[6.8282857,8.911032,5.692772]},"faces":{"east":{"uv":[7.875,8.375,8.0,8.5],"rotation":0,"texture":"#0","tintindex":0},"south":{"uv":[0.875,7.5,0.875,7.625],"rotation":0,"texture":"#0","tintindex":0},"north":{"uv":[6.0,7.125,6.0,7.25],"rotation":0,"texture":"#0","tintindex":0},"west":{"uv":[8.375,8.0,8.5,8.125],"rotation":0,"texture":"#0","tintindex":0},"up":{"uv":[2.125,8.125,2.125,8.0],"rotation":0,"texture":"#0","tintindex":0},"down":{"uv":[1.0,8.125,1.0,8.25],"rotation":0,"texture":"#0","tintindex":0}}},{"from":[8.642858,7.939603,5.4356294],"to":[9.742857,8.511032,5.4356294],"rotation":{"angle":0.0,"axis":"y","origin":[9.171715,8.911032,5.692772]},"faces":{"east":{"uv":[2.875,8.25,2.875,8.375],"rotation":0,"texture":"#0","tintindex":0},"south":{"uv":[6.25,8.25,6.5,8.375],"rotation":0,"texture":"#0","tintindex":0},"north":{"uv":[8.25,6.0,8.5,6.125],"rotation":0,"texture":"#0","tintindex":0},"west":{"uv":[5.0,8.5,5.0,8.625],"rotation":0,"texture":"#0","tintindex":0},"up":{"uv":[5.375,8.5,5.125,8.5],"rotation":0,"texture":"#0","tintindex":0},"down":{"uv":[6.125,8.5,5.875,8.5],"rotation":0,"texture":"#0","tintindex":0}}},{"from":[8.643429,7.939603,5.4356294],"to":[8.643429,8.511032,6.0070577],"rotation":{"angle":0.0,"axis":"y","origin":[9.171715,8.911032,5.692772]},"faces":{"east":{"uv":[8.375,8.25,8.5,8.375],"rotation":0,"texture":"#0","tintindex":0},"south":{"uv":[6.25,8.5,6.25,8.625],"rotation":0,"texture":"#0","tintindex":0},"north":{"uv":[5.5,8.5,5.5,8.625],"rotation":0,"texture":"#0","tintindex":0},"west":{"uv":[0.75,8.5,0.875,8.625],"rotation":0,"texture":"#0","tintindex":0},"up":{"uv":[8.5,6.375,8.5,6.25],"rotation":0,"texture":"#0","tintindex":0},"down":{"uv":[6.375,8.5,6.375,8.625],"rotation":0,"texture":"#0","tintindex":0}}},{"from":[9.742857,7.939603,5.4350576],"to":[9.742857,8.511032,6.0064864],"rotation":{"angle":0.0,"axis":"y","origin":[9.171715,8.911032,5.692772]},"faces":{"east":{"uv":[8.5,3.0,8.625,3.125],"rotation":0,"texture":"#0","tintindex":0},"south":{"uv":[0.625,8.625,0.625,8.75],"rotation":0,"texture":"#0","tintindex":0},"north":{"uv":[0.5,8.625,0.5,8.75],"rotation":0,"texture":"#0","tintindex":0},"west":{"uv":[3.125,8.5,3.25,8.625],"rotation":0,"texture":"#0","tintindex":0},"up":{"uv":[8.625,0.75,8.625,0.625],"rotation":0,"texture":"#0","tintindex":0},"down":{"uv":[8.625,0.875,8.625,1.0],"rotation":0,"texture":"#0","tintindex":0}}},{"from":[4.6455736,5.7604012,5.285714],"to":[8.074145,7.2461157,5.285714],"rotation":{"angle":45.0,"axis":"z","origin":[6.2279353,7.187575,5.2285714]},"faces":{"east":{"uv":[1.0,8.625,1.0,9.0],"rotation":0,"texture":"#0","tintindex":0},"south":{"uv":[4.75,4.625,5.5,5.0],"rotation":0,"texture":"#0","tintindex":0},"north":{"uv":[4.75,4.125,5.5,4.5],"rotation":0,"texture":"#0","tintindex":0},"west":{"uv":[1.125,8.625,1.125,9.0],"rotation":0,"texture":"#0","tintindex":0},"up":{"uv":[9.375,1.125,8.625,1.125],"rotation":0,"texture":"#0","tintindex":0},"down":{"uv":[9.375,1.25,8.625,1.25],"rotation":0,"texture":"#0","tintindex":0}}},{"from":[7.9258547,5.7604012,5.285714],"to":[11.354426,7.2461157,5.285714],"rotation":{"angle":-45.0,"axis":"z","origin":[9.772064,7.187575,5.2285714]},"faces":{"east":{"uv":[1.625,8.625,1.625,9.0],"rotation":0,"texture":"#0","tintindex":0},"south":{"uv":[3.875,5.125,4.625,5.5],"rotation":0,"texture":"#0","tintindex":0},"north":{"uv":[0.875,5.125,1.625,5.5],"rotation":0,"texture":"#0","tintindex":0},"west":{"uv":[1.75,8.625,1.75,9.0],"rotation":0,"texture":"#0","tintindex":0},"up":{"uv":[9.375,1.375,8.625,1.375],"rotation":0,"texture":"#0","tintindex":0},"down":{"uv":[9.375,1.5,8.625,1.5],"rotation":0,"texture":"#0","tintindex":0}}},{"from":[4.3844404,6.837154,5.1714287],"to":[7.8130116,8.265725,5.1714287],"rotation":{"angle":0.0,"axis":"y","origin":[6.2279353,7.187575,5.2285714]},"faces":{"east":{"uv":[1.875,8.625,1.875,9.0],"rotation":0,"texture":"#0","tintindex":0},"south":{"uv":[5.25,0.875,6.0,1.25],"rotation":0,"texture":"#0","tintindex":0},"north":{"uv":[4.75,5.125,5.5,5.5],"rotation":0,"texture":"#0","tintindex":0},"west":{"uv":[2.0,8.625,2.0,9.0],"rotation":0,"texture":"#0","tintindex":0},"up":{"uv":[9.375,1.625,8.625,1.625],"rotation":0,"texture":"#0","tintindex":0},"down":{"uv":[9.375,2.0,8.625,2.0],"rotation":0,"texture":"#0","tintindex":0}}},{"from":[8.186988,6.837154,5.1714287],"to":[11.61556,8.265725,5.1714287],"rotation":{"angle":0.0,"axis":"y","origin":[9.772064,7.187575,5.2285714]},"faces":{"east":{"uv":[2.125,8.625,2.125,9.0],"rotation":0,"texture":"#0","tintindex":0},"south":{"uv":[5.5,1.375,6.25,1.75],"rotation":0,"texture":"#0","tintindex":0},"north":{"uv":[5.375,0.0,6.125,0.375],"rotation":0,"texture":"#0","tintindex":0},"west":{"uv":[8.625,2.125,8.625,2.5],"rotation":0,"texture":"#0","tintindex":0},"up":{"uv":[9.375,2.625,8.625,2.625],"rotation":0,"texture":"#0","tintindex":0},"down":{"uv":[9.375,4.0,8.625,4.0],"rotation":0,"texture":"#0","tintindex":0}}},{"from":[7.142857,7.0,5.0],"to":[8.857143,8.142858,5.5714283],"rotation":{"angle":0.0,"axis":"y","origin":[7.714286,7.5714283,5.285714]},"faces":{"east":{"uv":[8.125,8.25,8.25,8.5],"rotation":0,"texture":"#0","tintindex":0},"south":{"uv":[4.625,7.5,5.0,7.75],"rotation":0,"texture":"#0","tintindex":0},"north":{"uv":[4.125,7.5,4.5,7.75],"rotation":0,"texture":"#0","tintindex":0},"west":{"uv":[0.25,8.375,0.375,8.625],"rotation":0,"texture":"#0","tintindex":0},"up":{"uv":[8.5,0.125,8.125,0.0],"rotation":0,"texture":"#0","tintindex":0},"down":{"uv":[0.625,8.125,0.25,8.25],"rotation":0,"texture":"#0","tintindex":0}}},{"from":[7.714286,7.714286,4.957143],"to":[8.285714,8.171429,4.957143],"rotation":{"angle":0.0,"axis":"y","origin":[8.0,7.857143,4.985714]},"faces":{"east":{"uv":[2.25,8.625,2.25,8.75],"rotation":0,"texture":"#0","tintindex":0},"south":{"uv":[3.375,8.5,3.5,8.625],"rotation":0,"texture":"#0","tintindex":0},"north":{"uv":[8.5,3.25,8.625,3.375],"rotation":0,"texture":"#0","tintindex":0},"west":{"uv":[2.375,8.625,2.375,8.75],"rotation":0,"texture":"#0","tintindex":0},"up":{"uv":[2.625,8.625,2.5,8.625],"rotation":0,"texture":"#0","tintindex":0},"down":{"uv":[8.75,4.125,8.625,4.125],"rotation":0,"texture":"#0","tintindex":0}}},{"from":[7.714286,8.170857,4.957143],"to":[8.285714,8.170857,5.3],"rotation":{"angle":0.0,"axis":"y","origin":[8.0,8.199429,5.214286]},"faces":{"east":{"uv":[8.625,4.25,8.75,4.25],"rotation":0,"texture":"#0","tintindex":0},"south":{"uv":[8.625,4.375,8.75,4.375],"rotation":0,"texture":"#0","tintindex":0},"north":{"uv":[4.25,8.625,4.375,8.625],"rotation":0,"texture":"#0","tintindex":0},"west":{"uv":[4.5,8.625,4.625,8.625],"rotation":0,"texture":"#0","tintindex":0},"up":{"uv":[8.625,3.625,8.5,3.5],"rotation":0,"texture":"#0","tintindex":0},"down":{"uv":[3.75,8.5,3.625,8.625],"rotation":0,"texture":"#0","tintindex":0}}}],"display":{"head":{"translation":[0.0,-6.4,0.0],"scale":[4.0,4.0,4.0]}}}