{"groups":[{"name":"apples","origin":[5.5,7,4],"color":0,"children":[0,1,2,3,4,5,6]}],"texture_size":[64,64],"textures":{"3":"custom/blocks/rizaan/village/enchanted_apples_animation"},"elements":[{"from":[8.5,0,10],"to":[12.5,4,14],"rotation":{"angle":22.5,"axis":"y","origin":[10.5,2,12]},"faces":{"north":{"uv":[8.5,0,4.5,4],"texture":"#3"},"east":{"uv":[4.5,4.5,8.5,8.5],"texture":"#3"},"south":{"uv":[4.5,0,8.5,4],"texture":"#3"},"west":{"uv":[4.5,9,8.5,13],"texture":"#3"},"up":{"uv":[4.5,0,8.5,4],"texture":"#3"},"down":{"uv":[4.5,0,8.5,4],"texture":"#3"}}},{"from":[3.5,0,10],"to":[7.5,4,14],"rotation":{"angle":45,"axis":"x","origin":[5.5,2,12]},"faces":{"north":{"uv":[0,0,4,4],"rotation":270,"texture":"#3"},"east":{"uv":[0,0,4,4],"rotation":270,"texture":"#3"},"south":{"uv":[4.5,0,8.5,4],"rotation":270,"texture":"#3"},"west":{"uv":[0,0,4,4],"rotation":270,"texture":"#3"},"up":{"uv":[4.5,4.5,8.5,8.5],"rotation":270,"texture":"#3"},"down":{"uv":[4.5,9,8.5,13],"rotation":270,"texture":"#3"}}},{"from":[10,0,6],"to":[14,4,10],"rotation":{"angle":22.5,"axis":"x","origin":[12,2,8]},"faces":{"north":{"uv":[0,0,4,4],"rotation":270,"texture":"#3"},"east":{"uv":[0,0,4,4],"rotation":270,"texture":"#3"},"south":{"uv":[0,0,4,4],"rotation":270,"texture":"#3"},"west":{"uv":[0,0,4,4],"rotation":270,"texture":"#3"},"up":{"uv":[0,4.5,4,8.5],"rotation":270,"texture":"#3"},"down":{"uv":[0,9,4,13],"rotation":270,"texture":"#3"}}},{"from":[6,0,5.625],"to":[10,4,9.625],"rotation":{"angle":22.5,"axis":"y","origin":[8,3,7.625]},"faces":{"north":{"uv":[0,0,4,4],"rotation":270,"texture":"#3"},"east":{"uv":[0,0,4,4],"rotation":270,"texture":"#3"},"south":{"uv":[0,0,4,4],"rotation":270,"texture":"#3"},"west":{"uv":[0,0,4,4],"rotation":270,"texture":"#3"},"up":{"uv":[0,4.5,4,8.5],"rotation":270,"texture":"#3"},"down":{"uv":[0,9,4,13],"rotation":270,"texture":"#3"}}},{"from":[2,0,6],"to":[6,4,10],"rotation":{"angle":-22.5,"axis":"x","origin":[4,2,8]},"faces":{"north":{"uv":[4.5,9,8.5,13],"rotation":90,"texture":"#3"},"east":{"uv":[4.5,0,8.5,4],"rotation":180,"texture":"#3"},"south":{"uv":[4.5,4.5,8.5,8.5],"rotation":90,"texture":"#3"},"west":{"uv":[4.5,0,8.5,4],"texture":"#3"},"up":{"uv":[4.5,0,8.5,4],"rotation":90,"texture":"#3"},"down":{"uv":[4.5,0,8.5,4],"rotation":270,"texture":"#3"}}},{"from":[8.5,0,2],"to":[12.5,4,6],"rotation":{"angle":22.5,"axis":"x","origin":[10.5,2,4]},"faces":{"north":{"uv":[4.5,0,8.5,4],"rotation":270,"texture":"#3"},"east":{"uv":[4.5,0,8.5,4],"rotation":270,"texture":"#3"},"south":{"uv":[4.5,0,8.5,4],"rotation":270,"texture":"#3"},"west":{"uv":[4.5,0,8.5,4],"rotation":270,"texture":"#3"},"up":{"uv":[4.5,4.5,8.5,8.5],"rotation":270,"texture":"#3"},"down":{"uv":[4.5,9,8.5,13],"rotation":270,"texture":"#3"}}},{"from":[3.5,0,2],"to":[7.5,4,6],"rotation":{"angle":-22.5,"axis":"x","origin":[5.5,2,4]},"faces":{"north":{"uv":[0,9,4,13],"rotation":90,"texture":"#3"},"east":{"uv":[0,0,4,4],"rotation":180,"texture":"#3"},"south":{"uv":[0,4.5,4,8.5],"rotation":90,"texture":"#3"},"west":{"uv":[0,0,4,4],"texture":"#3"},"up":{"uv":[0,0,4,4],"rotation":90,"texture":"#3"},"down":{"uv":[0,0,4,4],"rotation":270,"texture":"#3"}}}],"display":{"thirdperson_righthand":{"rotation":[75,45,0],"translation":[0,2.5,2.5],"scale":[0.375,0.375,0.375]},"thirdperson_lefthand":{"rotation":[75,45,0],"translation":[0,2.5,2.25],"scale":[0.375,0.375,0.375]},"firstperson_righthand":{"rotation":[0,45,0],"translation":[0,3,0],"scale":[0.4,0.4,0.4]},"firstperson_lefthand":{"rotation":[0,225,0],"translation":[0,3,0],"scale":[0.4,0.4,0.4]},"ground":{"translation":[0,0.75,0],"scale":[0.5,0.5,0.5]},"gui":{"rotation":[30,225,0],"translation":[0,4,0]},"fixed":{"rotation":[-90,0,0],"translation":[0,0,-15],"scale":[2,2,2]}}}