{"groups":[{"name":"apples","origin":[5.5,7,4],"color":0,"children":[0,1,2,3]}],"texture_size":[64,64],"textures":{"1":"custom/blocks/rizaan/village/food_crate_1_default"},"elements":[{"from":[8,0,8.5],"to":[12,4,12.5],"rotation":{"angle":22.5,"axis":"y","origin":[10,2,10.5]},"faces":{"north":{"uv":[2.375,9.5,3.375,10.5],"rotation":180,"texture":"#1"},"east":{"uv":[2.375,10.625,3.375,11.625],"rotation":270,"texture":"#1"},"south":{"uv":[2.375,9.5,3.375,10.5],"texture":"#1"},"west":{"uv":[2.375,11.75,3.375,12.75],"rotation":90,"texture":"#1"},"up":{"uv":[2.375,9.5,3.375,10.5],"texture":"#1"},"down":{"uv":[2.375,9.5,3.375,10.5],"texture":"#1"}}},{"from":[3.5,0,4.125],"to":[7.5,4,8.125],"rotation":{"angle":22.5,"axis":"y","origin":[5.5,3,6.125]},"faces":{"north":{"uv":[2.375,6.125,3.375,7.125],"rotation":270,"texture":"#1"},"east":{"uv":[2.375,6.125,3.375,7.125],"rotation":270,"texture":"#1"},"south":{"uv":[2.375,6.125,3.375,7.125],"rotation":270,"texture":"#1"},"west":{"uv":[2.375,6.125,3.375,7.125],"rotation":270,"texture":"#1"},"up":{"uv":[2.375,7.25,3.375,8.25],"texture":"#1"},"down":{"uv":[2.375,8.375,3.375,9.375],"rotation":180,"texture":"#1"}}},{"from":[2.5,0,9.5],"to":[6.5,4,13.5],"rotation":{"angle":-22.5,"axis":"x","origin":[4.5,2,11.5]},"faces":{"north":{"uv":[2.375,11.75,3.375,12.75],"rotation":90,"texture":"#1"},"east":{"uv":[2.375,9.5,3.375,10.5],"rotation":180,"texture":"#1"},"south":{"uv":[2.375,10.625,3.375,11.625],"rotation":270,"texture":"#1"},"west":{"uv":[2.375,9.5,3.375,10.5],"texture":"#1"},"up":{"uv":[2.375,9.5,3.375,10.5],"rotation":90,"texture":"#1"},"down":{"uv":[2.375,9.5,3.375,10.5],"rotation":270,"texture":"#1"}}},{"from":[9,0,2.5],"to":[13,4,6.5],"rotation":{"angle":22.5,"axis":"x","origin":[11,2,4.5]},"faces":{"north":{"uv":[2.375,9.5,3.375,10.5],"rotation":270,"texture":"#1"},"east":{"uv":[2.375,9.5,3.375,10.5],"rotation":270,"texture":"#1"},"south":{"uv":[2.375,9.5,3.375,10.5],"rotation":270,"texture":"#1"},"west":{"uv":[2.375,9.5,3.375,10.5],"rotation":270,"texture":"#1"},"up":{"uv":[2.375,10.625,3.375,11.625],"rotation":270,"texture":"#1"},"down":{"uv":[2.375,11.75,3.375,12.75],"rotation":270,"texture":"#1"}}}],"display":{"thirdperson_righthand":{"rotation":[75,45,0],"translation":[0,2.5,2.5],"scale":[0.375,0.375,0.375]},"thirdperson_lefthand":{"rotation":[75,45,0],"translation":[0,2.5,2.25],"scale":[0.375,0.375,0.375]},"firstperson_righthand":{"rotation":[0,45,0],"translation":[0,3,0],"scale":[0.4,0.4,0.4]},"firstperson_lefthand":{"rotation":[0,225,0],"translation":[0,3,0],"scale":[0.4,0.4,0.4]},"ground":{"translation":[0,0.75,0],"scale":[0.5,0.5,0.5]},"gui":{"rotation":[30,225,0],"translation":[0,4,0]},"fixed":{"rotation":[-90,0,0],"translation":[0,0,-15],"scale":[2,2,2]}}}