{"groups":[{"name":"group","origin":[0,0,0],"color":0,"children":[0,1,2,3]}],"texture_size":[32,32],"textures":{"0":"custom/blocks/rizaan/village/food_bread_cut","1":"custom/blocks/rizaan/village/food_bread","particle":"custom/blocks/rizaan/village/food_bread_cut"},"elements":[{"from":[8,3,5.5],"to":[14,5,10.5],"rotation":{"angle":-22.5,"axis":"y","origin":[8,2.25,8]},"faces":{"north":{"uv":[6,2.75,3,3.75],"texture":"#0"},"east":{"uv":[8.25,0.5,10.75,1.5],"texture":"#1"},"south":{"uv":[3,2.75,6,3.75],"texture":"#0"},"west":{"uv":[8.25,0.5,10.75,1.5],"texture":"#0"},"up":{"uv":[3,0,6,2.5],"texture":"#0"},"down":{"uv":[0,2.5,6,2.75],"texture":"#0"}}},{"from":[8,0,6],"to":[14,3,10],"rotation":{"angle":-22.5,"axis":"y","origin":[8,2.25,8]},"faces":{"north":{"uv":[0,7.5,3,9],"texture":"#0"},"east":{"uv":[8.5,1.5,10.5,3],"texture":"#1"},"south":{"uv":[3,7.5,0,9],"texture":"#0"},"west":{"uv":[8.5,1.5,10.5,3],"texture":"#0"},"up":{"uv":[6.25,0,6.75,0.5],"texture":"#0"},"down":{"uv":[2.25,5.25,6,7.25],"texture":"#0"}}},{"from":[4.28545,0,4.56494],"to":[7.28545,1,8.56494],"rotation":{"angle":45,"axis":"y","origin":[4.53545,0.5,6.56494]},"faces":{"north":{"uv":[5.5,7.5,6,9],"rotation":90,"texture":"#0"},"east":{"uv":[5.5,5.5,6,7],"rotation":90,"texture":"#1"},"south":{"uv":[6,7.5,5.5,9],"rotation":270,"texture":"#0"},"west":{"uv":[8.5,1.5,10.5,3],"texture":"#0"},"up":{"uv":[8.5,1.5,10.5,3],"rotation":270,"texture":"#0"},"down":{"uv":[8.5,1.5,10.5,3],"rotation":270,"texture":"#0"}}},{"from":[2.28545,0,4.06494],"to":[4.28545,1,9.06494],"rotation":{"angle":45,"axis":"y","origin":[4.53545,0.5,6.56494]},"faces":{"north":{"uv":[5.5,0.25,6,1.25],"rotation":90,"texture":"#0"},"east":{"uv":[8.5,1.5,10.5,3],"texture":"#1"},"south":{"uv":[6,0.25,5.5,1.25],"rotation":270,"texture":"#0"},"west":{"uv":[5.5,0,6,2.5],"rotation":90,"texture":"#0"},"up":{"uv":[8.25,0.5,10.75,1.5],"rotation":270,"texture":"#0"},"down":{"uv":[8.25,0.5,10.75,1.5],"rotation":270,"texture":"#0"}}}],"gui_light":"front","display":{"thirdperson_righthand":{"rotation":[75,45,0],"translation":[0,2.5,2.5],"scale":[0.375,0.375,0.375]},"thirdperson_lefthand":{"rotation":[75,45,0],"translation":[0,2.5,2.25],"scale":[0.375,0.375,0.375]},"firstperson_righthand":{"rotation":[0,45,0],"translation":[0,3,0],"scale":[0.4,0.4,0.4]},"firstperson_lefthand":{"rotation":[0,225,0],"translation":[0,3,0],"scale":[0.4,0.4,0.4]},"ground":{"translation":[0,0.75,0],"scale":[0.5,0.5,0.5]},"gui":{"rotation":[30,75,0],"translation":[0,4,0]},"fixed":{"rotation":[-90,0,0],"translation":[0,0,-15],"scale":[2,2,2]}}}