{
	"credit": "Made with Blockbench",
	"texture_size": [64, 64],
	"textures": {
		"1": "glorious:item/furniture/project_table_lamp",
		"particle": "glorious:item/furniture/project_table_lamp"
	},
	"elements": [
		{
			"from": [1, 0, 1],
			"to": [3, 11, 3],
			"faces": {
				"north": {"uv": [1.5, 13, 2, 15.75], "texture": "#1"},
				"east": {"uv": [2, 13, 2.5, 15.75], "texture": "#1"},
				"south": {"uv": [2.5, 13, 3, 15.75], "texture": "#1"},
				"west": {"uv": [3, 13, 3.5, 15.75], "texture": "#1"},
				"up": {"uv": [13.5, 14.75, 13, 14.25], "texture": "#1"},
				"down": {"uv": [14, 14.25, 13.5, 14.75], "texture": "#1"}
			}
		},
		{
			"from": [29, 0, 1],
			"to": [31, 11, 3],
			"faces": {
				"north": {"uv": [3.5, 13, 4, 15.75], "texture": "#1"},
				"east": {"uv": [4, 13, 4.5, 15.75], "texture": "#1"},
				"south": {"uv": [4.5, 13, 5, 15.75], "texture": "#1"},
				"west": {"uv": [5, 13, 5.5, 15.75], "texture": "#1"},
				"up": {"uv": [14.5, 14.75, 14, 14.25], "texture": "#1"},
				"down": {"uv": [15, 12.25, 14.5, 12.75], "texture": "#1"}
			}
		},
		{
			"from": [1, 0, 13],
			"to": [3, 11, 15],
			"faces": {
				"north": {"uv": [7.5, 13, 8, 15.75], "texture": "#1"},
				"east": {"uv": [8, 13, 8.5, 15.75], "texture": "#1"},
				"south": {"uv": [8.5, 13, 9, 15.75], "texture": "#1"},
				"west": {"uv": [9, 13, 9.5, 15.75], "texture": "#1"},
				"up": {"uv": [15, 14.5, 14.5, 14], "texture": "#1"},
				"down": {"uv": [15, 14.5, 14.5, 15], "texture": "#1"}
			}
		},
		{
			"from": [29, 0, 13],
			"to": [31, 11, 15],
			"faces": {
				"north": {"uv": [5.5, 13, 6, 15.75], "texture": "#1"},
				"east": {"uv": [6, 13, 6.5, 15.75], "texture": "#1"},
				"south": {"uv": [6.5, 13, 7, 15.75], "texture": "#1"},
				"west": {"uv": [7, 13, 7.5, 15.75], "texture": "#1"},
				"up": {"uv": [15, 13.5, 14.5, 13], "texture": "#1"},
				"down": {"uv": [15, 13.5, 14.5, 14], "texture": "#1"}
			}
		},
		{
			"from": [2, 3, 2],
			"to": [30, 4, 14],
			"faces": {
				"north": {"uv": [1.5, 12.75, 8.5, 13], "texture": "#1"},
				"east": {"uv": [11.5, 13, 14.5, 13.25], "texture": "#1"},
				"south": {"uv": [8.5, 12.75, 15.5, 13], "texture": "#1"},
				"west": {"uv": [11.5, 13.25, 14.5, 13.5], "texture": "#1"},
				"up": {"uv": [15, 6.5, 8, 3.5], "texture": "#1"},
				"down": {"uv": [15, 6.5, 8, 9.5], "texture": "#1"}
			}
		},
		{
			"from": [1, 11, 1],
			"to": [31, 14, 15],
			"faces": {
				"north": {"uv": [7.5, 9.5, 15, 10.25], "texture": "#1"},
				"east": {"uv": [8, 11.5, 11.5, 12.25], "texture": "#1"},
				"south": {"uv": [7.5, 10.25, 15, 11], "texture": "#1"},
				"west": {"uv": [11.5, 11.5, 15, 12.25], "texture": "#1"},
				"up": {"uv": [7.5, 11.5, 0, 8], "texture": "#1"},
				"down": {"uv": [15.5, 0, 8, 3.5], "texture": "#1"}
			}
		},
		{
			"from": [0, 14, 0],
			"to": [32, 16, 16],
			"faces": {
				"north": {"uv": [7.5, 11, 15.5, 11.5], "texture": "#1"},
				"east": {"uv": [6.5, 12.25, 10.5, 12.75], "texture": "#1"},
				"south": {"uv": [0, 11.5, 8, 12], "texture": "#1"},
				"west": {"uv": [10.5, 12.25, 14.5, 12.75], "texture": "#1"},
				"up": {"uv": [8, 4, 0, 0], "texture": "#1"},
				"down": {"uv": [8, 4, 0, 8], "texture": "#1"}
			}
		},
		{
			"from": [-2.4, 16, 11],
			"to": [-2.4, 26, 14],
			"rotation": {"angle": 22.5, "axis": "z", "origin": [0.5, 22.5, 13]},
			"faces": {
				"north": {"uv": [0, 0, 0, 2.5], "texture": "#1"},
				"east": {"uv": [0, 12.75, 0.75, 15.25], "texture": "#1"},
				"south": {"uv": [0, 0, 0, 2.5], "texture": "#1"},
				"west": {"uv": [0.75, 12.75, 1.5, 15.25], "texture": "#1"},
				"up": {"uv": [0, 0.75, 0, 0], "texture": "#1"},
				"down": {"uv": [0, 0, 0, 0.75], "texture": "#1"}
			}
		},
		{
			"from": [-3.95763, 27.83675, 11],
			"to": [9.04237, 27.83675, 14],
			"rotation": {"angle": 22.5, "axis": "z", "origin": [4.34017, 27.33675, 13]},
			"faces": {
				"north": {"uv": [0, 0, 3.25, 0], "texture": "#1"},
				"east": {"uv": [0, 0, 0.75, 0], "texture": "#1"},
				"south": {"uv": [0, 0, 3.25, 0], "texture": "#1"},
				"west": {"uv": [0, 0, 0.75, 0], "texture": "#1"},
				"up": {"uv": [3.25, 12.75, 0, 12], "texture": "#1"},
				"down": {"uv": [6.5, 12, 3.25, 12.75], "texture": "#1"}
			}
		},
		{
			"from": [8.39272, 25.59906, 10.5],
			"to": [12.39272, 28.59906, 14.5],
			"rotation": {"angle": 22.5, "axis": "z", "origin": [9.99272, 28.59906, 12.5]},
			"faces": {
				"north": {"uv": [11.5, 13.5, 12.5, 14.25], "texture": "#1"},
				"east": {"uv": [12.5, 13.5, 13.5, 14.25], "texture": "#1"},
				"south": {"uv": [13.5, 13.5, 14.5, 14.25], "texture": "#1"},
				"west": {"uv": [9.5, 14, 10.5, 14.75], "texture": "#1"},
				"up": {"uv": [10.5, 14, 9.5, 13], "texture": "#1"},
				"down": {"uv": [11.5, 13, 10.5, 14], "texture": "#1"}
			}
		},
		{
			"from": [8.49272, 29.59906, 11],
			"to": [11.49272, 29.59906, 14],
			"rotation": {"angle": 0, "axis": "y", "origin": [9.49272, 1.97031, -6.5]},
			"faces": {
				"north": {"uv": [0, 0, 0.75, 0], "texture": "#1"},
				"east": {"uv": [0, 0, 0.75, 0], "texture": "#1"},
				"south": {"uv": [0, 0, 0.75, 0], "texture": "#1"},
				"west": {"uv": [0, 0, 0.75, 0], "texture": "#1"},
				"up": {"uv": [11.25, 14.75, 10.5, 14], "texture": "#1"},
				"down": {"uv": [12, 14.25, 11.25, 15], "texture": "#1"}
			}
		},
		{
			"from": [9.39272, 28.59906, 11.5],
			"to": [11.39272, 31.59906, 13.5],
			"rotation": {"angle": 22.5, "axis": "z", "origin": [9.99272, 28.59906, 12.5]},
			"faces": {
				"north": {"uv": [7.5, 8, 8, 8.75], "texture": "#1"},
				"east": {"uv": [7.5, 8.75, 8, 9.5], "texture": "#1"},
				"south": {"uv": [12, 14.25, 12.5, 15], "texture": "#1"},
				"west": {"uv": [12.5, 14.25, 13, 15], "texture": "#1"},
				"up": {"uv": [10, 15.25, 9.5, 14.75], "texture": "#1"},
				"down": {"uv": [10.5, 14.75, 10, 15.25], "texture": "#1"}
			}
		}
	],
	"display": {
		"thirdperson_righthand": {
			"rotation": [75, 45, 0],
			"translation": [0, 2.5, 0],
			"scale": [0.375, 0.375, 0.375]
		},
		"thirdperson_lefthand": {
			"rotation": [75, 45, 0],
			"translation": [0, 2.5, 0],
			"scale": [0.375, 0.375, 0.375]
		},
		"firstperson_righthand": {
			"rotation": [0, 45, 0],
			"scale": [0.4, 0.4, 0.4]
		},
		"firstperson_lefthand": {
			"rotation": [0, 225, 0],
			"scale": [0.4, 0.4, 0.4]
		},
		"ground": {
			"translation": [0, 3, 0],
			"scale": [0.25, 0.25, 0.25]
		},
		"gui": {
			"rotation": [30, 225, 0],
			"translation": [2, 0, 0],
			"scale": [0.3, 0.3, 0.3]
		},
		"fixed": {
			"rotation": [-91, 0, 0],
			"translation": [0, 0, -15.5],
			"scale": [2, 2, 2]
		}
	}
}