{"providers":[{"type":"bitmap","file":"happyhud:font/assets/gloriousrealms/card.png","height":32,"ascent":-100500,"chars":[""]},{"type":"bitmap","file":"happyhud:font/assets/gloriousrealms/bar_big.png","height":12,"ascent":-106500,"chars":[""]},{"type":"bitmap","file":"happyhud:font/font/icons/gem.png","height":12,"ascent":-109500,"chars":[""]},{"type":"bitmap","file":"happyhud:font/assets/gloriousrealms/bar_big.png","height":12,"ascent":-110500,"chars":[""]},{"type":"bitmap","file":"happyhud:font/font/icons/earth.png","height":14,"ascent":-113500,"chars":[""]}]}