{
	"credit": "Made by LZLeon with Blockbench, Contact - Discord: LZBlocks#0261 - E-Mail: lzblocks@outlook.com",
	"texture_size": [64, 64],
	"textures": {
		"1": "glorious:item/furniture/medieval_market_box_bread",
		"particle": "glorious:item/furniture/medieval_market_box_bread"
	},
	"elements": [
		{
			"from": [2, 0.05078, 1],
			"to": [14, 7.05078, 15],
			"faces": {
				"north": {"uv": [3.5, 3.5, 6.5, 5.25], "texture": "#1"},
				"east": {"uv": [0, 3.5, 3.5, 5.25], "texture": "#1"},
				"south": {"uv": [10, 3.5, 13, 5.25], "texture": "#1"},
				"west": {"uv": [6.5, 3.5, 10, 5.25], "texture": "#1"},
				"up": {"uv": [6.5, 3.5, 3.5, 0], "texture": "#1"},
				"down": {"uv": [9.5, 0, 6.5, 3.5], "texture": "#1"}
			}
		},
		{
			"from": [3.5, 4.4, 6.5],
			"to": [7.5, 14.4, 9.5],
			"rotation": {"angle": 22.5, "axis": "x", "origin": [20, -4, 0]},
			"faces": {
				"north": {"uv": [0.75, 0.75, 1.75, 3.25], "texture": "#1"},
				"east": {"uv": [0, 0.75, 0.75, 3.25], "texture": "#1"},
				"south": {"uv": [2.5, 0.75, 3.5, 3.25], "texture": "#1"},
				"west": {"uv": [1.75, 0.75, 2.5, 3.25], "texture": "#1"},
				"up": {"uv": [1.75, 0.75, 0.75, 0], "texture": "#1"},
				"down": {"uv": [2.75, 0, 1.75, 0.75], "texture": "#1"}
			}
		},
		{
			"from": [8.5, 4.4, 6.5],
			"to": [12.5, 14.4, 9.5],
			"rotation": {"angle": 22.5, "axis": "x", "origin": [20, -4, 0]},
			"faces": {
				"north": {"uv": [0.75, 0.75, 1.75, 3.25], "texture": "#1"},
				"east": {"uv": [0, 0.75, 0.75, 3.25], "texture": "#1"},
				"south": {"uv": [2.5, 0.75, 3.5, 3.25], "texture": "#1"},
				"west": {"uv": [1.75, 0.75, 2.5, 3.25], "texture": "#1"},
				"up": {"uv": [1.75, 0.75, 0.75, 0], "texture": "#1"},
				"down": {"uv": [2.75, 0, 1.75, 0.75], "texture": "#1"}
			}
		},
		{
			"from": [3.5, 4.4, 3.2],
			"to": [7.5, 14.4, 6.2],
			"rotation": {"angle": 22.5, "axis": "x", "origin": [20, -4, -3.3]},
			"faces": {
				"north": {"uv": [0.75, 0.75, 1.75, 3.25], "texture": "#1"},
				"east": {"uv": [0, 0.75, 0.75, 3.25], "texture": "#1"},
				"south": {"uv": [2.5, 0.75, 3.5, 3.25], "texture": "#1"},
				"west": {"uv": [1.75, 0.75, 2.5, 3.25], "texture": "#1"},
				"up": {"uv": [1.75, 0.75, 0.75, 0], "texture": "#1"},
				"down": {"uv": [2.75, 0, 1.75, 0.75], "texture": "#1"}
			}
		},
		{
			"from": [8.5, 4.4, 3.2],
			"to": [12.5, 14.4, 6.2],
			"rotation": {"angle": 22.5, "axis": "x", "origin": [20, -4, -3.3]},
			"faces": {
				"north": {"uv": [0.75, 0.75, 1.75, 3.25], "texture": "#1"},
				"east": {"uv": [0, 0.75, 0.75, 3.25], "texture": "#1"},
				"south": {"uv": [2.5, 0.75, 3.5, 3.25], "texture": "#1"},
				"west": {"uv": [1.75, 0.75, 2.5, 3.25], "texture": "#1"},
				"up": {"uv": [1.75, 0.75, 0.75, 0], "texture": "#1"},
				"down": {"uv": [2.75, 0, 1.75, 0.75], "texture": "#1"}
			}
		},
		{
			"from": [3.5, 4.4, -0.1],
			"to": [7.5, 14.4, 2.9],
			"rotation": {"angle": 22.5, "axis": "x", "origin": [20, -4, -6.6]},
			"faces": {
				"north": {"uv": [0.75, 0.75, 1.75, 3.25], "texture": "#1"},
				"east": {"uv": [0, 0.75, 0.75, 3.25], "texture": "#1"},
				"south": {"uv": [2.5, 0.75, 3.5, 3.25], "texture": "#1"},
				"west": {"uv": [1.75, 0.75, 2.5, 3.25], "texture": "#1"},
				"up": {"uv": [1.75, 0.75, 0.75, 0], "texture": "#1"},
				"down": {"uv": [2.75, 0, 1.75, 0.75], "texture": "#1"}
			}
		},
		{
			"from": [8.5, 4.4, -0.1],
			"to": [12.5, 14.4, 2.9],
			"rotation": {"angle": 22.5, "axis": "x", "origin": [20, -4, -6.6]},
			"faces": {
				"north": {"uv": [0.75, 0.75, 1.75, 3.25], "texture": "#1"},
				"east": {"uv": [0, 0.75, 0.75, 3.25], "texture": "#1"},
				"south": {"uv": [2.5, 0.75, 3.5, 3.25], "texture": "#1"},
				"west": {"uv": [1.75, 0.75, 2.5, 3.25], "texture": "#1"},
				"up": {"uv": [1.75, 0.75, 0.75, 0], "texture": "#1"},
				"down": {"uv": [2.75, 0, 1.75, 0.75], "texture": "#1"}
			}
		},
		{
			"name": "cube inverted",
			"from": [14, 7.05078, 15],
			"to": [2, 0.05078, 1],
			"faces": {
				"north": {"uv": [10, 5.25, 13, 3.5], "texture": "#1"},
				"east": {"uv": [6.5, 5.25, 10, 3.5], "texture": "#1"},
				"south": {"uv": [3.5, 5.25, 6.5, 3.5], "texture": "#1"},
				"west": {"uv": [0, 5.25, 3.5, 3.5], "texture": "#1"},
				"up": {"uv": [6.5, 0, 9.5, 3.5], "texture": "#1"},
				"down": {"uv": [3.5, 3.5, 6.5, 0], "texture": "#1"}
			}
		}
	],
	"display": {
		"thirdperson_righthand": {
			"rotation": [60, -160, 0],
			"translation": [-1.5, 6, 1],
			"scale": [0.6, 0.6, -0.6]
		},
		"thirdperson_lefthand": {
			"rotation": [60, -160, 0],
			"translation": [-1.5, 6, 1],
			"scale": [0.6, 0.6, -0.6]
		},
		"firstperson_righthand": {
			"rotation": [0, -73, 6],
			"translation": [0, 2.25, 0],
			"scale": [0.5, 0.5, -0.5]
		},
		"firstperson_lefthand": {
			"rotation": [0, -73, 6],
			"translation": [0, 2.25, 0],
			"scale": [0.5, 0.5, -0.5]
		},
		"ground": {
			"translation": [0, 1.5, 0],
			"scale": [0.35, 0.35, 0.35]
		},
		"gui": {
			"rotation": [30, -40, 0],
			"translation": [0, 1.25, 0],
			"scale": [0.65, 0.65, -0.65]
		},
		"head": {
			"rotation": [0, -180, 0],
			"translation": [0, -30.4, 0],
			"scale": [1.6, 1.6, 1.6]
		},
		"fixed": {
			"rotation": [-90, 0, 0],
			"translation": [0, 0, -15],
			"scale": [2, 2, 2]
		}
	}
}