{"textures":{"particle":"glorious:item/mc/gfx_moving_box1"},"elements":[{"from":[1,0,1],"to":[15,14,15],"rotation":{"angle":0,"axis":"y","origin":[8,8,9]},"faces":{"north":{"uv":[3.75,3.75,7.25,7.25],"texture":"#particle"},"east":{"uv":[0.25,3.75,3.75,7.25],"texture":"#particle"},"south":{"uv":[10.75,3.75,14.25,7.25],"texture":"#particle"},"west":{"uv":[7.25,3.75,10.75,7.25],"texture":"#particle"},"up":{"uv":[7.25,3.75,3.75,0.25],"texture":"#particle"},"down":{"uv":[7.25,10.75,3.75,7.25],"texture":"#particle"}}},{"from":[8,13,1],"to":[15,14,15],"rotation":{"angle":-22.5,"axis":"z","origin":[15,14,8]},"faces":{"north":{"uv":[0.25,11.25,2,11.5],"texture":"#particle"},"south":{"uv":[5.5,11.25,7.25,11.5],"texture":"#particle"},"west":{"uv":[2,11.25,5.5,11.5],"texture":"#particle"},"up":{"uv":[2,15.5,0.25,12],"texture":"#particle"},"down":{"uv":[4.25,15.5,2.5,12],"texture":"#particle"}}}],"display":{"thirdperson_righthand":{"rotation":[75,45,0],"translation":[0,2.5,0],"scale":[0.375,0.375,0.375]},"thirdperson_lefthand":{"rotation":[75,45,0],"translation":[0,2.5,0],"scale":[0.375,0.375,0.375]},"firstperson_righthand":{"rotation":[0,45,0],"translation":[0,2,0],"scale":[0.4,0.4,0.4]},"firstperson_lefthand":{"rotation":[0,-135,0],"translation":[0,2,0],"scale":[0.4,0.4,0.4]},"ground":{"translation":[0,1,0],"scale":[0.5,0.5,0.5]},"gui":{"rotation":[30,225,0],"translation":[0,0.5,0],"scale":[0.625,0.625,0.625]},"fixed":{"rotation":[-90,0,0],"translation":[0,0,-16],"scale":[2,2,2]}}}