{"textures":{"1":"custom:entity/project/texture"},"elements":[{"faces":{"north":{"uv":[2.75,1.25,1.25,0],"rotation":180,"texture":"#1","tintindex":0},"east":{"uv":[0,1.25,1.25,3.5],"rotation":90,"texture":"#1","tintindex":0},"south":{"uv":[4.25,0,2.75,1.25],"texture":"#1","tintindex":0},"west":{"uv":[2.75,1.25,4,3.5],"rotation":270,"texture":"#1","tintindex":0},"up":{"uv":[4,1.25,5.5,3.5],"texture":"#1","tintindex":0},"down":{"uv":[1.25,1.25,2.75,3.5],"rotation":180,"texture":"#1","tintindex":0}},"to":[10.4,6.2,11.2],"from":[5.6,2.2,4],"rotation":{"angle":0,"axis":"x","origin":[8,5,8]}}],"display":{"head":{"translation":[0,5.6,0],"scale":[4,4,4],"rotation":[0,0,0]}}}