{"textures":{"particle":"glorious:item/mc/gfx_rug"},"elements":[{"from":[-8,0,-16],"to":[24,1,32],"rotation":{"angle":0,"axis":"y","origin":[16,8,8]},"faces":{"north":{"uv":[0.25,12.25,8.25,12.5],"texture":"#particle","tintindex":0},"east":{"uv":[0.25,13.75,12.25,14],"texture":"#particle","tintindex":0},"south":{"uv":[0.25,13,8.25,13.25],"texture":"#particle","tintindex":0},"west":{"uv":[0.25,14.5,12.25,14.75],"texture":"#particle","tintindex":0},"up":{"uv":[8.25,12.25,0.25,0.25],"texture":"#particle","tintindex":0},"down":{"uv":[0.25,12.25,8.25,0.25],"texture":"#particle","tintindex":0}}}],"display":{"thirdperson_righthand":{"rotation":[75,45,0],"translation":[0,4,1],"scale":[0.375,0.375,0.375]},"firstperson_righthand":{"rotation":[0,45,0],"translation":[4,3,0],"scale":[0.4,0.4,0.4]},"ground":{"translation":[0,1,0],"scale":[0.25,0.25,0.25]},"gui":{"rotation":[30,225,0],"translation":[0,1,0],"scale":[0.25,0.25,0.25]},"fixed":{"rotation":[-90,0,0],"translation":[-16,0,-15],"scale":[2,2,2]}}}