{
	"credit": "Made with Blockbench",
	"texture_size": [128, 128],
	"textures": {
		"2": "glorious:item/messy_room/messy_table_1",
		"particle": "glorious:item/messy_room/messy_table_1"
	},
	"elements": [
		{
			"from": [2, 0, 28],
			"to": [4, 14, 30],
			"faces": {
				"north": {"uv": [7.25, 0.5, 7.5, 2.25], "texture": "#2"},
				"east": {"uv": [7.25, 2.25, 7.5, 4], "texture": "#2"},
				"south": {"uv": [3.875, 7.25, 4.125, 9], "texture": "#2"},
				"west": {"uv": [7.25, 4, 7.5, 5.75], "texture": "#2"},
				"up": {"uv": [7.5, 6.5, 7.25, 6.25], "texture": "#2"},
				"down": {"uv": [7.5, 6.5, 7.25, 6.75], "texture": "#2"}
			}
		},
		{
			"from": [28, 0, 28],
			"to": [30, 14, 30],
			"rotation": {"angle": 0, "axis": "y", "origin": [16, 0, 0]},
			"faces": {
				"north": {"uv": [4.125, 7.25, 4.375, 9], "texture": "#2"},
				"east": {"uv": [4.375, 7.25, 4.625, 9], "texture": "#2"},
				"south": {"uv": [4.625, 7.25, 4.875, 9], "texture": "#2"},
				"west": {"uv": [4.875, 7.25, 5.125, 9], "texture": "#2"},
				"up": {"uv": [7.375, 7.5, 7.125, 7.25], "texture": "#2"},
				"down": {"uv": [7.625, 7.25, 7.375, 7.5], "texture": "#2"}
			}
		},
		{
			"from": [28, 0, 2],
			"to": [30, 14, 4],
			"rotation": {"angle": 0, "axis": "y", "origin": [16, 0, 16]},
			"faces": {
				"north": {"uv": [6.125, 7.25, 6.375, 9], "texture": "#2"},
				"east": {"uv": [6.375, 7.25, 6.625, 9], "texture": "#2"},
				"south": {"uv": [6.625, 7.25, 6.875, 9], "texture": "#2"},
				"west": {"uv": [6.875, 7.25, 7.125, 9], "texture": "#2"},
				"up": {"uv": [7.75, 1.25, 7.5, 1], "texture": "#2"},
				"down": {"uv": [7.75, 1.25, 7.5, 1.5], "texture": "#2"}
			}
		},
		{
			"from": [2, 0, 2],
			"to": [4, 14, 4],
			"rotation": {"angle": 0, "axis": "y", "origin": [0, 0, 16]},
			"faces": {
				"north": {"uv": [5.125, 7.25, 5.375, 9], "texture": "#2"},
				"east": {"uv": [5.375, 7.25, 5.625, 9], "texture": "#2"},
				"south": {"uv": [5.625, 7.25, 5.875, 9], "texture": "#2"},
				"west": {"uv": [5.875, 7.25, 6.125, 9], "texture": "#2"},
				"up": {"uv": [7.75, 0.75, 7.5, 0.5], "texture": "#2"},
				"down": {"uv": [7.75, 0.75, 7.5, 1], "texture": "#2"}
			}
		},
		{
			"from": [0.5, 14, 0.5],
			"to": [31.5, 16, 31.5],
			"faces": {
				"north": {"uv": [3.875, 6.75, 7.75, 7], "texture": "#2"},
				"east": {"uv": [3.875, 7, 7.75, 7.25], "texture": "#2"},
				"south": {"uv": [7.25, 0, 11.125, 0.25], "texture": "#2"},
				"west": {"uv": [7.25, 0.25, 11.125, 0.5], "texture": "#2"},
				"up": {"uv": [3.875, 3.875, 0, 0], "texture": "#2"},
				"down": {"uv": [3.875, 3.875, 0, 7.75], "texture": "#2"}
			}
		},
		{
			"from": [2.5, 13, 2.5],
			"to": [29.5, 14, 29.5],
			"faces": {
				"north": {"uv": [7.25, 5.75, 10.625, 5.875], "texture": "#2"},
				"east": {"uv": [7.25, 5.875, 10.625, 6], "texture": "#2"},
				"south": {"uv": [7.25, 6, 10.625, 6.125], "texture": "#2"},
				"west": {"uv": [7.25, 6.125, 10.625, 6.25], "texture": "#2"},
				"up": {"uv": [7.25, 3.375, 3.875, 0], "texture": "#2"},
				"down": {"uv": [7.25, 3.375, 3.875, 6.75], "texture": "#2"}
			}
		}
	],
	"display": {
		"thirdperson_righthand": {
			"rotation": [75, 45, 0],
			"translation": [0, 2.5, 0],
			"scale": [0.375, 0.375, 0.375]
		},
		"thirdperson_lefthand": {
			"rotation": [75, 45, 0],
			"translation": [0, 2.5, 0],
			"scale": [0.375, 0.375, 0.375]
		},
		"firstperson_righthand": {
			"rotation": [0, 45, 0],
			"scale": [0.4, 0.4, 0.4]
		},
		"firstperson_lefthand": {
			"rotation": [0, 225, 0],
			"scale": [0.4, 0.4, 0.4]
		},
		"ground": {
			"translation": [0, 3, 0],
			"scale": [0.25, 0.25, 0.25]
		},
		"gui": {
			"rotation": [30, 225, 0],
			"translation": [3.25, 0, 0],
			"scale": [0.3, 0.3, 0.3]
		},
		"fixed": {
			"rotation": [-90, 0, 0],
			"translation": [0, 0, -16],
			"scale": [2, 2, 2]
		}
	}
}