{
	"credit": "Made with Blockbench",
	"texture_size": [64, 64],
	"textures": {
		"0": "glorious:item/nightclubfurniture/nightclub_shelf_2",
		"particle": "glorious:item/nightclubfurniture/nightclub_shelf_2"
	},
	"elements": [
		{
			"from": [0, 15, 1],
			"to": [1, 16, 15],
			"faces": {
				"east": {"uv": [0.5, 4, 4, 4.25], "texture": "#0"},
				"west": {"uv": [0.5, 4, 4, 4.25], "texture": "#0"},
				"up": {"uv": [0.5, 7.5, 0.25, 4], "texture": "#0"},
				"down": {"uv": [0.5, 4, 0.25, 7.5], "texture": "#0"}
			}
		},
		{
			"from": [0, 10, 1],
			"to": [16, 11, 15],
			"faces": {
				"north": {"uv": [0, 3.75, 4, 4], "texture": "#0"},
				"east": {"uv": [0, 3.5, 3.5, 3.75], "texture": "#0"},
				"south": {"uv": [0, 3.75, 4, 4], "texture": "#0"},
				"west": {"uv": [0, 3.5, 3.5, 3.75], "texture": "#0"},
				"up": {"uv": [4, 3.5, 0, 0], "texture": "#0"},
				"down": {"uv": [4, 0, 0, 3.5], "texture": "#0"}
			}
		},
		{
			"from": [0, 2, 1],
			"to": [16, 3, 15],
			"faces": {
				"north": {"uv": [0, 3.75, 4, 4], "texture": "#0"},
				"east": {"uv": [0, 3.5, 3.5, 3.75], "texture": "#0"},
				"south": {"uv": [0, 3.75, 4, 4], "texture": "#0"},
				"west": {"uv": [0, 3.5, 3.5, 3.75], "texture": "#0"},
				"up": {"uv": [4, 3.5, 0, 0], "texture": "#0"},
				"down": {"uv": [4, 0, 0, 3.5], "texture": "#0"}
			}
		},
		{
			"from": [0, 0, 0],
			"to": [1, 16, 1],
			"faces": {
				"north": {"uv": [0, 4, 0.25, 8], "texture": "#0"},
				"east": {"uv": [0.25, 4, 0, 8], "texture": "#0"},
				"south": {"uv": [0, 4, 0.25, 8], "texture": "#0"},
				"west": {"uv": [0, 4, 0.25, 8], "texture": "#0"},
				"up": {"uv": [3.75, 3.75, 3.5, 3.5], "texture": "#0"},
				"down": {"uv": [3.75, 3.5, 3.5, 3.75], "texture": "#0"}
			}
		},
		{
			"from": [0, 0, 15],
			"to": [1, 16, 16],
			"faces": {
				"north": {"uv": [0, 4, 0.25, 8], "texture": "#0"},
				"east": {"uv": [0, 4, 0.25, 8], "texture": "#0"},
				"south": {"uv": [0, 4, 0.25, 8], "texture": "#0"},
				"west": {"uv": [0.25, 4, 0, 8], "texture": "#0"},
				"up": {"uv": [3.75, 3.75, 3.5, 3.5], "texture": "#0"},
				"down": {"uv": [3.75, 3.5, 3.5, 3.75], "texture": "#0"}
			}
		},
		{
			"from": [15, 0, 15],
			"to": [16, 16, 16],
			"faces": {
				"north": {"uv": [0, 4, 0.25, 8], "texture": "#0"},
				"east": {"uv": [0, 4, 0.25, 8], "texture": "#0"},
				"south": {"uv": [0, 4, 0.25, 8], "texture": "#0"},
				"west": {"uv": [0.25, 4, 0, 8], "texture": "#0"},
				"up": {"uv": [3.75, 3.75, 3.5, 3.5], "texture": "#0"},
				"down": {"uv": [3.75, 3.5, 3.5, 3.75], "texture": "#0"}
			}
		},
		{
			"from": [15, 15, 1],
			"to": [16, 16, 15],
			"faces": {
				"east": {"uv": [0.5, 4, 4, 4.25], "texture": "#0"},
				"west": {"uv": [0.5, 4, 4, 4.25], "texture": "#0"},
				"up": {"uv": [0.5, 7.5, 0.25, 4], "texture": "#0"},
				"down": {"uv": [0.5, 4, 0.25, 7.5], "texture": "#0"}
			}
		},
		{
			"from": [15, 0, 0],
			"to": [16, 16, 1],
			"faces": {
				"north": {"uv": [0, 4, 0.25, 8], "texture": "#0"},
				"east": {"uv": [0.25, 4, 0, 8], "texture": "#0"},
				"south": {"uv": [0, 4, 0.25, 8], "texture": "#0"},
				"west": {"uv": [0, 4, 0.25, 8], "texture": "#0"},
				"up": {"uv": [3.75, 3.75, 3.5, 3.5], "texture": "#0"},
				"down": {"uv": [3.75, 3.5, 3.5, 3.75], "texture": "#0"}
			}
		}
	],
	"gui_light": "front",
	"display": {
		"thirdperson_righthand": {
			"translation": [0, 3, 1],
			"scale": [0.55, 0.55, 0.55]
		},
		"thirdperson_lefthand": {
			"translation": [0, 3, 1],
			"scale": [0.55, 0.55, 0.55]
		},
		"firstperson_righthand": {
			"rotation": [0, -90, 25],
			"translation": [1.13, 3.2, 1.13],
			"scale": [0.68, 0.68, 0.68]
		},
		"firstperson_lefthand": {
			"rotation": [0, -90, 25],
			"translation": [1.13, 3.2, 1.13],
			"scale": [0.68, 0.68, 0.68]
		},
		"ground": {
			"translation": [0, 2.25, 0],
			"scale": [0.63, 0.63, 0.63]
		},
		"gui": {
			"rotation": [30, 225, 0],
			"scale": [0.4, 0.4, 0.4]
		},
		"head": {
			"translation": [0, -30.5, 0],
			"scale": [1.6, 1.6, 1.6]
		}
	}
}