{
	"credit": "Made with Blockbench",
	"texture_size": [64, 64],
	"textures": {
		"2": "glorious:item/messy_room/cardboard_box_pile"
	},
	"elements": [
		{
			"from": [2, 0, 1.9],
			"to": [14, 16, 13.9],
			"rotation": {"angle": 0, "axis": "y", "origin": [8, 16, 7.9]},
			"faces": {
				"north": {"uv": [0, 0, 3, 4], "texture": "#2"},
				"east": {"uv": [3, 0, 6, 4], "texture": "#2"},
				"south": {"uv": [0, 4, 3, 8], "texture": "#2"},
				"west": {"uv": [3, 4, 6, 8], "texture": "#2"},
				"up": {"uv": [9, 3, 6, 0], "texture": "#2"},
				"down": {"uv": [9, 3, 6, 6], "texture": "#2"}
			}
		},
		{
			"from": [2, 16, 1.9],
			"to": [14, 32, 13.9],
			"rotation": {"angle": -45, "axis": "y", "origin": [8, 24, 7.9]},
			"faces": {
				"north": {"uv": [0, 4, 3, 8], "texture": "#2"},
				"east": {"uv": [3, 4, 6, 8], "texture": "#2"},
				"south": {"uv": [0, 0, 3, 4], "texture": "#2"},
				"west": {"uv": [3, 0, 6, 4], "texture": "#2"},
				"up": {"uv": [9, 3, 6, 0], "rotation": 180, "texture": "#2"},
				"down": {"uv": [9, 3, 6, 6], "rotation": 180, "texture": "#2"}
			}
		}
	],
	"display": {
		"thirdperson_righthand": {
			"rotation": [75, 45, 0],
			"translation": [0, 2.5, 0],
			"scale": [0.375, 0.375, 0.375]
		},
		"thirdperson_lefthand": {
			"rotation": [75, 45, 0],
			"translation": [0, 2.5, 0],
			"scale": [0.375, 0.375, 0.375]
		},
		"firstperson_righthand": {
			"rotation": [0, 45, 0],
			"scale": [0.4, 0.4, 0.4]
		},
		"firstperson_lefthand": {
			"rotation": [0, 225, 0],
			"scale": [0.4, 0.4, 0.4]
		},
		"ground": {
			"translation": [0, 3, 0],
			"scale": [0.25, 0.25, 0.25]
		},
		"gui": {
			"rotation": [30, 225, 0],
			"translation": [0, -2.75, 0],
			"scale": [0.4, 0.4, 0.4]
		},
		"fixed": {
			"rotation": [-90, 0, 0],
			"translation": [0, 0, -16],
			"scale": [2, 2, 2]
		}
	}
}