{
	"credit": "Made with Blockbench",
	"textures": {
		"0": "block/oak_log",
		"1": "block/oak_log_top",
		"particle": "block/oak_log"
	},
	"elements": [
		{
			"from": [13, 0, 11],
			"to": [19, 1, 15],
			"rotation": {"angle": 0, "axis": "y", "origin": [1, 0, 3]},
			"faces": {
				"north": {"uv": [0, 0, 4, 1], "texture": "#0"},
				"east": {"uv": [3, 1, 7, 2], "texture": "#1"},
				"south": {"uv": [0, 0, 4, 1], "texture": "#0"},
				"west": {"uv": [0, 0, 4, 1], "texture": "#1"},
				"up": {"uv": [0, 0, 4, 6], "rotation": 90, "texture": "#0"},
				"down": {"uv": [0, 0, 4, 6], "rotation": 90, "texture": "#0"}
			}
		},
		{
			"from": [-3, 0, 11],
			"to": [13, 1, 15],
			"rotation": {"angle": 0, "axis": "y", "origin": [1, 0, 3]},
			"faces": {
				"north": {"uv": [1, 0, 2, 16], "rotation": 270, "texture": "#0"},
				"east": {"uv": [0, 0, 4, 1], "texture": "#1"},
				"south": {"uv": [1, 0, 2, 16], "rotation": 270, "texture": "#0"},
				"west": {"uv": [6, 1, 10, 2], "texture": "#1"},
				"up": {"uv": [0, 0, 4, 16], "rotation": 90, "texture": "#0"},
				"down": {"uv": [0, 0, 4, 16], "rotation": 90, "texture": "#0"}
			}
		},
		{
			"from": [5, 5.5, 2],
			"to": [9, 6.5, 18],
			"rotation": {"angle": -22.5, "axis": "x", "origin": [2, 0.5, 16]},
			"faces": {
				"north": {"uv": [11, 1, 15, 2], "texture": "#1"},
				"east": {"uv": [8, 0, 9, 16], "rotation": 270, "texture": "#0"},
				"south": {"uv": [11, 2, 15, 1], "texture": "#1"},
				"west": {"uv": [8, 0, 9, 16], "rotation": 270, "texture": "#0"},
				"up": {"uv": [7, 0, 11, 16], "texture": "#0"},
				"down": {"uv": [7, 0, 11, 16], "rotation": 180, "texture": "#0"}
			}
		},
		{
			"from": [16, 0, 6],
			"to": [22, 1, 10],
			"rotation": {"angle": 0, "axis": "y", "origin": [2, 0, 3]},
			"faces": {
				"north": {"uv": [12, 0, 16, 1], "texture": "#0"},
				"east": {"uv": [4, 6, 8, 7], "texture": "#1"},
				"south": {"uv": [12, 0, 16, 1], "texture": "#0"},
				"west": {"uv": [12, 0, 16, 1], "texture": "#1"},
				"up": {"uv": [12, 0, 16, 6], "rotation": 90, "texture": "#0"},
				"down": {"uv": [12, 0, 16, 6], "rotation": 90, "texture": "#0"}
			}
		},
		{
			"from": [0, 0, 6],
			"to": [16, 1, 10],
			"rotation": {"angle": 0, "axis": "y", "origin": [2, 0, 3]},
			"faces": {
				"north": {"uv": [13, 0, 14, 16], "rotation": 270, "texture": "#0"},
				"east": {"uv": [12, 0, 16, 1], "texture": "#1"},
				"south": {"uv": [13, 0, 14, 16], "rotation": 270, "texture": "#0"},
				"west": {"uv": [7, 1, 11, 2], "texture": "#1"},
				"up": {"uv": [12, 0, 16, 16], "rotation": 90, "texture": "#0"},
				"down": {"uv": [12, 0, 16, 16], "rotation": 90, "texture": "#0"}
			}
		},
		{
			"from": [-4, 1, 1],
			"to": [2, 2, 5],
			"rotation": {"angle": 22.5, "axis": "y", "origin": [22, 0, 3]},
			"faces": {
				"north": {"uv": [7, 0, 3, 1], "texture": "#0"},
				"east": {"uv": [16, 0, 12, 1], "texture": "#1"},
				"south": {"uv": [7, 0, 3, 1], "texture": "#0"},
				"west": {"uv": [8, 6, 4, 7], "texture": "#1"},
				"up": {"uv": [3, 6, 7, 0], "rotation": 90, "texture": "#0"},
				"down": {"uv": [3, 6, 7, 0], "rotation": 90, "texture": "#0"}
			}
		},
		{
			"from": [2, 1, 1],
			"to": [18, 2, 5],
			"rotation": {"angle": 22.5, "axis": "y", "origin": [22, 0, 3]},
			"faces": {
				"north": {"uv": [4, 16, 5, 0], "rotation": 270, "texture": "#0"},
				"east": {"uv": [11, 1, 7, 2], "texture": "#1"},
				"south": {"uv": [4, 16, 5, 0], "rotation": 270, "texture": "#0"},
				"west": {"uv": [16, 0, 12, 1], "texture": "#1"},
				"up": {"uv": [3, 16, 7, 0], "rotation": 90, "texture": "#0"},
				"down": {"uv": [3, 16, 7, 0], "rotation": 90, "texture": "#0"}
			}
		},
		{
			"from": [-4, 2, 8],
			"to": [2, 3, 12],
			"rotation": {"angle": 0, "axis": "y", "origin": [22, 1, 10]},
			"faces": {
				"north": {"uv": [11, 0, 7, 1], "texture": "#0"},
				"east": {"uv": [16, 0, 12, 1], "texture": "#1"},
				"south": {"uv": [11, 0, 7, 1], "texture": "#0"},
				"west": {"uv": [8, 6, 4, 7], "texture": "#1"},
				"up": {"uv": [7, 6, 11, 0], "rotation": 90, "texture": "#0"},
				"down": {"uv": [7, 6, 11, 0], "rotation": 90, "texture": "#0"}
			}
		},
		{
			"from": [2, 2, 8],
			"to": [18, 3, 12],
			"rotation": {"angle": 0, "axis": "y", "origin": [22, 1, 10]},
			"faces": {
				"north": {"uv": [8, 16, 9, 0], "rotation": 270, "texture": "#0"},
				"east": {"uv": [11, 1, 7, 2], "texture": "#1"},
				"south": {"uv": [8, 16, 9, 0], "rotation": 270, "texture": "#0"},
				"west": {"uv": [16, 0, 12, 1], "texture": "#1"},
				"up": {"uv": [7, 16, 11, 0], "rotation": 90, "texture": "#0"},
				"down": {"uv": [7, 16, 11, 0], "rotation": 90, "texture": "#0"}
			}
		}
	],
	"display": {
		"thirdperson_righthand": {
			"translation": [0.25, 4, 0],
			"scale": [0.5, 0.5, 0.5]
		},
		"thirdperson_lefthand": {
			"translation": [0.25, 4, 0],
			"scale": [0.5, 0.5, 0.5]
		},
		"firstperson_righthand": {
			"rotation": [0, -109, 0],
			"translation": [3.25, 9.25, 0]
		},
		"firstperson_lefthand": {
			"rotation": [0, -109, 0],
			"translation": [3.25, 9.25, 0]
		},
		"ground": {
			"translation": [0, 2.25, 0],
			"scale": [0.5, 0.5, 0.5]
		},
		"gui": {
			"rotation": [45, 145, 0],
			"scale": [0.5, 0.5, 0.5]
		},
		"head": {
			"translation": [2.25, 14.5, 0]
		},
		"fixed": {
			"rotation": [-90, 0, 0],
			"translation": [0, 0, -16],
			"scale": [2, 2, 2]
		}
	}
}