{
	"credit": "Made with Blockbench",
	"textures": {
		"0": "block/oak_log",
		"1": "block/oak_log_top",
		"particle": "block/oak_log"
	},
	"elements": [
		{
			"from": [8, 4.25, -0.5],
			"to": [12, 20.25, 0.5],
			"rotation": {"angle": 45, "axis": "x", "origin": [15, 2.25, -5.5]},
			"faces": {
				"north": {"uv": [9, 0, 5, 16], "texture": "#0"},
				"east": {"uv": [7, 0, 6, 16], "rotation": 180, "texture": "#0"},
				"south": {"uv": [9, 0, 5, 16], "texture": "#0"},
				"west": {"uv": [7, 0, 6, 16], "texture": "#0"},
				"up": {"uv": [9, 0, 5, 1], "texture": "#0"},
				"down": {"uv": [13, 2, 9, 3], "rotation": 180, "texture": "#1"}
			}
		},
		{
			"from": [8, 20.25, -0.5],
			"to": [12, 27.25, 0.5],
			"rotation": {"angle": 45, "axis": "x", "origin": [15, 2.25, -5.5]},
			"faces": {
				"north": {"uv": [9, 9, 5, 16], "texture": "#0"},
				"east": {"uv": [8, 9, 7, 16], "rotation": 180, "texture": "#0"},
				"south": {"uv": [9, 9, 5, 16], "texture": "#0"},
				"west": {"uv": [7, 9, 6, 16], "texture": "#0"},
				"up": {"uv": [10, 5, 6, 6], "texture": "#1"},
				"down": {"uv": [9, 0, 5, 1], "rotation": 180, "texture": "#0"}
			}
		},
		{
			"from": [3, 2, 8.5],
			"to": [7, 18, 9.5],
			"rotation": {"angle": 22.5, "axis": "x", "origin": [10, 0, 3.5]},
			"faces": {
				"north": {"uv": [13, 0, 9, 16], "texture": "#0"},
				"east": {"uv": [11, 0, 10, 16], "rotation": 180, "texture": "#0"},
				"south": {"uv": [13, 0, 9, 16], "texture": "#0"},
				"west": {"uv": [11, 0, 10, 16], "texture": "#0"},
				"up": {"uv": [14, 2, 10, 3], "texture": "#1"},
				"down": {"uv": [14, 2, 10, 3], "rotation": 180, "texture": "#1"}
			}
		},
		{
			"from": [-1, 0, -0.5],
			"to": [3, 1, 15.5],
			"rotation": {"angle": 45, "axis": "y", "origin": [6, 6, -2.5]},
			"faces": {
				"north": {"uv": [14, 2, 10, 3], "texture": "#1"},
				"east": {"uv": [10, 16, 11, 0], "rotation": 270, "texture": "#0"},
				"south": {"uv": [14, 2, 10, 3], "texture": "#1"},
				"west": {"uv": [10, 16, 11, 0], "rotation": 270, "texture": "#0"},
				"up": {"uv": [13, 0, 9, 16], "rotation": 180, "texture": "#0"},
				"down": {"uv": [13, 0, 9, 16], "texture": "#0"}
			}
		}
	],
	"display": {
		"thirdperson_righthand": {
			"translation": [0.25, 4, 0],
			"scale": [0.5, 0.5, 0.5]
		},
		"thirdperson_lefthand": {
			"translation": [0.25, 4, 0],
			"scale": [0.5, 0.5, 0.5]
		},
		"firstperson_righthand": {
			"rotation": [0, -109, 0],
			"translation": [3.25, 9.25, 0]
		},
		"firstperson_lefthand": {
			"rotation": [0, -109, 0],
			"translation": [3.25, 9.25, 0]
		},
		"ground": {
			"translation": [0, 2.25, 0],
			"scale": [0.5, 0.5, 0.5]
		},
		"gui": {
			"rotation": [15, 145, 0],
			"scale": [0.5, 0.5, 0.5]
		},
		"head": {
			"translation": [2.25, 14.5, 0]
		},
		"fixed": {
			"rotation": [-90, 0, 0],
			"translation": [0, 0, -16],
			"scale": [2, 2, 2]
		}
	}
}