{	"credit":"MadewithBlockbench",	"texture_size":[64,64],	"textures":{		"1":"glorious:item/default_tools/stone_axe"	},	"elements":[		{			"from":[12.51256,14.0481,7.225],			"to":[13.57322,15.10876,8.775],			"rotation":{"angle":-45,"axis":"z","origin":[12.82322,15.5481,8]},			"faces":{				"north":{"uv":[3,4.25,3.25,4.5],"texture":"#1"},				"east":{"uv":[7,0.5,7.375,0.75],"texture":"#1"},				"south":{"uv":[4.25,3,4.5,3.25],"texture":"#1"},				"west":{"uv":[2.25,7,2.625,7.25],"texture":"#1"},				"up":{"uv":[3,7.375,2.75,7],"texture":"#1"},				"down":{"uv":[3.5,7,3.25,7.375],"texture":"#1"}			}		},		{			"from":[9.29289,13.95711,7.25],			"to":[12.29289,15.45711,8.75],			"rotation":{"angle":0,"axis":"y","origin":[-6.70711,22.70711,0]},			"faces":{				"north":{"uv":[5.5,5.25,6.25,5.625],"texture":"#1"},				"east":{"uv":[4.25,6.5,4.625,6.875],"texture":"#1"},				"south":{"uv":[5.75,0.75,6.5,1.125],"texture":"#1"},				"west":{"uv":[6.5,4.25,6.875,4.625],"texture":"#1"},				"up":{"uv":[6.5,1.625,5.75,1.25],"texture":"#1"},				"down":{"uv":[6.5,1.75,5.75,2.125],"texture":"#1"}			}		},		{			"from":[8.53794,14.62642,7.75],			"to":[11.03794,15.62642,8.25],			"rotation":{"angle":22.5,"axis":"z","origin":[7.53794,15.12642,8]},			"faces":{				"north":{"uv":[6.5,1.25,7.125,1.5],"texture":"#1"},				"east":{"uv":[7,6.75,7.125,7],"texture":"#1"},				"south":{"uv":[6.5,1.5,7.125,1.75],"texture":"#1"},				"west":{"uv":[7,7,7.125,7.25],"texture":"#1"},				"up":{"uv":[4.875,7.125,4.25,7],"texture":"#1"},				"down":{"uv":[7.625,4.25,7,4.375],"texture":"#1"}			}		},		{			"from":[14.29289,13.70711,7.5],			"to":[15.29289,15.70711,8.5],			"rotation":{"angle":0,"axis":"y","origin":[10.79289,14.70711,8]},			"faces":{				"north":{"uv":[3.25,2.25,3.5,2.75],"texture":"#1"},				"east":{"uv":[5.25,6.5,5.5,7],"texture":"#1"},				"south":{"uv":[3,6.75,3.25,7.25],"texture":"#1"},				"west":{"uv":[6.75,6.75,7,7.25],"texture":"#1"},				"up":{"uv":[5.25,7.25,5,7],"texture":"#1"},				"down":{"uv":[7.25,5,7,5.25],"texture":"#1"}			}		},		{			"from":[14.25275,13.90891,7.5],			"to":[15.25275,16.90891,8.5],			"rotation":{"angle":22.5,"axis":"z","origin":[10.75275,14.90891,8]},			"faces":{				"north":{"uv":[3.75,0,4,0.75],"texture":"#1"},				"east":{"uv":[0.25,6.25,0.5,7],"texture":"#1"},				"south":{"uv":[0.5,6.25,0.75,7],"texture":"#1"},				"west":{"uv":[0.75,6.25,1,7],"texture":"#1"},				"up":{"uv":[5.5,7.25,5.25,7],"texture":"#1"},				"down":{"uv":[7.25,5.25,7,5.5],"texture":"#1"}			}		},		{			"from":[13.75576,15.00387,7.5],			"to":[14.75576,17.00387,8.5],			"rotation":{"angle":45,"axis":"z","origin":[10.25576,16.00387,8]},			"faces":{				"north":{"uv":[0.25,7,0.5,7.5],"texture":"#1"},				"east":{"uv":[0.5,7,0.75,7.5],"texture":"#1"},				"south":{"uv":[0.75,7,1,7.5],"texture":"#1"},				"west":{"uv":[1,7,1.25,7.5],"texture":"#1"},				"up":{"uv":[5.75,7.25,5.5,7],"texture":"#1"},				"down":{"uv":[7.25,5.5,7,5.75],"texture":"#1"}			}		},		{			"from":[10.75576,15.50387,7.75],			"to":[13.75576,16.50387,8.25],			"rotation":{"angle":45,"axis":"z","origin":[10.25576,16.00387,8]},			"faces":{				"north":{"uv":[1,6.25,1.75,6.5],"texture":"#1"},				"east":{"uv":[7,6.25,7.125,6.5],"texture":"#1"},				"south":{"uv":[1.75,6.25,2.5,6.5],"texture":"#1"},				"west":{"uv":[6.5,7,6.625,7.25],"texture":"#1"},				"up":{"uv":[7.75,3.375,7,3.25],"texture":"#1"},				"down":{"uv":[4.25,7,3.5,7.125],"texture":"#1"}			}		},		{			"from":[10.75576,12.91034,7.75],			"to":[13.75576,13.91034,8.25],			"rotation":{"angle":-45,"axis":"z","origin":[10.25576,13.41034,8]},			"faces":{				"north":{"uv":[6.25,3.75,7,4],"texture":"#1"},				"east":{"uv":[7.25,0,7.375,0.25],"texture":"#1"},				"south":{"uv":[6.25,4,7,4.25],"texture":"#1"},				"west":{"uv":[7.25,0.25,7.375,0.5],"texture":"#1"},				"up":{"uv":[7.75,3.875,7,3.75],"texture":"#1"},				"down":{"uv":[7.75,4,7,4.125],"texture":"#1"}			}		},		{			"from":[8.53794,13.78779,7.75],			"to":[11.03794,14.78779,8.25],			"rotation":{"angle":-22.5,"axis":"z","origin":[7.53794,14.28779,8]},			"faces":{				"north":{"uv":[1.75,6.5,2.375,6.75],"texture":"#1"},				"east":{"uv":[7.25,0.75,7.375,1],"texture":"#1"},				"south":{"uv":[6.5,1.75,7.125,2],"texture":"#1"},				"west":{"uv":[7.25,1,7.375,1.25],"texture":"#1"},				"up":{"uv":[7.625,4.625,7,4.5],"texture":"#1"},				"down":{"uv":[7.625,4.75,7,4.875],"texture":"#1"}			}		},		{			"from":[13.75576,12.41034,7.5],			"to":[14.75576,14.41034,8.5],			"rotation":{"angle":-45,"axis":"z","origin":[10.25576,13.41034,8]},			"faces":{				"north":{"uv":[1.25,7,1.5,7.5],"texture":"#1"},				"east":{"uv":[1.5,7,1.75,7.5],"texture":"#1"},				"south":{"uv":[1.75,7,2,7.5],"texture":"#1"},				"west":{"uv":[2,7,2.25,7.5],"texture":"#1"},				"up":{"uv":[6,7.25,5.75,7],"texture":"#1"},				"down":{"uv":[7.25,5.75,7,6],"texture":"#1"}			}		},		{			"from":[14.25275,12.5053,7.5],			"to":[15.25275,15.5053,8.5],			"rotation":{"angle":-22.5,"axis":"z","origin":[10.75275,14.5053,8]},			"faces":{				"north":{"uv":[6.25,4.25,6.5,5],"texture":"#1"},				"east":{"uv":[6.25,5,6.5,5.75],"texture":"#1"},				"south":{"uv":[5.5,6.25,5.75,7],"texture":"#1"},				"west":{"uv":[5.75,6.25,6,7],"texture":"#1"},				"up":{"uv":[7.25,6.25,7,6],"texture":"#1"},				"down":{"uv":[6.5,7,6.25,7.25],"texture":"#1"}			}		},		{			"from":[9.29289,10.70711,7.775],			"to":[14.29289,18.70711,8.225],			"rotation":{"angle":0,"axis":"y","origin":[10.79289,14.70711,8]},			"faces":{				"north":{"uv":[0,0,1.25,2],"texture":"#1"},				"east":{"uv":[6,5.75,6.125,7.75],"texture":"#1"},				"south":{"uv":[1.25,0,2.5,2],"texture":"#1"},				"west":{"uv":[0,6.25,0.125,8.25],"texture":"#1"},				"up":{"uv":[7.75,2.125,6.5,2],"texture":"#1"},				"down":{"uv":[7.75,2.25,6.5,2.375],"texture":"#1"}			}		},		{			"from":[6.5,13.20711,7],			"to":[9.5,17.20711,9],			"rotation":{"angle":0,"axis":"z","origin":[8,14.70711,8]},			"faces":{				"north":{"uv":[3.5,2.25,4.25,3.25],"texture":"#1"},				"east":{"uv":[4.5,0.75,5,1.75],"texture":"#1"},				"south":{"uv":[3.25,3.5,4,4.5],"texture":"#1"},				"west":{"uv":[3,4.5,3.5,5.5],"texture":"#1"},				"up":{"uv":[3.25,2,2.5,1.5],"texture":"#1"},				"down":{"uv":[6,3,5.25,3.5],"texture":"#1"}			}		},		{			"from":[4.12061,13.27415,7.1],			"to":[6.62061,15.27415,8.9],			"rotation":{"angle":22.5,"axis":"z","origin":[5.54111,14.68576,8]},			"faces":{				"north":{"uv":[0.5,5.5,1,6.125],"rotation":270,"texture":"#1"},				"east":{"uv":[6.25,4.75,5.75,4.25],"rotation":90,"texture":"#1"},				"south":{"uv":[1.5,5.5,2,6.125],"rotation":90,"texture":"#1"},				"west":{"uv":[6.25,4.75,5.75,5.25],"rotation":90,"texture":"#1"},				"up":{"uv":[2,5.5,2.5,6.125],"rotation":90,"texture":"#1"},				"down":{"uv":[1,5.5,1.5,6.125],"rotation":90,"texture":"#1"}			}		},		{			"from":[4.12061,14.09738,7.1],			"to":[6.62061,16.09738,8.9],			"rotation":{"angle":-22.5,"axis":"z","origin":[5.54111,14.68576,8]},			"faces":{				"north":{"uv":[5.25,3.75,5.75,4.375],"rotation":270,"texture":"#1"},				"east":{"uv":[5,2.25,4.5,1.75],"rotation":90,"texture":"#1"},				"south":{"uv":[0,5.5,0.5,6.125],"rotation":90,"texture":"#1"},				"west":{"uv":[6.25,3.75,5.75,4.25],"rotation":90,"texture":"#1"},				"up":{"uv":[5.5,0,6,0.625],"rotation":90,"texture":"#1"},				"down":{"uv":[5,5.25,5.5,5.875],"rotation":90,"texture":"#1"}			}		},		{			"from":[6.75,12,6.75],			"to":[9.25,13,9.25],			"faces":{				"north":{"uv":[6.5,0.25,7.125,0.5],"texture":"#1"},				"east":{"uv":[6.5,0.75,7.125,1],"texture":"#1"},				"south":{"uv":[1,6.5,1.625,6.75],"texture":"#1"},				"west":{"uv":[6.5,1,7.125,1.25],"texture":"#1"},				"up":{"uv":[5.625,1.375,5,0.75],"texture":"#1"},				"down":{"uv":[5.625,1.5,5,2.125],"texture":"#1"}			}		},		{			"from":[7,11,7],			"to":[9,12,9],			"faces":{				"north":{"uv":[3.5,3.25,4,3.5],"texture":"#1"},				"east":{"uv":[4,1.25,4.5,1.5],"texture":"#1"},				"south":{"uv":[4.75,6.5,5.25,6.75],"texture":"#1"},				"west":{"uv":[6.5,4.75,7,5],"texture":"#1"},				"up":{"uv":[6,6.25,5.5,5.75],"texture":"#1"},				"down":{"uv":[6.5,0,6,0.5],"texture":"#1"}			}		},		{			"from":[7.25,0,7.25],			"to":[8.75,14,8.75],			"faces":{				"north":{"uv":[0,2,0.375,5.5],"texture":"#1"},				"east":{"uv":[0.5,2,0.875,5.5],"texture":"#1"},				"south":{"uv":[1,2,1.375,5.5],"texture":"#1"},				"west":{"uv":[1.5,2,1.875,5.5],"texture":"#1"},				"up":{"uv":[3.625,6.875,3.25,6.5],"texture":"#1"},				"down":{"uv":[4.125,6.5,3.75,6.875],"texture":"#1"}			}		},		{			"from":[7,9.5,7],			"to":[9,10.5,9],			"faces":{				"north":{"uv":[6.5,5,7,5.25],"texture":"#1"},				"east":{"uv":[6.5,5.25,7,5.5],"texture":"#1"},				"south":{"uv":[6.5,5.5,7,5.75],"texture":"#1"},				"west":{"uv":[6.25,6.5,6.75,6.75],"texture":"#1"},				"up":{"uv":[6.5,2.75,6,2.25],"texture":"#1"},				"down":{"uv":[3,6,2.5,6.5],"texture":"#1"}			}		},		{			"from":[6.25,-1.5,6.65],			"to":[9.75,-0.5,9.35],			"rotation":{"angle":22.5,"axis":"z","origin":[8,-1,8]},			"faces":{				"north":{"uv":[6,0.5,6.875,0.75],"texture":"#1"},				"east":{"uv":[2.5,6.5,3.125,6.75],"texture":"#1"},				"south":{"uv":[6,3.25,6.875,3.5],"texture":"#1"},				"west":{"uv":[6.5,2.5,7.125,2.75],"texture":"#1"},				"up":{"uv":[5.125,2.875,4.25,2.25],"texture":"#1"},				"down":{"uv":[5.375,0,4.5,0.625],"texture":"#1"}			}		},		{			"from":[5.5,-1.25,6.55],			"to":[10,-0.25,9.45],			"rotation":{"angle":-45,"axis":"z","origin":[8,-1,8]},			"faces":{				"north":{"uv":[2.5,5.75,3.625,6],"texture":"#1"},				"east":{"uv":[6.25,6.25,7,6.5],"texture":"#1"},				"south":{"uv":[3.75,5.75,4.875,6],"texture":"#1"},				"west":{"uv":[6.5,0,7.25,0.25],"texture":"#1"},				"up":{"uv":[4.375,2.25,3.25,1.5],"texture":"#1"},				"down":{"uv":[3.125,3.5,2,4.25],"texture":"#1"}			}		},		{			"from":[5,13.75,6.55],			"to":[10,14.75,9.45],			"rotation":{"angle":-45,"axis":"z","origin":[8,14,8]},			"faces":{				"north":{"uv":[2.5,5.5,3.75,5.75],"texture":"#1"},				"east":{"uv":[6.25,5.75,7,6],"texture":"#1"},				"south":{"uv":[3.75,5.5,5,5.75],"texture":"#1"},				"west":{"uv":[6.25,6,7,6.25],"texture":"#1"},				"up":{"uv":[3.25,2.75,2,2],"texture":"#1"},				"down":{"uv":[3.75,0,2.5,0.75],"texture":"#1"}			}		},		{			"from":[8,13.25,6.65],			"to":[13.5,14.25,9.35],			"rotation":{"angle":45,"axis":"z","origin":[8,11,8]},			"faces":{				"north":{"uv":[3.5,5.25,4.875,5.5],"texture":"#1"},				"east":{"uv":[6.5,2.75,7.125,3],"texture":"#1"},				"south":{"uv":[5.25,3.5,6.625,3.75],"texture":"#1"},				"west":{"uv":[6.5,3,7.125,3.25],"texture":"#1"},				"up":{"uv":[3.875,1.375,2.5,0.75],"texture":"#1"},				"down":{"uv":[3.375,2.75,2,3.375],"texture":"#1"}			}		},		{			"from":[7,4,7],			"to":[9,8.5,9],			"faces":{				"north":{"uv":[4,0,4.5,1.125],"texture":"#1"},				"east":{"uv":[4,3.25,4.5,4.375],"texture":"#1"},				"south":{"uv":[2,4.25,2.5,5.375],"texture":"#1"},				"west":{"uv":[2.5,4.25,3,5.375],"texture":"#1"},				"up":{"uv":[6.5,3.25,6,2.75],"texture":"#1"},				"down":{"uv":[3.5,6,3,6.5],"texture":"#1"}			}		},		{			"from":[7,2,7],			"to":[9,3,9],			"faces":{				"north":{"uv":[1,6.75,1.5,7],"texture":"#1"},				"east":{"uv":[1.5,6.75,2,7],"texture":"#1"},				"south":{"uv":[2,6.75,2.5,7],"texture":"#1"},				"west":{"uv":[2.5,6.75,3,7],"texture":"#1"},				"up":{"uv":[4,6.5,3.5,6],"texture":"#1"},				"down":{"uv":[4.5,6,4,6.5],"texture":"#1"}			}		},		{			"from":[7,0.5,7],			"to":[9,1.5,9],			"faces":{				"north":{"uv":[6.75,3.5,7.25,3.75],"texture":"#1"},				"east":{"uv":[4.75,6.75,5.25,7],"texture":"#1"},				"south":{"uv":[6.25,6.75,6.75,7],"texture":"#1"},				"west":{"uv":[6.75,6.5,7.25,6.75],"texture":"#1"},				"up":{"uv":[5,6.5,4.5,6],"texture":"#1"},				"down":{"uv":[5.5,6,5,6.5],"texture":"#1"}			}		},		{			"from":[6.75,-2.5,6.75],			"to":[9.25,0.5,9.25],			"faces":{				"north":{"uv":[4.5,3,5.125,3.75],"texture":"#1"},				"east":{"uv":[3.5,4.5,4.125,5.25],"texture":"#1"},				"south":{"uv":[4.5,3.75,5.125,4.5],"texture":"#1"},				"west":{"uv":[4.25,4.5,4.875,5.25],"texture":"#1"},				"up":{"uv":[5.625,5.125,5,4.5],"texture":"#1"},				"down":{"uv":[5.875,2.25,5.25,2.875],"texture":"#1"}			}		}	],	"gui_light":"front",	"display":{		"thirdperson_righthand":{			"rotation":[0,90,0],			"translation":[0,-0.25,0]		},		"thirdperson_lefthand":{			"rotation":[0,-90,0],			"translation":[0,-0.25,0],			"scale":[1,1,-1]		},		"firstperson_righthand":{			"rotation":[0,90,0],			"translation":[0,-0.25,0]		},		"firstperson_lefthand":{			"rotation":[0,-90,0],			"translation":[0,-0.25,0],			"scale":[1,1,-1]		},		"gui":{			"rotation":[0,0,-45],			"translation":[-1.75,-0.25,0],			"scale":[0.83008,0.83008,0.83008]		},		"fixed":{			"translation":[0,0,-2],			"scale":[1.53711,1.53711,1.53711]		}	}}