{	"credit":"MadewithBlockbench",	"texture_size":[32,32],	"textures":{		"2":"glorious:item/default_tools/stone_shovel",		"particle":"glorious:item/default_tools/stone_shovel"	},	"elements":[		{			"from":[6.75,12,6.75],			"to":[9.25,13,9.25],			"faces":{				"north":{"uv":[13,12.5,14.25,13],"texture":"#2"},				"east":{"uv":[13,13,14.25,13.5],"texture":"#2"},				"south":{"uv":[13.5,0,14.75,0.5],"texture":"#2"},				"west":{"uv":[13.5,0.5,14.75,1],"texture":"#2"},				"up":{"uv":[12.25,1.25,11,0],"texture":"#2"},				"down":{"uv":[3.25,11,2,12.25],"texture":"#2"}			}		},		{			"from":[7,11,7],			"to":[9,12,9],			"faces":{				"north":{"uv":[7,6.5,8,7],"texture":"#2"},				"east":{"uv":[8,2.5,9,3],"texture":"#2"},				"south":{"uv":[1,13,2,13.5],"texture":"#2"},				"west":{"uv":[11.5,13.5,12.5,14],"texture":"#2"},				"up":{"uv":[13.5,1,12.5,0],"texture":"#2"},				"down":{"uv":[3,12.5,2,13.5],"texture":"#2"}			}		},		{			"from":[7.25,0,7.25],			"to":[8.75,14,8.75],			"faces":{				"north":{"uv":[0,4,0.75,11],"texture":"#2"},				"east":{"uv":[1,4,1.75,11],"texture":"#2"},				"south":{"uv":[2,4,2.75,11],"texture":"#2"},				"west":{"uv":[3,4,3.75,11],"texture":"#2"},				"up":{"uv":[9.25,14.25,8.5,13.5],"texture":"#2"},				"down":{"uv":[14.25,9,13.5,9.75],"texture":"#2"}			}		},		{			"from":[7,9.5,7],			"to":[9,10.5,9],			"faces":{				"north":{"uv":[12.5,13.5,13.5,14],"texture":"#2"},				"east":{"uv":[13.5,13.5,14.5,14],"texture":"#2"},				"south":{"uv":[1,14,2,14.5],"texture":"#2"},				"west":{"uv":[2,14,3,14.5],"texture":"#2"},				"up":{"uv":[4,13.5,3,12.5],"texture":"#2"},				"down":{"uv":[5,12.5,4,13.5],"texture":"#2"}			}		},		{			"from":[7,4,7],			"to":[9,8.5,9],			"faces":{				"north":{"uv":[8,0,9,2.25],"texture":"#2"},				"east":{"uv":[8,6.5,9,8.75],"texture":"#2"},				"south":{"uv":[4,8.5,5,10.75],"texture":"#2"},				"west":{"uv":[5,8.5,6,10.75],"texture":"#2"},				"up":{"uv":[6,13.5,5,12.5],"texture":"#2"},				"down":{"uv":[10,12.5,9,13.5],"texture":"#2"}			}		},		{			"from":[7,2,7],			"to":[9,3,9],			"faces":{				"north":{"uv":[3,14,4,14.5],"texture":"#2"},				"east":{"uv":[4,14,5,14.5],"texture":"#2"},				"south":{"uv":[14,4,15,4.5],"texture":"#2"},				"west":{"uv":[5,14,6,14.5],"texture":"#2"},				"up":{"uv":[13.5,10,12.5,9],"texture":"#2"},				"down":{"uv":[11,12.5,10,13.5],"texture":"#2"}			}		},		{			"from":[7,0.5,7],			"to":[9,1.5,9],			"faces":{				"north":{"uv":[6,14,7,14.5],"texture":"#2"},				"east":{"uv":[14,6,15,6.5],"texture":"#2"},				"south":{"uv":[14,6.5,15,7],"texture":"#2"},				"west":{"uv":[7,14,8,14.5],"texture":"#2"},				"up":{"uv":[12,13.5,11,12.5],"texture":"#2"},				"down":{"uv":[13,12.5,12,13.5],"texture":"#2"}			}		},		{			"from":[4,12.5,7.25],			"to":[9,13.5,8.75],			"rotation":{"angle":-45,"axis":"z","origin":[8,14,8]},			"faces":{				"north":{"uv":[11.5,4,14,4.5],"texture":"#2"},				"east":{"uv":[14,8,14.75,8.5],"texture":"#2"},				"south":{"uv":[11.5,6,14,6.5],"texture":"#2"},				"west":{"uv":[14,8.5,14.75,9],"texture":"#2"},				"up":{"uv":[11.5,2.25,9,1.5],"texture":"#2"},				"down":{"uv":[11.5,2.5,9,3.25],"texture":"#2"}			}		},		{			"from":[4.70488,13.90608,7.35],			"to":[9.70488,14.90608,8.65],			"rotation":{"angle":-22.5,"axis":"z","origin":[8.70488,15.40608,8]},			"faces":{				"north":{"uv":[11.5,6.5,14,7],"texture":"#2"},				"east":{"uv":[11.5,14,12.25,14.5],"texture":"#2"},				"south":{"uv":[7,11.5,9.5,12],"texture":"#2"},				"west":{"uv":[14,12,14.75,12.5],"texture":"#2"},				"up":{"uv":[11.5,4.25,9,3.5],"texture":"#2"},				"down":{"uv":[8.5,9,6,9.75],"texture":"#2"}			}		},		{			"from":[7,12.5,7.25],			"to":[12,13.5,8.75],			"rotation":{"angle":45,"axis":"z","origin":[8,14,8]},			"faces":{				"north":{"uv":[11.5,7,14,7.5],"texture":"#2"},				"east":{"uv":[12.5,14,13.25,14.5],"texture":"#2"},				"south":{"uv":[11.5,7.5,14,8],"texture":"#2"},				"west":{"uv":[13.5,14,14.25,14.5],"texture":"#2"},				"up":{"uv":[11.5,6.75,9,6],"texture":"#2"},				"down":{"uv":[11.5,7,9,7.75],"texture":"#2"}			}		},		{			"from":[6.29512,13.90608,7.35],			"to":[11.29512,14.90608,8.65],			"rotation":{"angle":22.5,"axis":"z","origin":[7.29512,15.40608,8]},			"faces":{				"north":{"uv":[11.5,8,14,8.5],"texture":"#2"},				"east":{"uv":[1,14.5,1.75,15],"texture":"#2"},				"south":{"uv":[11.5,8.5,14,9],"texture":"#2"},				"west":{"uv":[14.5,1,15.25,1.5],"texture":"#2"},				"up":{"uv":[11.5,8.75,9,8],"texture":"#2"},				"down":{"uv":[11,9,8.5,9.75],"texture":"#2"}			}		},		{			"from":[7.25,16,7.25],			"to":[8.75,19,8.75],			"faces":{				"north":{"uv":[5,11,5.75,12.5],"texture":"#2"},				"east":{"uv":[12,4.5,12.75,6],"texture":"#2"},				"south":{"uv":[7,12,7.75,13.5],"texture":"#2"},				"west":{"uv":[8,12,8.75,13.5],"texture":"#2"},				"up":{"uv":[10.25,14.25,9.5,13.5],"texture":"#2"},				"down":{"uv":[11.25,13.5,10.5,14.25],"texture":"#2"}			}		},		{			"from":[7.59835,19.21967,7.225],			"to":[8.65901,20.28033,8.775],			"rotation":{"angle":-45,"axis":"z","origin":[7.15901,19.53033,8]},			"faces":{				"north":{"uv":[7.5,1,8,1.5],"texture":"#2"},				"east":{"uv":[2,14.5,2.75,15],"texture":"#2"},				"south":{"uv":[6,8.5,6.5,9],"texture":"#2"},				"west":{"uv":[14.5,2.5,15.25,3],"texture":"#2"},				"up":{"uv":[7,5.25,6.5,4.5],"texture":"#2"},				"down":{"uv":[8,0,7.5,0.75],"texture":"#2"}			}		},		{			"from":[5.5,15.5,7.525],			"to":[10.5,23,8.475],			"rotation":{"angle":0,"axis":"y","origin":[0,-1,0]},			"faces":{				"north":{"uv":[0,0,2.5,3.75],"texture":"#2"},				"east":{"uv":[6,10,6.5,13.75],"texture":"#2"},				"south":{"uv":[2.5,0,5,3.75],"texture":"#2"},				"west":{"uv":[6.5,10,7,13.75],"texture":"#2"},				"up":{"uv":[12,12,9.5,11.5],"texture":"#2"},				"down":{"uv":[14,10,11.5,10.5],"texture":"#2"}			}		},		{			"from":[8.70711,21.20711,7.5],			"to":[12.24264,21.74264,8.5],			"rotation":{"angle":45,"axis":"z","origin":[8,17.5,8]},			"faces":{				"north":{"uv":[14,7,15.75,7.25],"texture":"#2"},				"east":{"uv":[8.5,6,9,6.25],"texture":"#2"},				"south":{"uv":[14,7.5,15.75,7.75],"texture":"#2"},				"west":{"uv":[5.5,13.5,6,13.75],"texture":"#2"},				"up":{"uv":[13.75,12,12,11.5],"texture":"#2"},				"down":{"uv":[14.25,1,12.5,1.5],"texture":"#2"}			}		},		{			"from":[11.70711,18.20711,7.5],			"to":[12.24264,21.74264,8.5],			"rotation":{"angle":45,"axis":"z","origin":[8,17.5,8]},			"faces":{				"north":{"uv":[8,14,8.25,15.75],"texture":"#2"},				"east":{"uv":[0,13,0.5,14.75],"texture":"#2"},				"south":{"uv":[14,10,14.25,11.75],"texture":"#2"},				"west":{"uv":[0.5,13,1,14.75],"texture":"#2"},				"up":{"uv":[3.25,15,3,14.5],"texture":"#2"},				"down":{"uv":[14.75,3,14.5,3.5],"texture":"#2"}			}		},		{			"from":[6.25,-1.5,6.65],			"to":[9.75,-0.5,9.35],			"rotation":{"angle":22.5,"axis":"z","origin":[8,-1,8]},			"faces":{				"north":{"uv":[13,1.5,14.75,2],"texture":"#2"},				"east":{"uv":[1,13.5,2.25,14],"texture":"#2"},				"south":{"uv":[13,2,14.75,2.5],"texture":"#2"},				"west":{"uv":[2.5,13.5,3.75,14],"texture":"#2"},				"up":{"uv":[10.25,5.75,8.5,4.5],"texture":"#2"},				"down":{"uv":[10.75,0,9,1.25],"texture":"#2"}			}		},		{			"from":[5.5,-1.25,6.55],			"to":[10,-0.25,9.45],			"rotation":{"angle":-45,"axis":"z","origin":[8,-1,8]},			"faces":{				"north":{"uv":[9,12,11.25,12.5],"texture":"#2"},				"east":{"uv":[13,2.5,14.5,3],"texture":"#2"},				"south":{"uv":[11.5,12,13.75,12.5],"texture":"#2"},				"west":{"uv":[13,4.5,14.5,5],"texture":"#2"},				"up":{"uv":[8.75,4.5,6.5,3],"texture":"#2"},				"down":{"uv":[6.25,7,4,8.5],"texture":"#2"}			}		},		{			"from":[5,13.75,6.55],			"to":[10,14.75,9.45],			"rotation":{"angle":-45,"axis":"z","origin":[8,14,8]},			"faces":{				"north":{"uv":[11.5,10.5,14,11],"texture":"#2"},				"east":{"uv":[13,5,14.5,5.5],"texture":"#2"},				"south":{"uv":[11.5,11,14,11.5],"texture":"#2"},				"west":{"uv":[13,5.5,14.5,6],"texture":"#2"},				"up":{"uv":[6.5,5.5,4,4],"texture":"#2"},				"down":{"uv":[7.5,0,5,1.5],"texture":"#2"}			}		},		{			"from":[7.75,12.75,6.65],			"to":[13.25,13.75,9.35],			"rotation":{"angle":45,"axis":"z","origin":[8,11,8]},			"faces":{				"north":{"uv":[11.5,3,14.25,3.5],"texture":"#2"},				"east":{"uv":[4,13.5,5.25,14],"texture":"#2"},				"south":{"uv":[11.5,3.5,14.25,4],"texture":"#2"},				"west":{"uv":[7,13.5,8.25,14],"texture":"#2"},				"up":{"uv":[7.75,2.75,5,1.5],"texture":"#2"},				"down":{"uv":[6.75,5.5,4,6.75],"texture":"#2"}			}		},		{			"from":[6.5,13.20711,7],			"to":[9.5,16.70711,9],			"rotation":{"angle":0,"axis":"y","origin":[8,14.70711,8]},			"faces":{				"north":{"uv":[7,4.5,8.5,6.25],"texture":"#2"},				"east":{"uv":[0,11,1,12.75],"texture":"#2"},				"south":{"uv":[6.5,7,8,8.75],"texture":"#2"},				"west":{"uv":[1,11,2,12.75],"texture":"#2"},				"up":{"uv":[6.5,4,5,3],"texture":"#2"},				"down":{"uv":[12.5,9,11,10],"texture":"#2"}			}		},		{			"from":[6.75,-2.5,6.75],			"to":[9.25,0.5,9.25],			"faces":{				"north":{"uv":[7,10,8.25,11.5],"texture":"#2"},				"east":{"uv":[8.5,10,9.75,11.5],"texture":"#2"},				"south":{"uv":[10,10,11.25,11.5],"texture":"#2"},				"west":{"uv":[10.5,4.5,11.75,6],"texture":"#2"},				"up":{"uv":[4.75,12.25,3.5,11],"texture":"#2"},				"down":{"uv":[12.75,1.5,11.5,2.75],"texture":"#2"}			}		}	],	"gui_light":"front",	"display":{		"thirdperson_righthand":{			"rotation":[0,90,0],			"translation":[0,-0.25,0]		},		"thirdperson_lefthand":{			"rotation":[0,-90,0],			"translation":[0,-0.25,0],			"scale":[1,1,-1]		},		"firstperson_righthand":{			"rotation":[0,90,0],			"translation":[0,-0.25,0]		},		"firstperson_lefthand":{			"rotation":[0,-90,0],			"translation":[0,-0.25,0],			"scale":[1,1,-1]		},		"gui":{			"rotation":[0,0,-45],			"translation":[-1.25,-1.5,0],			"scale":[0.83008,0.83008,0.83008]		},		"fixed":{			"translation":[0,-3,-2],			"scale":[1.36328,1.36328,1.36328]		}	}}