{"textures":{"0":"glorious:entity/nocsy_cat5"},"elements":[{"from":[7.047324,6.3477407,7.4370866],"to":[8.590181,8.462027,8.979944],"rotation":{"angle":0.0,"axis":"y","origin":[7.8285713,7.142857,8.0]},"faces":{"east":{"uv":[7.0,2.375,7.375,2.875],"rotation":0,"texture":"#0","tintindex":0},"south":{"uv":[0.0,7.125,0.375,7.625],"rotation":0,"texture":"#0","tintindex":0},"north":{"uv":[7.0,1.75,7.375,2.25],"rotation":0,"texture":"#0","tintindex":0},"west":{"uv":[7.125,3.0,7.5,3.5],"rotation":0,"texture":"#0","tintindex":0},"up":{"uv":[3.875,7.625,3.5,7.25],"rotation":0,"texture":"#0","tintindex":0},"down":{"uv":[5.75,7.25,5.375,7.625],"rotation":0,"texture":"#0","tintindex":0}}}],"display":{"head":{"translation":[0.0,-6.4,0.0],"scale":[4.0,4.0,4.0]}}}