{"textures":{"0":"glorious:entity/nocsy_cat_fallen"},"elements":[{"from":[7.142857,7.000343,6.9714284],"to":[8.857143,8.1432,8.685715],"rotation":{"angle":0.0,"axis":"y","origin":[10.571428,5.171771,5.771428]},"faces":{"east":{"uv":[7.625,0.75,8.0,1.0],"rotation":0,"texture":"#0","tintindex":0},"south":{"uv":[7.625,1.125,8.0,1.375],"rotation":0,"texture":"#0","tintindex":0},"north":{"uv":[7.625,0.375,8.0,0.625],"rotation":0,"texture":"#0","tintindex":0},"west":{"uv":[1.375,7.625,1.75,7.875],"rotation":0,"texture":"#0","tintindex":0},"up":{"uv":[7.375,3.875,7.0,3.5],"rotation":0,"texture":"#0","tintindex":0},"down":{"uv":[7.375,4.0,7.0,4.375],"rotation":0,"texture":"#0","tintindex":0}}}],"display":{"head":{"translation":[0.0,-6.4,0.0],"scale":[4.0,4.0,4.0]}}}