{"textures":{"0":"glorious:entity/nocsy_cat_fallen"},"elements":[{"from":[7.0571427,6.572625,7.3973956],"to":[8.6,8.686912,8.940253],"rotation":{"angle":0.0,"axis":"y","origin":[7.8285713,7.142857,8.0]},"faces":{"east":{"uv":[6.0,3.375,6.375,3.875],"rotation":0,"texture":"#0","tintindex":0},"south":{"uv":[3.625,6.0,4.0,6.5],"rotation":0,"texture":"#0","tintindex":0},"north":{"uv":[6.0,1.875,6.375,2.375],"rotation":0,"texture":"#0","tintindex":0},"west":{"uv":[6.0,4.0,6.375,4.5],"rotation":0,"texture":"#0","tintindex":0},"up":{"uv":[6.875,5.5,6.5,5.125],"rotation":0,"texture":"#0","tintindex":0},"down":{"uv":[6.5,6.5,6.125,6.875],"rotation":0,"texture":"#0","tintindex":0}}},{"from":[6.9714284,7.0583396,7.3116813],"to":[8.685715,8.772625,9.025967],"rotation":{"angle":0.0,"axis":"y","origin":[7.8285713,7.142857,8.0]},"faces":{"east":{"uv":[3.625,6.625,4.0,7.0],"rotation":0,"texture":"#0","tintindex":0},"south":{"uv":[5.625,6.625,6.0,7.0],"rotation":0,"texture":"#0","tintindex":0},"north":{"uv":[6.625,2.5,7.0,2.875],"rotation":0,"texture":"#0","tintindex":0},"west":{"uv":[6.625,5.625,7.0,6.0],"rotation":0,"texture":"#0","tintindex":0},"up":{"uv":[7.0,6.5,6.625,6.125],"rotation":0,"texture":"#0","tintindex":0},"down":{"uv":[7.0,6.625,6.625,7.0],"rotation":0,"texture":"#0","tintindex":0}}}],"display":{"head":{"translation":[0.0,-6.4,0.0],"scale":[4.0,4.0,4.0]}}}