{"textures":{"0":"glorious:entity/nocsy_cat_fallen"},"elements":[{"from":[7.142857,7.0346484,7.2448263],"to":[8.857143,8.1775055,8.959112],"rotation":{"angle":0.0,"axis":"y","origin":[5.428571,5.2060766,10.159112]},"faces":{"east":{"uv":[7.0,7.5,7.375,7.75],"rotation":0,"texture":"#0","tintindex":0},"south":{"uv":[7.5,7.5,7.875,7.75],"rotation":0,"texture":"#0","tintindex":0},"north":{"uv":[6.5,7.5,6.875,7.75],"rotation":0,"texture":"#0","tintindex":0},"west":{"uv":[7.625,0.0,8.0,0.25],"rotation":0,"texture":"#0","tintindex":0},"up":{"uv":[7.125,0.375,6.75,0.0],"rotation":0,"texture":"#0","tintindex":0},"down":{"uv":[7.125,0.5,6.75,0.875],"rotation":0,"texture":"#0","tintindex":0}}}],"display":{"head":{"translation":[0.0,-6.4,0.0],"scale":[4.0,4.0,4.0]}}}