{
	"credit": "Made with Blockbench",
	"texture_size": [64, 64],
	"textures": {
		"0": "glorious:item/nightclubfurniture/nightclub_pole",
		"particle": "glorious:item/nightclubfurniture/nightclub_pole"
	},
	"elements": [
		{
			"from": [5, 30, 5],
			"to": [11, 32, 11],
			"faces": {
				"north": {"uv": [0.5, 1.5, 2, 2], "texture": "#0"},
				"east": {"uv": [0.5, 1.5, 2, 2], "texture": "#0"},
				"south": {"uv": [0.5, 1.5, 2, 2], "texture": "#0"},
				"west": {"uv": [0.5, 1.5, 2, 2], "texture": "#0"},
				"up": {"uv": [2, 1.5, 0.5, 0], "texture": "#0"},
				"down": {"uv": [2, 0, 0.5, 1.5], "texture": "#0"}
			}
		},
		{
			"from": [5, -16, 5],
			"to": [11, -14, 11],
			"faces": {
				"north": {"uv": [0.5, 1.5, 2, 2], "texture": "#0"},
				"east": {"uv": [0.5, 1.5, 2, 2], "texture": "#0"},
				"south": {"uv": [0.5, 1.5, 2, 2], "texture": "#0"},
				"west": {"uv": [0.5, 1.5, 2, 2], "texture": "#0"},
				"up": {"uv": [2, 1.5, 0.5, 0], "texture": "#0"},
				"down": {"uv": [2, 0, 0.5, 1.5], "texture": "#0"}
			}
		},
		{
			"from": [7, -14, 7],
			"to": [9, 31, 9],
			"faces": {
				"north": {"uv": [0, 0, 0.5, 11.25], "texture": "#0"},
				"east": {"uv": [0, 0, 0.5, 11.25], "texture": "#0"},
				"south": {"uv": [0, 0, 0.5, 11.25], "texture": "#0"},
				"west": {"uv": [0, 0, 0.5, 11.25], "texture": "#0"}
			}
		}
	],
	"gui_light": "front",
	"display": {
		"thirdperson_righthand": {
			"translation": [0, 3, 1],
			"scale": [0.55, 0.55, 0.55]
		},
		"thirdperson_lefthand": {
			"translation": [0, 3, 1],
			"scale": [0.55, 0.55, 0.55]
		},
		"firstperson_righthand": {
			"rotation": [0, -90, 25],
			"translation": [1.13, 3.2, 1.13],
			"scale": [0.68, 0.68, 0.68]
		},
		"firstperson_lefthand": {
			"rotation": [0, -90, 25],
			"translation": [1.13, 3.2, 1.13],
			"scale": [0.68, 0.68, 0.68]
		},
		"ground": {
			"translation": [0, 3, 0],
			"scale": [0.25, 0.25, 0.25]
		},
		"gui": {
			"rotation": [30, 225, 0],
			"scale": [0.25, 0.25, 0.25]
		},
		"head": {
			"rotation": [0, 180, 0],
			"translation": [0, 8.25, 0],
			"scale": [2, 2.15, 2]
		},
		"fixed": {
			"scale": [0.5, 0.5, 0.5]
		}
	}
}