{"credit":"MadewithBlockbench","texture_size":[128,128],"textures":{"0":"glorious:item/office_decoration_v1/office_table_2","particle":"glorious:item/office_decoration_v1/office_table_2"},"elements":[{"from":[-16,12,-9],"to":[32,14,23],"rotation":{"angle":0,"axis":"y","origin":[0,-2,0]},"faces":{"north":{"uv":[0,4,6,4.25],"texture":"#0"},"east":{"uv":[0,4.25,4,4.5],"texture":"#0"},"south":{"uv":[0,4,6,4.25],"texture":"#0"},"west":{"uv":[0,4.25,4,4.5],"texture":"#0"},"up":{"uv":[6,4,0,0],"texture":"#0"},"down":{"uv":[6,0,0,4],"texture":"#0"}}},{"from":[-12,0,-5],"to":[28,12,19],"rotation":{"angle":0,"axis":"y","origin":[16,-2,0]},"faces":{"north":{"uv":[6,3,11,4.5],"texture":"#0"},"east":{"uv":[6,4.5,9,6],"texture":"#0"},"south":{"uv":[6,3,11,4.5],"texture":"#0"},"west":{"uv":[6,4.5,9,6],"texture":"#0"},"up":{"uv":[11,3,6,0],"texture":"#0"},"down":{"uv":[11,0,6,3],"texture":"#0"}}}],"gui_light":"front","display":{"thirdperson_righthand":{"rotation":[67.5,0,0],"translation":[0,2.25,0.25],"scale":[0.18742,0.18742,0.18742]},"thirdperson_lefthand":{"rotation":[67.5,0,0],"translation":[0,2.25,0.25],"scale":[0.18742,0.18742,0.18742]},"firstperson_righthand":{"translation":[0,3.75,1.5],"scale":[0.27094,0.27094,0.27094]},"firstperson_lefthand":{"translation":[0,3.75,1.5],"scale":[0.27094,0.27094,0.27094]},"ground":{"translation":[0.75,4.25,0],"scale":[0.29102,0.29102,0.29102]},"gui":{"rotation":[30,225,0],"translation":[-0.25,0,0],"scale":[0.2432,0.2432,0.2432]},"head":{"rotation":[0,180,0],"translation":[0,-30.25,-1.25],"scale":[0,0,0]},"fixed":{"rotation":[-90,0,0],"translation":[0,1.75,-18.5],"scale":[2.3,2.3,2.3]}}}