{"textures":{"0":"glorious:entity/nocsy_cat1"},"elements":[{"from":[7.142857,7.0346484,7.2448263],"to":[8.857143,8.1775055,8.959112],"rotation":{"angle":0.0,"axis":"y","origin":[5.428571,5.2060766,10.159112]},"faces":{"east":{"uv":[1.0,6.75,1.375,7.0],"rotation":0,"texture":"#0","tintindex":0},"south":{"uv":[6.75,1.25,7.125,1.5],"rotation":0,"texture":"#0","tintindex":0},"north":{"uv":[6.75,0.875,7.125,1.125],"rotation":0,"texture":"#0","tintindex":0},"west":{"uv":[6.75,1.625,7.125,1.875],"rotation":0,"texture":"#0","tintindex":0},"up":{"uv":[6.5,2.625,6.125,2.25],"rotation":0,"texture":"#0","tintindex":0},"down":{"uv":[6.5,2.75,6.125,3.125],"rotation":0,"texture":"#0","tintindex":0}}}],"display":{"head":{"translation":[0.0,-6.4,0.0],"scale":[4.0,4.0,4.0]}}}