{"credit":"MadewithBlockbench","texture_size":[64,64],"textures":{"0":"glorious:item/bakery/cookie","particle":"glorious:item/bakery/cookie"},"elements":[{"from":[2,0,2],"to":[14,2,14],"rotation":{"angle":0,"axis":"y","origin":[7,0,7]},"faces":{"north":{"uv":[0,3,3,3.5],"texture":"#0"},"east":{"uv":[0,3,3,3.5],"texture":"#0"},"south":{"uv":[0,3,3,3.5],"texture":"#0"},"west":{"uv":[0,3,3,3.5],"texture":"#0"},"up":{"uv":[3,3,0,0],"texture":"#0"},"down":{"uv":[3,0,0,3],"texture":"#0"}}},{"from":[2,2,2],"to":[14,14,14],"rotation":{"angle":0,"axis":"y","origin":[7,0,7]},"faces":{"north":{"uv":[6,0,9,3],"texture":"#0"},"east":{"uv":[6,0,9,3],"texture":"#0"},"south":{"uv":[6,0,9,3],"texture":"#0"},"west":{"uv":[6,0,9,3],"texture":"#0"},"up":{"uv":[6,3,3,0],"texture":"#0"}}},{"from":[3,14,3],"to":[13,15,13],"rotation":{"angle":0,"axis":"y","origin":[7,0,7]},"faces":{"north":{"uv":[3,3,5.5,3.25],"texture":"#0"},"east":{"uv":[3,3,5.5,3.25],"texture":"#0"},"south":{"uv":[3,3,5.5,3.25],"texture":"#0"},"west":{"uv":[3,3,5.5,3.25],"texture":"#0"}}},{"from":[2,15,2],"to":[14,17,14],"rotation":{"angle":0,"axis":"y","origin":[7,0,7]},"faces":{"north":{"uv":[9,3,12,3.5],"texture":"#0"},"east":{"uv":[9,3,12,3.5],"texture":"#0"},"south":{"uv":[9,3,12,3.5],"texture":"#0"},"west":{"uv":[9,3,12,3.5],"texture":"#0"},"up":{"uv":[12,3,9,0],"texture":"#0"},"down":{"uv":[12,0,9,3],"texture":"#0"}}},{"from":[6,17,6],"to":[10,19,10],"rotation":{"angle":45,"axis":"y","origin":[8,18,8]},"faces":{"north":{"uv":[12,1,13,1.5],"texture":"#0"},"east":{"uv":[12,1,13,1.5],"texture":"#0"},"south":{"uv":[12,1,13,1.5],"texture":"#0"},"west":{"uv":[12,1,13,1.5],"texture":"#0"},"up":{"uv":[13,1,12,0],"texture":"#0"}}},{"from":[6,2,4.75],"to":[12,4,10.75],"rotation":{"angle":22.5,"axis":"y","origin":[9,3,7.75]},"faces":{"north":{"uv":[14.5,0,16,0.5],"texture":"#0"},"east":{"uv":[14.5,0,16,0.5],"texture":"#0"},"south":{"uv":[14.5,0,16,0.5],"texture":"#0"},"west":{"uv":[14.5,0,16,0.5],"texture":"#0"},"up":{"uv":[14.5,1.5,13,0],"texture":"#0"},"down":{"uv":[14.5,0,13,1.5],"texture":"#0"}}},{"from":[4,0.5,3.5],"to":[10,6.5,5.5],"rotation":{"angle":22.5,"axis":"x","origin":[9,4,8]},"faces":{"north":{"uv":[14.5,1.5,13,0],"rotation":180,"texture":"#0"},"east":{"uv":[14.5,0,16,0.5],"rotation":90,"texture":"#0"},"south":{"uv":[14.5,0,13,1.5],"texture":"#0"},"west":{"uv":[14.5,0,16,0.5],"rotation":270,"texture":"#0"},"up":{"uv":[14.5,0,16,0.5],"texture":"#0"},"down":{"uv":[14.5,0,16,0.5],"rotation":180,"texture":"#0"}}},{"from":[5,4,6.75],"to":[11,6,12.75],"rotation":{"angle":-22.5,"axis":"y","origin":[8,5,9.75]},"faces":{"north":{"uv":[14.5,0,16,0.5],"texture":"#0"},"east":{"uv":[14.5,0,16,0.5],"texture":"#0"},"south":{"uv":[14.5,0,16,0.5],"texture":"#0"},"west":{"uv":[14.5,0,16,0.5],"texture":"#0"},"up":{"uv":[14.5,1.5,13,0],"texture":"#0"},"down":{"uv":[14.5,0,13,1.5],"texture":"#0"}}},{"from":[2.5,2,6.75],"to":[4.5,8,12.75],"rotation":{"angle":-22.5,"axis":"x","origin":[3.5,4.75,10.25]},"faces":{"north":{"uv":[14.5,0,16,0.5],"rotation":90,"texture":"#0"},"east":{"uv":[14.5,0,13,1.5],"rotation":270,"texture":"#0"},"south":{"uv":[14.5,0,16,0.5],"rotation":270,"texture":"#0"},"west":{"uv":[14.5,1.5,13,0],"rotation":270,"texture":"#0"},"up":{"uv":[14.5,0,16,0.5],"rotation":270,"texture":"#0"},"down":{"uv":[14.5,0,16,0.5],"rotation":270,"texture":"#0"}}},{"from":[3,6,7],"to":[9,8,13],"rotation":{"angle":22.5,"axis":"y","origin":[7,7,5.75]},"faces":{"north":{"uv":[14.5,0,16,0.5],"texture":"#0"},"east":{"uv":[14.5,0,16,0.5],"texture":"#0"},"south":{"uv":[14.5,0,16,0.5],"texture":"#0"},"west":{"uv":[14.5,0,16,0.5],"texture":"#0"},"up":{"uv":[14.5,1.5,13,0],"texture":"#0"},"down":{"uv":[14.5,0,13,1.5],"texture":"#0"}}},{"from":[6.5,8,4.75],"to":[12.5,10,10.75],"rotation":{"angle":22.5,"axis":"y","origin":[10,9,9.75]},"faces":{"north":{"uv":[14.5,0,16,0.5],"texture":"#0"},"east":{"uv":[14.5,0,16,0.5],"texture":"#0"},"south":{"uv":[14.5,0,16,0.5],"texture":"#0"},"west":{"uv":[14.5,0,16,0.5],"texture":"#0"},"up":{"uv":[14.5,1.5,13,0],"texture":"#0"},"down":{"uv":[14.5,0,13,1.5],"texture":"#0"}}},{"from":[5,10,4.25],"to":[11,12,10.25],"rotation":{"angle":45,"axis":"y","origin":[8,11,9.75]},"faces":{"north":{"uv":[14.5,0,16,0.5],"texture":"#0"},"east":{"uv":[14.5,0,16,0.5],"texture":"#0"},"south":{"uv":[14.5,0,16,0.5],"texture":"#0"},"west":{"uv":[14.5,0,16,0.5],"texture":"#0"},"up":{"uv":[14.5,1.5,13,0],"texture":"#0"},"down":{"uv":[14.5,0,13,1.5],"texture":"#0"}}},{"from":[7.73463,12,4.90224],"to":[13.73463,14,10.90224],"rotation":{"angle":-45,"axis":"z","origin":[9.23463,12,7.90224]},"faces":{"north":{"uv":[14.5,0,16,0.5],"texture":"#0"},"east":{"uv":[14.5,0,16,0.5],"texture":"#0"},"south":{"uv":[14.5,0,16,0.5],"texture":"#0"},"west":{"uv":[14.5,0,16,0.5],"texture":"#0"},"up":{"uv":[14.5,1.5,13,0],"texture":"#0"},"down":{"uv":[14.5,0,13,1.5],"texture":"#0"}}}],"gui_light":"front","display":{"thirdperson_righthand":{"rotation":[67.5,0,0],"translation":[0,2.25,0.25],"scale":[0.375,0.375,0.375]},"thirdperson_lefthand":{"rotation":[67.5,0,0],"translation":[0,2.25,0.25],"scale":[0.375,0.375,0.375]},"firstperson_righthand":{"translation":[0,4,0],"scale":[0.44297,0.44297,0.44297]},"firstperson_lefthand":{"translation":[0,4,0],"scale":[0.44297,0.44297,0.44297]},"ground":{"translation":[0,3,0],"scale":[0.5,0.5,0.5]},"gui":{"rotation":[30,225,0],"translation":[0,-0.5,0],"scale":[0.53,0.53,0.53]},"head":{"translation":[0,-30.25,0],"scale":[0,0,0]},"fixed":{"rotation":[-90,0,0],"translation":[0,0,-16],"scale":[2,2,2]}},"groups":[0,1,2,3,4,{"name":"group","origin":[9.23463,12,7.90224],"color":0,"children":[5,6,7,8,9,10,11,12]}]}