{"credit":"MadewithBlockbench","texture_size":[128,128],"textures":{"0":"glorious:item/bakery/shelf_2","1":"glorious:item/bakery/bread_obj","particle":"glorious:item/bakery/bread_obj"},"elements":[{"from":[0,0,15],"to":[16,32,16],"faces":{"north":{"uv":[0,0,2,4],"texture":"#0"},"east":{"uv":[2,0,2.125,4],"texture":"#0"},"south":{"uv":[0,0,2,4],"texture":"#0"},"west":{"uv":[2.125,0,2,4],"texture":"#0"},"up":{"uv":[2,4.125,0,4],"texture":"#0"},"down":{"uv":[2,4,0,4.125],"texture":"#0"}}},{"from":[0,0,7],"to":[16,8,15],"faces":{"north":{"uv":[2.125,0,4.125,1],"texture":"#0"},"east":{"uv":[2.125,2,3.125,3],"texture":"#0"},"south":{"uv":[2.125,0,4.125,1],"texture":"#0"},"west":{"uv":[3.125,2,2.125,3],"texture":"#0"},"up":{"uv":[4.125,2,2.125,1],"texture":"#0"},"down":{"uv":[4.125,1,2.125,2],"texture":"#0"}}},{"from":[0,15.5,7],"to":[16,16.5,15],"rotation":{"angle":0,"axis":"y","origin":[8,16.5,15.25]},"faces":{"north":{"uv":[4.125,1,6.125,1.125],"texture":"#0"},"east":{"uv":[4.125,1.125,5.125,1.25],"texture":"#0"},"south":{"uv":[4.125,1,6.125,1.125],"texture":"#0"},"west":{"uv":[5.125,1.125,4.125,1.25],"texture":"#0"},"up":{"uv":[6.125,1,4.125,0],"texture":"#0"},"down":{"uv":[6.125,0,4.125,1],"texture":"#0"}}},{"from":[0,24,7],"to":[16,25,15],"rotation":{"angle":0,"axis":"y","origin":[8,16.5,15.25]},"faces":{"north":{"uv":[4.125,1,6.125,1.125],"texture":"#0"},"east":{"uv":[4.125,1.125,5.125,1.25],"texture":"#0"},"south":{"uv":[4.125,1,6.125,1.125],"texture":"#0"},"west":{"uv":[4.125,1.125,5.125,1.25],"texture":"#0"},"up":{"uv":[6.125,1,4.125,0],"texture":"#0"},"down":{"uv":[6.125,0,4.125,1],"texture":"#0"}}},{"from":[1,8,8],"to":[15,9,15],"faces":{"north":{"uv":[4.125,2.125,5.875,2.25],"texture":"#0"},"east":{"uv":[4.125,2.25,5,2.375],"texture":"#0"},"south":{"uv":[4.125,2.125,5.875,2.25],"texture":"#0"},"west":{"uv":[4.125,2.25,5,2.375],"texture":"#0"},"up":{"uv":[5.875,2.125,4.125,1.25],"texture":"#0"},"down":{"uv":[5.875,1.25,4.125,2.125],"texture":"#0"}}},{"from":[1,16.5,8],"to":[15,17.5,15],"faces":{"north":{"uv":[4.125,2.125,5.875,2.25],"texture":"#0"},"east":{"uv":[4.125,2.25,5,2.375],"texture":"#0"},"south":{"uv":[4.125,2.125,5.875,2.25],"texture":"#0"},"west":{"uv":[4.125,2.25,5,2.375],"texture":"#0"},"up":{"uv":[5.875,2.125,4.125,1.25],"texture":"#0"},"down":{"uv":[5.875,1.25,4.125,2.125],"texture":"#0"}}},{"from":[1,25,8],"to":[15,26,15],"faces":{"north":{"uv":[4.125,2.125,5.875,2.25],"texture":"#0"},"east":{"uv":[4.125,2.25,5,2.375],"texture":"#0"},"south":{"uv":[4.125,2.125,5.875,2.25],"texture":"#0"},"west":{"uv":[4.125,2.25,5,2.375],"texture":"#0"},"up":{"uv":[5.875,2.125,4.125,1.25],"texture":"#0"},"down":{"uv":[5.875,1.25,4.125,2.125],"texture":"#0"}}},{"from":[10.25,26,10],"to":[14.25,28,14],"rotation":{"angle":0,"axis":"y","origin":[2,0,-7]},"faces":{"north":{"uv":[14,0,16,1],"texture":"#1"},"east":{"uv":[14,0,16,1],"texture":"#1"},"south":{"uv":[14,0,16,1],"texture":"#1"},"west":{"uv":[14,0,16,1],"texture":"#1"},"up":{"uv":[16,3,14,1],"texture":"#1"},"down":{"uv":[16,3,14,5],"texture":"#1"}}},{"from":[6,26,8],"to":[10,28,12],"rotation":{"angle":0,"axis":"y","origin":[2,0,-7]},"faces":{"north":{"uv":[14,0,16,1],"texture":"#1"},"east":{"uv":[14,0,16,1],"texture":"#1"},"south":{"uv":[14,0,16,1],"texture":"#1"},"west":{"uv":[14,0,16,1],"texture":"#1"},"up":{"uv":[16,3,14,1],"texture":"#1"},"down":{"uv":[16,3,14,5],"texture":"#1"}}},{"from":[0.96299,26,9.80709],"to":[4.96299,28,13.80709],"rotation":{"angle":45,"axis":"y","origin":[3.46299,27,11.30709]},"faces":{"north":{"uv":[14,0,16,1],"texture":"#1"},"east":{"uv":[14,0,16,1],"texture":"#1"},"south":{"uv":[14,0,16,1],"texture":"#1"},"west":{"uv":[14,0,16,1],"texture":"#1"},"up":{"uv":[16,3,14,1],"texture":"#1"},"down":{"uv":[16,3,14,5],"texture":"#1"}}},{"from":[3.75,28,10],"to":[7.75,30,14],"rotation":{"angle":22.5,"axis":"y","origin":[5.75,29,12]},"faces":{"north":{"uv":[14,0,16,1],"texture":"#1"},"east":{"uv":[14,0,16,1],"texture":"#1"},"south":{"uv":[14,0,16,1],"texture":"#1"},"west":{"uv":[14,0,16,1],"texture":"#1"},"up":{"uv":[16,3,14,1],"texture":"#1"},"down":{"uv":[16,3,14,5],"texture":"#1"}}},{"from":[8.25,28,8.5],"to":[12.25,30,12.5],"rotation":{"angle":-22.5,"axis":"y","origin":[9.75,29,12]},"faces":{"north":{"uv":[14,0,16,1],"texture":"#1"},"east":{"uv":[14,0,16,1],"texture":"#1"},"south":{"uv":[14,0,16,1],"texture":"#1"},"west":{"uv":[14,0,16,1],"texture":"#1"},"up":{"uv":[16,3,14,1],"texture":"#1"},"down":{"uv":[16,3,14,5],"texture":"#1"}}},{"from":[9,9,8],"to":[14,13,15],"rotation":{"angle":22.5,"axis":"y","origin":[11.5,11,11.5]},"faces":{"north":{"uv":[0,5.5,2.5,7.5],"texture":"#1"},"east":{"uv":[0,3.5,3.5,5.5],"texture":"#1"},"south":{"uv":[0,5.5,2.5,7.5],"texture":"#1"},"west":{"uv":[0,3.5,3.5,5.5],"texture":"#1"},"up":{"uv":[2.5,3.5,0,0],"texture":"#1"},"down":{"uv":[5,0,2.5,3.5],"texture":"#1"}}},{"from":[2,9,8],"to":[7,13,15],"rotation":{"angle":22.5,"axis":"y","origin":[4.5,11,11.5]},"faces":{"north":{"uv":[0,5.5,2.5,7.5],"texture":"#1"},"east":{"uv":[0,3.5,3.5,5.5],"texture":"#1"},"south":{"uv":[0,5.5,2.5,7.5],"texture":"#1"},"west":{"uv":[0,3.5,3.5,5.5],"texture":"#1"},"up":{"uv":[2.5,3.5,0,0],"texture":"#1"},"down":{"uv":[5,0,2.5,3.5],"texture":"#1"}}},{"from":[2.25,17.5,12.25],"to":[14.25,19.5,14.25],"rotation":{"angle":0,"axis":"y","origin":[-9.5,1,-19]},"faces":{"north":{"uv":[10,8,16,9],"texture":"#1"},"east":{"uv":[13,7,14,8],"texture":"#1"},"south":{"uv":[10,8,16,9],"texture":"#1"},"west":{"uv":[13,7,14,8],"texture":"#1"},"up":{"uv":[10,9,16,10],"texture":"#1"},"down":{"uv":[10,10,16,11],"texture":"#1"}}},{"from":[0.75,17.5,9.25],"to":[12.75,19.5,11.25],"rotation":{"angle":0,"axis":"y","origin":[-9.5,1,-19]},"faces":{"north":{"uv":[10,8,16,9],"texture":"#1"},"east":{"uv":[13,7,14,8],"texture":"#1"},"south":{"uv":[10,8,16,9],"texture":"#1"},"west":{"uv":[13,7,14,8],"texture":"#1"},"up":{"uv":[10,9,16,10],"texture":"#1"},"down":{"uv":[10,10,16,11],"texture":"#1"}}},{"from":[1.5,19.25,10.5],"to":[13.5,21.25,12.5],"rotation":{"angle":-45,"axis":"x","origin":[7.5,20.5,11.75]},"faces":{"north":{"uv":[10,8,16,9],"texture":"#1"},"east":{"uv":[13,7,14,8],"texture":"#1"},"south":{"uv":[10,8,16,9],"texture":"#1"},"west":{"uv":[13,7,14,8],"texture":"#1"},"up":{"uv":[10,9,16,10],"texture":"#1"},"down":{"uv":[10,10,16,11],"texture":"#1"}}}],"gui_light":"front","display":{"thirdperson_righthand":{"rotation":[67.5,0,0],"translation":[0,1.25,-1.25],"scale":[0.2193,0.2193,0.2193]},"thirdperson_lefthand":{"rotation":[67.5,0,0],"translation":[0,1.25,-1.25],"scale":[0.2193,0.2193,0.2193]},"firstperson_righthand":{"rotation":[0,-180,0],"translation":[-18.75,1,0],"scale":[0.47813,0.47813,0.47813]},"firstperson_lefthand":{"rotation":[0,-180,0],"translation":[-18.75,1,0],"scale":[0.47813,0.47813,0.47813]},"ground":{"translation":[0.25,3,-0.25],"scale":[0.5,0.5,0.5]},"gui":{"rotation":[30,225,0],"translation":[0.75,-3,0],"scale":[0.36,0.36,0.36]},"head":{"rotation":[0,180,0],"translation":[0,-30.25,0],"scale":[0,0,0]},"fixed":{"rotation":[-90,0,0],"translation":[0,0,-16],"scale":[2,2,2]}},"groups":[{"name":"group","origin":[0,0,0],"color":0,"children":[0,1,2,3,4,5,6]},{"name":"group","origin":[2,0,0],"color":0,"children":[7,8,9,10,11,12,13,14,15,16]}]}