{"textures":{"0":"glorious:entity/nocsy_cat3"},"elements":[{"from":[7.4,5.74371,7.131472],"to":[8.942857,8.429424,8.674329],"rotation":{"angle":0.0,"axis":"y","origin":[8.171429,6.313942,8.071725]},"faces":{"east":{"uv":[3.75,9.0,3.0,10.25],"rotation":0,"texture":"#0","tintindex":0},"south":{"uv":[2.75,9.0,2.0,10.25],"rotation":0,"texture":"#0","tintindex":0},"north":{"uv":[0.75,9.0,0.0,10.25],"rotation":0,"texture":"#0","tintindex":0},"west":{"uv":[1.75,9.0,1.0,10.25],"rotation":0,"texture":"#0","tintindex":0},"up":{"uv":[6.0,11.75,6.75,11.0],"rotation":0,"texture":"#0","tintindex":0},"down":{"uv":[7.0,11.0,7.75,11.75],"rotation":0,"texture":"#0","tintindex":0}}}],"display":{"head":{"translation":[0.0,-6.4,0.0],"scale":[4.0,4.0,4.0]}}}