{"textures":{"0":"glorious:entity/nocsy_cat3"},"elements":[{"from":[7.142857,7.0346484,7.2448263],"to":[8.857143,8.1775055,8.959112],"rotation":{"angle":0.0,"axis":"y","origin":[5.428571,5.2060766,10.159112]},"faces":{"east":{"uv":[2.75,11.5,3.5,12.0],"rotation":0,"texture":"#0","tintindex":0},"south":{"uv":[11.5,3.0,12.25,3.5],"rotation":0,"texture":"#0","tintindex":0},"north":{"uv":[11.5,2.25,12.25,2.75],"rotation":0,"texture":"#0","tintindex":0},"west":{"uv":[3.75,11.5,4.5,12.0],"rotation":0,"texture":"#0","tintindex":0},"up":{"uv":[11.25,3.75,10.5,3.0],"rotation":0,"texture":"#0","tintindex":0},"down":{"uv":[4.75,10.5,4.0,11.25],"rotation":0,"texture":"#0","tintindex":0}}}],"display":{"head":{"translation":[0.0,-6.4,0.0],"scale":[4.0,4.0,4.0]}}}