{"groups":[{"name":"apples","origin":[5.5,7,4],"color":0,"children":[0]}],"texture_size":[64,64],"textures":{"1":"custom/blocks/rizaan/village/food_crate_1_default"},"elements":[{"from":[4,0,4],"to":[12,8,12],"rotation":{"angle":22.5,"axis":"y","origin":[8,4,8]},"faces":{"north":{"uv":[6.875,12.25,8.875,10.25],"rotation":180,"texture":"#1"},"east":{"uv":[6.875,10.25,8.875,12.25],"texture":"#1"},"south":{"uv":[6.875,10.25,8.875,12.25],"texture":"#1"},"west":{"uv":[6.875,10.25,8.875,12.25],"texture":"#1"},"up":{"uv":[4.875,12.25,6.875,10.25],"texture":"#1"},"down":{"uv":[8.875,12.25,10.875,10.25],"texture":"#1"}}}],"display":{"thirdperson_righthand":{"rotation":[75,45,0],"translation":[0,2.5,2.5],"scale":[0.375,0.375,0.375]},"thirdperson_lefthand":{"rotation":[75,45,0],"translation":[0,2.5,2.25],"scale":[0.375,0.375,0.375]},"firstperson_righthand":{"rotation":[0,45,0],"translation":[0,3,0],"scale":[0.4,0.4,0.4]},"firstperson_lefthand":{"rotation":[0,225,0],"translation":[0,3,0],"scale":[0.4,0.4,0.4]},"ground":{"translation":[0,0.75,0],"scale":[0.5,0.5,0.5]},"gui":{"rotation":[30,225,0],"translation":[0,3.5,0]},"fixed":{"rotation":[-90,0,0],"translation":[0,0,-15],"scale":[2,2,2]}}}