{"credit":"MadewithBlockbench","texture_size":[64,64],"textures":{"0":"glorious:item/office_decoration_v1/office_file_box","particle":"glorious:item/office_decoration_v1/office_file_box"},"elements":[{"from":[0,0,2],"to":[16,1,14],"faces":{"north":{"uv":[0,6,4,6.25],"texture":"#0"},"east":{"uv":[0,6.25,3,6.5],"texture":"#0"},"south":{"uv":[0,6,4,6.25],"texture":"#0"},"west":{"uv":[0,6.25,3,6.5],"texture":"#0"},"up":{"uv":[4,3,0,0],"texture":"#0"},"down":{"uv":[4,3,0,6],"texture":"#0"}}},{"from":[15,1,2],"to":[16,8,14],"faces":{"north":{"uv":[7.25,2.5,7.5,4.25],"texture":"#0"},"east":{"uv":[4.25,2.5,7.25,4.25],"texture":"#0"},"south":{"uv":[7.25,2.5,7.5,4.25],"texture":"#0"},"west":{"uv":[4.25,2.5,7.25,4.25],"texture":"#0"},"up":{"uv":[4.25,5.5,4,2.5],"texture":"#0"}}},{"from":[15,8,2],"to":[16,10,6],"faces":{"north":{"uv":[4.5,4.75,4.75,5.25],"texture":"#0"},"east":{"uv":[4.25,4.25,5.25,4.75],"texture":"#0"},"south":{"uv":[4.5,4.75,4.75,5.25],"texture":"#0"},"west":{"uv":[4.25,4.25,5.25,4.75],"texture":"#0"},"up":{"uv":[4.5,5.75,4.25,4.75],"texture":"#0"}}},{"from":[15,8,10],"to":[16,10,14],"faces":{"north":{"uv":[5.5,4.75,5.75,5.25],"texture":"#0"},"east":{"uv":[5.25,4.25,6.25,4.75],"texture":"#0"},"south":{"uv":[5.5,4.75,5.75,5.25],"texture":"#0"},"west":{"uv":[5.25,4.25,6.25,4.75],"texture":"#0"},"up":{"uv":[5.5,5.75,5.25,4.75],"texture":"#0"}}},{"from":[15,9,6],"to":[16,10,10],"faces":{"east":{"uv":[6.5,4.25,7.5,4.5],"texture":"#0"},"west":{"uv":[6.5,4.25,7.5,4.5],"texture":"#0"},"up":{"uv":[6.5,5.25,6.25,4.25],"texture":"#0"},"down":{"uv":[6.5,4.25,6.25,5.25],"texture":"#0"}}},{"from":[0,1,2],"to":[1,8,14],"rotation":{"angle":0,"axis":"y","origin":[16,0,0]},"faces":{"north":{"uv":[7.5,2.5,7.25,4.25],"texture":"#0"},"east":{"uv":[7.25,2.5,4.25,4.25],"texture":"#0"},"south":{"uv":[7.5,2.5,7.25,4.25],"texture":"#0"},"west":{"uv":[7.25,2.5,4.25,4.25],"texture":"#0"},"up":{"uv":[4,5.5,4.25,2.5],"texture":"#0"}}},{"from":[0,8,2],"to":[1,10,6],"rotation":{"angle":0,"axis":"y","origin":[16,0,0]},"faces":{"north":{"uv":[4.75,4.75,4.5,5.25],"texture":"#0"},"east":{"uv":[5.25,4.25,4.25,4.75],"texture":"#0"},"south":{"uv":[4.75,4.75,4.5,5.25],"texture":"#0"},"west":{"uv":[5.25,4.25,4.25,4.75],"texture":"#0"},"up":{"uv":[4.25,5.75,4.5,4.75],"texture":"#0"}}},{"from":[0,9,6],"to":[1,10,10],"rotation":{"angle":0,"axis":"y","origin":[16,0,0]},"faces":{"east":{"uv":[7.5,4.25,6.5,4.5],"texture":"#0"},"west":{"uv":[7.5,4.25,6.5,4.5],"texture":"#0"},"up":{"uv":[6.25,5.25,6.5,4.25],"texture":"#0"},"down":{"uv":[6.25,4.25,6.5,5.25],"texture":"#0"}}},{"from":[0,8,10],"to":[1,10,14],"rotation":{"angle":0,"axis":"y","origin":[16,0,0]},"faces":{"north":{"uv":[5.75,4.75,5.5,5.25],"texture":"#0"},"east":{"uv":[6.25,4.25,5.25,4.75],"texture":"#0"},"south":{"uv":[5.75,4.75,5.5,5.25],"texture":"#0"},"west":{"uv":[6.25,4.25,5.25,4.75],"texture":"#0"},"up":{"uv":[5.25,5.75,5.5,4.75],"texture":"#0"}}},{"from":[1,1,2],"to":[15,10,3],"faces":{"north":{"uv":[7.25,0,10.75,2.25],"texture":"#0"},"south":{"uv":[7.25,0,10.75,2.25],"texture":"#0"},"up":{"uv":[10.75,2.5,7.25,2.25],"texture":"#0"}}},{"from":[1,1,13],"to":[15,10,14],"rotation":{"angle":0,"axis":"y","origin":[0,0,16]},"faces":{"north":{"uv":[10.75,0,7.25,2.25],"texture":"#0"},"south":{"uv":[10.75,0,7.25,2.25],"texture":"#0"},"up":{"uv":[10.75,2.25,7.25,2.5],"texture":"#0"}}},{"from":[1,2,4],"to":[3,12,13],"rotation":{"angle":0,"axis":"y","origin":[0,0,0.5]},"faces":{"north":{"uv":[6.25,0,6.75,2.5],"texture":"#0"},"east":{"uv":[4,0,6.25,2.5],"texture":"#0"},"south":{"uv":[6.25,0,6.75,2.5],"texture":"#0"},"west":{"uv":[4,0,6.25,2.5],"texture":"#0"},"up":{"uv":[7.25,2.25,6.75,0],"texture":"#0"},"down":{"uv":[7.25,0,6.75,2.25],"texture":"#0"}}},{"from":[3,2,3.5],"to":[5,12,12.5],"rotation":{"angle":0,"axis":"y","origin":[0,0,0.5]},"faces":{"north":{"uv":[9.75,2.5,10.25,5],"texture":"#0"},"east":{"uv":[7.5,2.5,9.75,5],"texture":"#0"},"south":{"uv":[9.75,2.5,10.25,5],"texture":"#0"},"west":{"uv":[7.5,2.5,9.75,5],"texture":"#0"},"up":{"uv":[10.75,4.75,10.25,2.5],"texture":"#0"},"down":{"uv":[10.75,2.5,10.25,4.75],"texture":"#0"}}},{"from":[13,2,3],"to":[15,12,12],"rotation":{"angle":0,"axis":"y","origin":[0,0,0.5]},"faces":{"north":{"uv":[6.5,5.75,7,8.25],"texture":"#0"},"east":{"uv":[6.5,5.75,4.25,8.25],"texture":"#0"},"south":{"uv":[6.5,5.75,7,8.25],"texture":"#0"},"west":{"uv":[4.25,5.75,6.5,8.25],"texture":"#0"},"up":{"uv":[7.5,8,7,5.75],"texture":"#0"},"down":{"uv":[7.5,5.75,7,8],"texture":"#0"}}},{"from":[6.75,1.4,3.75],"to":[8.75,11.4,12.75],"rotation":{"angle":22.5,"axis":"z","origin":[6,7,8]},"faces":{"north":{"uv":[9.75,5,10.25,7.5],"texture":"#0"},"east":{"uv":[7.5,5,9.75,7.5],"texture":"#0"},"south":{"uv":[9.75,5,10.25,7.5],"texture":"#0"},"west":{"uv":[7.5,5,9.75,7.5],"texture":"#0"},"up":{"uv":[10.75,7.25,10.25,5],"texture":"#0"},"down":{"uv":[10.75,5,10.25,7.25],"texture":"#0"}}}],"gui_light":"front","display":{"thirdperson_righthand":{"rotation":[67.5,0,0],"translation":[0,2.5,1.25],"scale":[0.36516,0.36516,0.36516]},"thirdperson_lefthand":{"rotation":[67.5,0,0],"translation":[0,2.5,1.25],"scale":[0.36516,0.36516,0.36516]},"firstperson_righthand":{"translation":[-2.25,4.5,1.5],"scale":[0.46102,0.46102,0.46102]},"firstperson_lefthand":{"translation":[-2.25,4.5,1.5],"scale":[0.46102,0.46102,0.46102]},"ground":{"translation":[0.75,2,0],"scale":[0.5,0.5,0.5]},"gui":{"rotation":[30,225,0],"translation":[0,0.75,0],"scale":[0.55524,0.55524,0.55524]},"head":{"rotation":[0,180,0],"translation":[0,-30.25,0],"scale":[0,0,0]},"fixed":{"rotation":[-90,0,0],"translation":[0,0,-16],"scale":[2,2,2]}}}