{"groups":[{"name":"group","origin":[0,0,0],"color":0,"children":[0,1]}],"texture_size":[32,32],"textures":{"0":"custom/blocks/rizaan/village/food_bread","particle":"custom/blocks/rizaan/village/food_bread"},"elements":[{"from":[2,3,5.5],"to":[14,5,10.5],"rotation":{"angle":-22.5,"axis":"y","origin":[8,2.25,8]},"faces":{"north":{"uv":[0,2.75,6,3.75],"texture":"#0"},"east":{"uv":[8.25,0.5,10.75,1.5],"texture":"#0"},"south":{"uv":[0,2.75,6,3.75],"texture":"#0"},"west":{"uv":[8.25,0.5,10.75,1.5],"texture":"#0"},"up":{"uv":[0,0,6,2.5],"texture":"#0"},"down":{"uv":[0,2.5,6,2.75],"texture":"#0"}}},{"from":[2,0,6],"to":[14,3,10],"rotation":{"angle":-22.5,"axis":"y","origin":[8,2.25,8]},"faces":{"north":{"uv":[0,7.5,6,9],"texture":"#0"},"east":{"uv":[8.5,1.5,10.5,3],"texture":"#0"},"south":{"uv":[0,7.5,6,9],"texture":"#0"},"west":{"uv":[8.5,1.5,10.5,3],"texture":"#0"},"up":{"uv":[6.25,0,6.75,0.5],"texture":"#0"},"down":{"uv":[0,5.25,6,7.25],"texture":"#0"}}}],"gui_light":"front","display":{"thirdperson_righthand":{"rotation":[75,45,0],"translation":[0,2.5,2.5],"scale":[0.375,0.375,0.375]},"thirdperson_lefthand":{"rotation":[75,45,0],"translation":[0,2.5,2.25],"scale":[0.375,0.375,0.375]},"firstperson_righthand":{"rotation":[0,45,0],"translation":[0,3,0],"scale":[0.4,0.4,0.4]},"firstperson_lefthand":{"rotation":[0,225,0],"translation":[0,3,0],"scale":[0.4,0.4,0.4]},"ground":{"translation":[0,0.75,0],"scale":[0.5,0.5,0.5]},"gui":{"rotation":[30,78,0],"translation":[0,4,0]},"fixed":{"rotation":[-90,0,0],"translation":[0,0,-15],"scale":[2,2,2]}}}