{"display":{"thirdperson_righthand":{"rotation":[75,45,0],"translation":[0,2.5,0],"scale":[0.375,0.375,0.375]},"thirdperson_lefthand":{"rotation":[75,45,0],"translation":[0,2.5,0],"scale":[0.375,0.375,0.375]},"firstperson_righthand":{"rotation":[0,124,0],"translation":[-1.75,3,0],"scale":[0.2,0.2,0.2]},"firstperson_lefthand":{"rotation":[0,124,0],"translation":[3.5,3,0],"scale":[0.2,0.2,0.2]},"ground":{"translation":[4.25,0.75,0],"scale":[0.5,0.5,0.5]},"gui":{"rotation":[30,225,0],"translation":[-2.25,-3.25,0],"scale":[0.4,0.4,0.4]},"fixed":{"rotation":[-90,0,0],"translation":[0,0,-15],"scale":[2,2,2]}},"texture_size":[128,128],"textures":{"1":"custom/blocks/rizaan/village/furniture_chair_long_1_default"},"elements":[{"from":[11,0,1],"to":[14,9,4],"rotation":{"angle":0,"axis":"x","origin":[11.25,9,2.5]},"faces":{"north":{"uv":[0.375,0.375,0.75,1.5],"texture":"#1"},"east":{"uv":[0,0.375,0.375,1.5],"texture":"#1"},"south":{"uv":[1.125,0.375,1.5,1.5],"texture":"#1"},"west":{"uv":[0.75,0.375,1.125,1.5],"texture":"#1"},"up":{"uv":[0.75,0.375,0.375,0],"texture":"#1"},"down":{"uv":[1.125,0,0.75,0.375],"texture":"#1"}}},{"from":[11,0,10],"to":[14,9,13],"rotation":{"angle":0,"axis":"x","origin":[11.25,9,11.5]},"faces":{"north":{"uv":[0.375,0.375,0.75,1.5],"texture":"#1"},"east":{"uv":[0,0.375,0.375,1.5],"texture":"#1"},"south":{"uv":[1.125,0.375,1.5,1.5],"texture":"#1"},"west":{"uv":[0.75,0.375,1.125,1.5],"texture":"#1"},"up":{"uv":[0.75,0.375,0.375,0],"texture":"#1"},"down":{"uv":[1.125,0,0.75,0.375],"texture":"#1"}}},{"from":[11,11,11],"to":[14,18,13],"rotation":{"angle":0,"axis":"x","origin":[11.25,17,11.5]},"faces":{"north":{"uv":[3,3.5,3.375,4.375],"texture":"#1"},"east":{"uv":[2.75,3.5,3,4.375],"texture":"#1"},"south":{"uv":[3.625,3.5,4,4.375],"texture":"#1"},"west":{"uv":[3.375,3.5,3.625,4.375],"texture":"#1"},"up":{"uv":[3.375,3.5,3,3.25],"texture":"#1"},"down":{"uv":[3.75,3.25,3.375,3.5],"texture":"#1"}}},{"from":[11,17.42702,10.88059],"to":[14,26.42702,12.88059],"rotation":{"angle":22.5,"axis":"x","origin":[12.5,17.92702,11.88059]},"faces":{"north":{"uv":[0.25,3.5,0.625,4.625],"texture":"#1"},"east":{"uv":[0,3.5,0.25,4.625],"texture":"#1"},"south":{"uv":[0.875,3.5,1.25,4.625],"texture":"#1"},"west":{"uv":[0.625,3.5,0.875,4.625],"texture":"#1"},"up":{"uv":[0.625,3.5,0.25,3.25],"texture":"#1"},"down":{"uv":[1,3.25,0.625,3.5],"texture":"#1"}}},{"from":[-14,11,11],"to":[-11,18,13],"rotation":{"angle":0,"axis":"x","origin":[-11.25,17,11.5]},"faces":{"north":{"uv":[3,3.5,3.375,4.375],"texture":"#1"},"east":{"uv":[2.75,3.5,3,4.375],"texture":"#1"},"south":{"uv":[3.625,3.5,4,4.375],"texture":"#1"},"west":{"uv":[3.375,3.5,3.625,4.375],"texture":"#1"},"up":{"uv":[3.375,3.5,3,3.25],"texture":"#1"},"down":{"uv":[3.75,3.25,3.375,3.5],"texture":"#1"}}},{"from":[-14,17.42702,10.88059],"to":[-11,26.42702,12.88059],"rotation":{"angle":22.5,"axis":"x","origin":[-12.5,17.92702,11.88059]},"faces":{"north":{"uv":[0.25,3.5,0.625,4.625],"texture":"#1"},"east":{"uv":[0,3.5,0.25,4.625],"texture":"#1"},"south":{"uv":[0.875,3.5,1.25,4.625],"texture":"#1"},"west":{"uv":[0.625,3.5,0.875,4.625],"texture":"#1"},"up":{"uv":[0.625,3.5,0.25,3.25],"texture":"#1"},"down":{"uv":[1,3.25,0.625,3.5],"texture":"#1"}}},{"from":[-16,18.42702,9.88059],"to":[16,24.42702,11.88059],"rotation":{"angle":22.5,"axis":"x","origin":[13.5,17.92702,12.88059]},"faces":{"north":{"uv":[0.25,5,4.25,5.75],"texture":"#1"},"east":{"uv":[0,5,0.25,5.75],"texture":"#1"},"south":{"uv":[4.5,5,8.5,5.75],"texture":"#1"},"west":{"uv":[4.25,5,4.5,5.75],"texture":"#1"},"up":{"uv":[4.25,5,0.25,4.75],"texture":"#1"},"down":{"uv":[8.25,4.75,4.25,5],"texture":"#1"}}},{"from":[-16,12,10],"to":[16,18,12],"rotation":{"angle":0,"axis":"x","origin":[12.25,17,10.5]},"faces":{"north":{"uv":[0.25,2.375,4.25,3.125],"texture":"#1"},"east":{"uv":[0,2.375,0.25,3.125],"texture":"#1"},"south":{"uv":[4.5,2.375,8.5,3.125],"texture":"#1"},"west":{"uv":[4.25,2.375,4.5,3.125],"texture":"#1"},"up":{"uv":[4.25,2.375,0.25,2.125],"texture":"#1"},"down":{"uv":[8.25,2.125,4.25,2.375],"texture":"#1"}}},{"from":[-14,0,10],"to":[-11,9,13],"rotation":{"angle":0,"axis":"x","origin":[-13.75,9,11.5]},"faces":{"north":{"uv":[0.375,0.375,0.75,1.5],"texture":"#1"},"east":{"uv":[0,0.375,0.375,1.5],"texture":"#1"},"south":{"uv":[1.125,0.375,1.5,1.5],"texture":"#1"},"west":{"uv":[0.75,0.375,1.125,1.5],"texture":"#1"},"up":{"uv":[0.75,0.375,0.375,0],"texture":"#1"},"down":{"uv":[1.125,0,0.75,0.375],"texture":"#1"}}},{"from":[-14,0,1],"to":[-11,9,4],"rotation":{"angle":0,"axis":"x","origin":[-13.75,9,2.5]},"faces":{"north":{"uv":[0.375,0.375,0.75,1.5],"texture":"#1"},"east":{"uv":[0,0.375,0.375,1.5],"texture":"#1"},"south":{"uv":[1.125,0.375,1.5,1.5],"texture":"#1"},"west":{"uv":[0.75,0.375,1.125,1.5],"texture":"#1"},"up":{"uv":[0.75,0.375,0.375,0],"texture":"#1"},"down":{"uv":[1.125,0,0.75,0.375],"texture":"#1"}}},{"from":[-16,9,0],"to":[16,11,14],"rotation":{"angle":0,"axis":"y","origin":[1,3,-1]},"faces":{"north":{"uv":[1.75,1.75,5.75,2],"texture":"#1"},"east":{"uv":[0,1.75,1.75,2],"texture":"#1"},"south":{"uv":[7.5,1.75,11.5,2],"texture":"#1"},"west":{"uv":[5.75,1.75,7.5,2],"texture":"#1"},"up":{"uv":[5.75,1.75,1.75,0],"texture":"#1"},"down":{"uv":[9.75,0,5.75,1.75],"texture":"#1"}}}],"gui_light":"front"}