{"credit":"MadewithBlockbench","texture_size":[64,64],"textures":{"1":"ec_hills_journey:parachute/parachute"},"elements":[{"from":[17.86897,29.30624,-0.18],"to":[23.62897,31.02624,16.18],"rotation":{"angle":-45,"axis":"z","origin":[14.61173,27.45308,7.28]},"faces":{"north":{"uv":[9,4.75,10.5,5.125],"texture":"#1"},"east":{"uv":[8.5,8.5,12.625,8.875],"texture":"#1"},"south":{"uv":[10.5,4.75,9,5.125],"texture":"#1"},"west":{"uv":[0,9,4.125,9.375],"texture":"#1"},"up":{"uv":[1.5,8.375,0,4.25],"texture":"#1"},"down":{"uv":[3,4.25,1.5,8.375],"texture":"#1"}}},{"from":[12.54383,27.38311,-0.18],"to":[18.30383,29.10311,16.18],"rotation":{"angle":-22.5,"axis":"z","origin":[15.28659,25.52995,7.28]},"faces":{"north":{"uv":[9,4.75,10.5,5.125],"texture":"#1"},"east":{"uv":[8.5,8.5,12.625,8.875],"texture":"#1"},"south":{"uv":[10.5,4.75,9,5.125],"texture":"#1"},"west":{"uv":[0,9,4.125,9.375],"texture":"#1"},"up":{"uv":[1.5,8.375,0,4.25],"texture":"#1"},"down":{"uv":[3,4.25,1.5,8.375],"texture":"#1"}}},{"from":[-2.30383,27.38311,-0.18],"to":[3.45617,29.10311,16.18],"rotation":{"angle":22.5,"axis":"z","origin":[0.71341,25.52995,7.28]},"faces":{"north":{"uv":[10.5,4.75,9,5.125],"texture":"#1"},"east":{"uv":[4.125,9,0,9.375],"texture":"#1"},"south":{"uv":[9,4.75,10.5,5.125],"texture":"#1"},"west":{"uv":[12.625,8.5,8.5,8.875],"texture":"#1"},"up":{"uv":[0,8.375,1.5,4.25],"texture":"#1"},"down":{"uv":[1.5,4.25,3,8.375],"texture":"#1"}}},{"from":[-7.62897,29.30624,-0.18],"to":[-1.86897,31.02624,16.18],"rotation":{"angle":45,"axis":"z","origin":[1.38827,27.45308,7.28]},"faces":{"north":{"uv":[10.5,4.75,9,5.125],"texture":"#1"},"east":{"uv":[4.125,9,0,9.375],"texture":"#1"},"south":{"uv":[9,4.75,10.5,5.125],"texture":"#1"},"west":{"uv":[12.625,8.5,8.5,8.875],"texture":"#1"},"up":{"uv":[0,8.375,1.5,4.25],"texture":"#1"},"down":{"uv":[1.5,4.25,3,8.375],"texture":"#1"}}},{"from":[1.88,28.16072,-0.38],"to":[14.12,29.88072,16.38],"rotation":{"angle":0,"axis":"y","origin":[14.61173,27.45308,7.28]},"faces":{"north":{"uv":[12,3.5,9,3.875],"texture":"#1"},"east":{"uv":[0,8.5,4.25,8.875],"texture":"#1"},"south":{"uv":[9,3.5,12,3.875],"texture":"#1"},"west":{"uv":[4.25,8.5,8.5,8.875],"texture":"#1"},"up":{"uv":[3,4.25,0,0],"texture":"#1"},"down":{"uv":[6,0,3,4.25],"texture":"#1"}}},{"from":[10.87,8.66072,7.875],"to":[11.12,29.28072,8.125],"rotation":{"angle":0,"axis":"y","origin":[14.61173,27.45308,6.435]},"faces":{"north":{"uv":[6.75,9,6.875,14.125],"texture":"#1"},"east":{"uv":[7,9,7.125,14.125],"texture":"#1"},"south":{"uv":[7.25,9,7.375,14.125],"texture":"#1"},"west":{"uv":[7.5,9,7.625,14.125],"texture":"#1"},"up":{"uv":[3.875,9.875,3.75,9.75],"texture":"#1"},"down":{"uv":[4.125,9.75,4,9.875],"texture":"#1"}}},{"from":[10.87,2.41072,7.725],"to":[11.37,9.13072,8.275],"rotation":{"angle":0,"axis":"y","origin":[10.495,6.52072,7.75]},"faces":{"north":{"uv":[1.75,9.5,1.875,11.125],"texture":"#1"},"east":{"uv":[2,9.5,2.125,11.125],"texture":"#1"},"south":{"uv":[2.25,9.5,2.375,11.125],"texture":"#1"},"west":{"uv":[2.5,9.5,2.625,11.125],"texture":"#1"},"up":{"uv":[5.375,9.875,5.25,9.75],"texture":"#1"},"down":{"uv":[5.625,9.75,5.5,9.875],"texture":"#1"}}},{"from":[4.63,2.41072,7.725],"to":[5.13,9.13072,8.275],"rotation":{"angle":0,"axis":"y","origin":[5.505,6.52072,7.75]},"faces":{"north":{"uv":[1.875,9.5,1.75,11.125],"texture":"#1"},"east":{"uv":[2.625,9.5,2.5,11.125],"texture":"#1"},"south":{"uv":[2.375,9.5,2.25,11.125],"texture":"#1"},"west":{"uv":[2.125,9.5,2,11.125],"texture":"#1"},"up":{"uv":[5.25,9.875,5.375,9.75],"texture":"#1"},"down":{"uv":[5.5,9.75,5.625,9.875],"texture":"#1"}}},{"from":[4.89761,9.63945,6.625],"to":[11.11761,10.13945,9.375],"rotation":{"angle":0,"axis":"y","origin":[8.50761,7.76445,8]},"faces":{"north":{"uv":[9,8.25,10.5,8.375],"texture":"#1"},"east":{"uv":[9.5,9.25,10.25,9.375],"texture":"#1"},"south":{"uv":[9.5,9,11,9.125],"texture":"#1"},"west":{"uv":[9.5,9.5,10.25,9.625],"texture":"#1"},"up":{"uv":[10.5,4.75,9,4],"texture":"#1"},"down":{"uv":[5.75,9,4.25,9.75],"texture":"#1"}}},{"from":[15.12,8.16072,7.875],"to":[15.37,28.38072,8.125],"rotation":{"angle":-22.5,"axis":"z","origin":[14.995,19.02072,8]},"faces":{"north":{"uv":[7.75,9,7.875,14],"texture":"#1"},"east":{"uv":[8,9,8.125,14],"texture":"#1"},"south":{"uv":[8.25,9,8.375,14],"texture":"#1"},"west":{"uv":[8.5,9,8.625,14],"texture":"#1"},"up":{"uv":[4.375,9.875,4.25,9.75],"texture":"#1"},"down":{"uv":[4.625,9.75,4.5,9.875],"texture":"#1"}}},{"from":[0.63,8.16072,7.875],"to":[0.88,28.38072,8.125],"rotation":{"angle":22.5,"axis":"z","origin":[1.005,19.02072,8]},"faces":{"north":{"uv":[8.75,9,8.875,14],"texture":"#1"},"east":{"uv":[9,9,9.125,14],"texture":"#1"},"south":{"uv":[9.25,9,9.375,14],"texture":"#1"},"west":{"uv":[0,9.5,0.125,14.5],"texture":"#1"},"up":{"uv":[4.875,9.875,4.75,9.75],"texture":"#1"},"down":{"uv":[5.125,9.75,5,9.875],"texture":"#1"}}},{"from":[4.88,8.66072,7.875],"to":[5.13,29.28072,8.125],"rotation":{"angle":0,"axis":"y","origin":[1.38827,27.45308,6.435]},"faces":{"north":{"uv":[5.75,9,5.875,14.125],"texture":"#1"},"east":{"uv":[6,9,6.125,14.125],"texture":"#1"},"south":{"uv":[6.25,9,6.375,14.125],"texture":"#1"},"west":{"uv":[6.5,9,6.625,14.125],"texture":"#1"},"up":{"uv":[3.875,9.625,3.75,9.5],"texture":"#1"},"down":{"uv":[4.125,9.5,4,9.625],"texture":"#1"}}}],"gui_light":"front","display":{"thirdperson_righthand":{"rotation":[31.25,0,0],"translation":[0,-3,-1.5],"scale":[0.44141,0.44141,0.44141]},"thirdperson_lefthand":{"rotation":[31.25,0,0],"translation":[0,-3,-1.5],"scale":[0.44141,0.44141,0.44141]},"firstperson_righthand":{"rotation":[17,0,28],"translation":[1.75,-1.75,-3],"scale":[0.45898,0.45898,0.45898]},"firstperson_lefthand":{"rotation":[17,0,28],"translation":[1.75,-1.75,-3],"scale":[0.45898,0.45898,0.45898]},"ground":{"rotation":[-42,0,0],"translation":[0,0,5.5]},"gui":{"rotation":[24.5,-45.75,0],"translation":[0,-4.5,0],"scale":[0.4668,0.4668,0.4668]},"head":{"rotation":[20.07,-1.03,-1.04],"translation":[0,-32.75,5],"scale":[2.96148,2.96148,2.96148]},"fixed":{"translation":[0,-8.5,-7.25]}}}