{"textures":{"1":"custom:entity/project/texture"},"elements":[{"faces":{"north":{"uv":[6.5,6.75,6.5,7.75],"texture":"#1","tintindex":0},"east":{"uv":[5,6.75,6.5,7.75],"texture":"#1","tintindex":0},"south":{"uv":[8,6.75,8,7.75],"texture":"#1","tintindex":0},"west":{"uv":[6.5,6.75,8,7.75],"texture":"#1","tintindex":0},"up":{"uv":[6.5,6.75,6.5,5.25],"texture":"#1","tintindex":0},"down":{"uv":[6.5,5.25,6.5,6.75],"texture":"#1","tintindex":0}},"to":[5.5,6.28,10.4],"from":[5.5,3.08,5.6],"rotation":{"angle":0,"axis":"z","origin":[5.6,6.2,8]}},{"faces":{"north":{"uv":[6.5,6.75,6.5,7.75],"texture":"#1","tintindex":0},"east":{"uv":[8,6.75,6.5,7.75],"texture":"#1","tintindex":0},"south":{"uv":[8,6.75,8,7.75],"texture":"#1","tintindex":0},"west":{"uv":[6.5,6.75,5,7.75],"texture":"#1","tintindex":0},"up":{"uv":[6.5,6.75,6.5,5.25],"texture":"#1","tintindex":0},"down":{"uv":[6.5,5.25,6.5,6.75],"texture":"#1","tintindex":0}},"to":[10.5,6.28,10.4],"from":[10.5,3.08,5.6],"rotation":{"angle":0,"axis":"z","origin":[10.4,6.2,8]}},{"faces":{"north":{"uv":[5.25,7.75,3.75,7.75],"rotation":180,"texture":"#1","tintindex":0},"east":{"uv":[3.75,7.75,3.75,9.25],"rotation":90,"texture":"#1","tintindex":0},"south":{"uv":[6.75,7.75,5.25,7.75],"texture":"#1","tintindex":0},"west":{"uv":[5.25,7.75,5.25,9.25],"rotation":270,"texture":"#1","tintindex":0},"up":{"uv":[5.25,7.75,6.75,9.25],"texture":"#1","tintindex":0},"down":{"uv":[3.75,7.75,5.25,9.25],"rotation":180,"texture":"#1","tintindex":0}},"to":[10.40697,6.2793,10.4],"from":[5.60697,6.2793,5.6],"rotation":{"angle":0,"axis":"x","origin":[8.00697,4.6793,8]}}],"display":{"head":{"translation":[0,5.6,0],"scale":[4,4,4],"rotation":[0,0,0]}}}